item_id,knowledge_code
1,[42]
2,[77]
3,[42]
4,[79]
5,[48]
6,[20]
7,[89]
8,[260]
9,[41]
10,[79]
11,[169]
12,[21]
13,[79]
14,[203]
15,[79]
16,[50]
17,[89]
18,[79]
19,[214]
20,[273]
21,[473]
22,[34]
23,[384]
24,[185]
25,[64]
26,[76]
27,[13]
28,[305]
29,[188]
30,[104]
31,[273]
32,[107]
33,[136]
34,[89]
35,[13]
36,[69]
37,[74]
38,[374]
39,[90]
40,[79]
41,[15]
42,[74]
43,[55]
44,[57]
45,[79]
46,[8]
47,[193]
48,[150]
49,[68]
50,[90]
51,[277]
52,[359]
53,[386]
54,[44]
55,[248]
56,[40]
57,[40]
58,[304]
59,[121]
60,[25]
61,[466]
62,[234]
63,[68]
64,[227]
65,[104]
66,[389]
67,[401]
68,[45]
69,[142]
70,[140]
71,[277]
72,[269]
73,[196]
74,[44]
75,[72]
76,[9]
77,[107]
78,[423]
79,[198]
80,[228]
81,[120]
82,[396]
83,[44]
84,[21]
85,[161]
86,[13]
87,[268]
88,[55]
89,[121]
90,[142]
91,[152]
92,[79]
93,[165]
94,[97]
95,[4]
96,[246]
97,[142]
98,[326]
99,[140]
100,[127]
101,[375]
102,[116]
103,[284]
104,[206]
105,[103]
106,[108]
107,[228]
108,[131]
109,[233]
110,[98]
111,[79]
112,[378]
113,[197]
114,[78]
115,[179]
116,[241]
117,[297]
118,[39]
119,[65]
120,[9]
121,[13]
122,[465]
123,[50]
124,[133]
125,[142]
126,[107]
127,[144]
128,[327]
129,[277]
130,[45]
131,[79]
132,[42]
133,[293]
134,[44]
135,[9]
136,[193]
137,[104]
138,[44]
139,[152]
140,[399]
141,[293]
142,[117]
143,[4]
144,[93]
145,[401]
146,[211]
147,[206]
148,[79]
149,[34]
150,[79]
151,[466]
152,[457]
153,[369]
154,[96]
155,[177]
156,[79]
157,[246]
158,[283]
159,[153]
160,[193]
161,[13]
162,[217]
163,[171]
164,[152]
165,[175]
166,[98]
167,[78]
168,[104]
169,[410]
170,[148]
171,[274]
172,[303]
173,[52]
174,[75]
175,[45]
176,[13]
177,[150]
178,[45]
179,[42]
180,[21]
181,[457]
182,[392]
183,[457]
184,[153]
185,[92]
186,[96]
187,[107]
188,[44]
189,[273]
190,[381]
191,[148]
192,[262]
193,[239]
194,[213]
195,[197]
196,[98]
197,[48]
198,[100]
199,[234]
200,[214]
201,[108]
202,[89]
203,[359]
204,[41]
205,[74]
206,[290]
207,[291]
208,[107]
209,[146]
210,[93]
211,[412]
212,[299]
213,[27]
214,[352]
215,[45]
216,[403]
217,[50]
218,[384]
219,[214]
220,[331]
221,[104]
222,[132]
223,[10]
224,[13]
225,[1]
226,[105]
227,[9]
228,[34]
229,[47]
230,[42]
231,[161]
232,[104]
233,[456]
234,[193]
235,[148]
236,[148]
237,[165]
238,[105]
239,[457]
240,[167]
241,[52]
242,[64]
243,[160]
244,[381]
245,[84]
246,[41]
247,[9]
248,[9]
249,[170]
250,[157]
251,[168]
252,[21]
253,[3]
254,[148]
255,[3]
256,[155]
257,[153]
258,[103]
259,[21]
260,[412]
261,[327]
262,[175]
263,[77]
264,[91]
265,[424]
266,[44]
267,[148]
268,[105]
269,[229]
270,[42]
271,[64]
272,[425]
273,[475]
274,[357]
275,[21]
276,[9]
277,[198]
278,[105]
279,[109]
280,[453]
281,[126]
282,[376]
283,[148]
284,[165]
285,[85]
286,[181]
287,[79]
288,[160]
289,[273]
290,[71]
291,[218]
292,[153]
293,[8]
294,[319]
295,[161]
296,[400]
297,[44]
298,[178]
299,[474]
300,[47]
301,[90]
302,[161]
303,[13]
304,[471]
305,[9]
306,[110]
307,[373]
308,[37]
309,[66]
310,[13]
311,[65]
312,[458]
313,[151]
314,[178]
315,[104]
316,[386]
317,[7]
318,[44]
319,[117]
320,[117]
321,[71]
322,[192]
323,[232]
324,[166]
325,[34]
326,[90]
327,[153]
328,[4]
329,[243]
330,[20]
331,[25]
332,[12]
333,[148]
334,[170]
335,[4]
336,[50]
337,[108]
338,[473]
339,[121]
340,[89]
341,[113]
342,[63]
343,[476]
344,[104]
345,[158]
346,[9]
347,[475]
348,[105]
349,[214]
350,[50]
351,[374]
352,[369]
353,[108]
354,[157]
355,[77]
356,[9]
357,[225]
358,[432]
359,[354]
360,[148]
361,[17]
362,[290]
363,[317]
364,[73]
365,[104]
366,[156]
367,[408]
368,[189]
369,[383]
370,[44]
371,[78]
372,[455]
373,[44]
374,[78]
375,[103]
376,[13]
377,[381]
378,[42]
379,[268]
380,[71]
381,[79]
382,[160]
383,[119]
384,[77]
385,[12]
386,[384]
387,[3]
388,[273]
389,[44]
390,[12]
391,[124]
392,[327]
393,[4]
394,[42]
395,[233]
396,[432]
397,[75]
398,[242]
399,[150]
400,[213]
401,[151]
402,[42]
403,[64]
404,[359]
405,[451]
406,[76]
407,[153]
408,[177]
409,[203]
410,[21]
411,[239]
412,[59]
413,[157]
414,[21]
415,[376]
416,[326]
417,[185]
418,[66]
419,[9]
420,[376]
421,[153]
422,[286]
423,[6]
424,[408]
425,[9]
426,[275]
427,[44]
428,[103]
429,[153]
430,[370]
431,[39]
432,[21]
433,[42]
434,[71]
435,[51]
436,[178]
437,[39]
438,[319]
439,[68]
440,[55]
441,[44]
442,[170]
443,[389]
444,[13]
445,[328]
446,[105]
447,[9]
448,[151]
449,[89]
450,[303]
451,[75]
452,[125]
453,[107]
454,[42]
455,[26]
456,[194]
457,[40]
458,[45]
459,[383]
460,[21]
461,[68]
462,[423]
463,[359]
464,[117]
465,[132]
466,[159]
467,[308]
468,[42]
469,[20]
470,[48]
471,[359]
472,[107]
473,[42]
474,[42]
475,[20]
476,[48]
477,[75]
478,[52]
479,[165]
480,[243]
481,[48]
482,[20]
483,[460]
484,[384]
485,[319]
486,[167]
487,[61]
488,[172]
489,[149]
490,[50]
491,[39]
492,[42]
493,[369]
494,[149]
495,[242]
496,[255]
497,[23]
498,[121]
499,[351]
500,[260]
501,[118]
502,[107]
503,[216]
504,[97]
505,[465]
506,[44]
507,[92]
508,[60]
509,[45]
510,[395]
511,[50]
512,[24]
513,[116]
514,[195]
515,[147]
516,[242]
517,[177]
518,[286]
519,[361]
520,[148]
521,[369]
522,[39]
523,[98]
524,[97]
525,[71]
526,[19]
527,[276]
528,[50]
529,[79]
530,[396]
531,[153]
532,[319]
533,[89]
534,[39]
535,[394]
536,[45]
537,[89]
538,[6]
539,[259]
540,[353]
541,[79]
542,[44]
543,[70]
544,[153]
545,[50]
546,[211]
547,[255]
548,[361]
549,[1]
550,[127]
551,[48]
552,[102]
553,[39]
554,[74]
555,[114]
556,[381]
557,[212]
558,[79]
559,[172]
560,[239]
561,[315]
562,[153]
563,[41]
564,[42]
565,[374]
566,[142]
567,[459]
568,[131]
569,[45]
570,[108]
571,[202]
572,[61]
573,[273]
574,[427]
575,[160]
576,[74]
577,[42]
578,[77]
579,[149]
580,[26]
581,[222]
582,[233]
583,[84]
584,[18]
585,[34]
586,[299]
587,[13]
588,[63]
589,[64]
590,[194]
591,[44]
592,[432]
593,[114]
594,[211]
595,[277]
596,[65]
597,[79]
598,[126]
599,[44]
600,[107]
601,[259]
602,[66]
603,[192]
604,[108]
605,[158]
606,[153]
607,[35]
608,[359]
609,[470]
610,[79]
611,[9]
612,[49]
613,[214]
614,[13]
615,[52]
616,[128]
617,[79]
618,[236]
619,[471]
620,[73]
621,[218]
622,[471]
623,[383]
624,[13]
625,[168]
626,[108]
627,[142]
628,[89]
629,[107]
630,[116]
631,[357]
632,[301]
633,[357]
634,[89]
635,[105]
636,[229]
637,[107]
638,[125]
639,[326]
640,[104]
641,[299]
642,[105]
643,[50]
644,[77]
645,[13]
646,[235]
647,[374]
648,[26]
649,[105]
650,[79]
651,[418]
652,[45]
653,[204]
654,[101]
655,[111]
656,[264]
657,[242]
658,[48]
659,[344]
660,[4]
661,[415]
662,[44]
663,[181]
664,[89]
665,[247]
666,[432]
667,[374]
668,[42]
669,[115]
670,[219]
671,[277]
672,[142]
673,[130]
674,[154]
675,[89]
676,[159]
677,[56]
678,[374]
679,[22]
680,[50]
681,[165]
682,[79]
683,[398]
684,[233]
685,[107]
686,[42]
687,[39]
688,[386]
689,[44]
690,[44]
691,[153]
692,[78]
693,[16]
694,[357]
695,[34]
696,[153]
697,[475]
698,[35]
699,[108]
700,[232]
701,[89]
702,[158]
703,[124]
704,[116]
705,[24]
706,[233]
707,[40]
708,[215]
709,[193]
710,[90]
711,[104]
712,[71]
713,[409]
714,[213]
715,[183]
716,[394]
717,[148]
718,[106]
719,[369]
720,[474]
721,[98]
722,[132]
723,[44]
724,[49]
725,[153]
726,[123]
727,[68]
728,[407]
729,[50]
730,[352]
731,[50]
732,[153]
733,[273]
734,[299]
735,[273]
736,[335]
737,[40]
738,[71]
739,[68]
740,[111]
741,[89]
742,[296]
743,[50]
744,[100]
745,[399]
746,[189]
747,[383]
748,[304]
749,[89]
750,[423]
751,[116]
752,[58]
753,[85]
754,[272]
755,[353]
756,[320]
757,[68]
758,[354]
759,[372]
760,[104]
761,[154]
762,[105]
763,[301]
764,[233]
765,[3]
766,[20]
767,[118]
768,[44]
769,[236]
770,[368]
771,[235]
772,[42]
773,[471]
774,[77]
775,[89]
776,[66]
777,[167]
778,[105]
779,[149]
780,[334]
781,[114]
782,[192]
783,[369]
784,[136]
785,[116]
786,[13]
787,[277]
788,[106]
789,[49]
790,[381]
791,[40]
792,[367]
793,[41]
794,[96]
795,[13]
796,[117]
797,[34]
798,[13]
799,[132]
800,[213]
801,[13]
802,[14]
803,[168]
804,[172]
805,[148]
806,[194]
807,[104]
808,[25]
809,[110]
810,[160]
811,[32]
812,[434]
813,[427]
814,[90]
815,[79]
816,[72]
817,[439]
818,[85]
819,[169]
820,[270]
821,[74]
822,[20]
823,[75]
824,[33]
825,[471]
826,[42]
827,[265]
828,[45]
829,[89]
830,[42]
831,[42]
832,[65]
833,[179]
834,[90]
835,[44]
836,[357]
837,[299]
838,[13]
839,[105]
840,[21]
841,[13]
842,[412]
843,[141]
844,[153]
845,[456]
846,[193]
847,[277]
848,[131]
849,[64]
850,[42]
851,[123]
852,[71]
853,[68]
854,[233]
855,[299]
856,[33]
857,[181]
858,[242]
859,[13]
860,[315]
861,[45]
862,[13]
863,[50]
864,[215]
865,[177]
866,[9]
867,[369]
868,[63]
869,[51]
870,[181]
871,[159]
872,[47]
873,[355]
874,[23]
875,[76]
876,[422]
877,[178]
878,[220]
879,[104]
880,[79]
881,[104]
882,[398]
883,[344]
884,[74]
885,[327]
886,[104]
887,[242]
888,[79]
889,[59]
890,[75]
891,[79]
892,[3]
893,[372]
894,[79]
895,[14]
896,[426]
897,[148]
898,[50]
899,[20]
900,[179]
901,[352]
902,[111]
903,[193]
904,[21]
905,[367]
906,[215]
907,[419]
908,[79]
909,[117]
910,[79]
911,[377]
912,[214]
913,[440]
914,[424]
915,[108]
916,[13]
917,[47]
918,[8]
919,[152]
920,[376]
921,[68]
922,[49]
923,[42]
924,[338]
925,[213]
926,[156]
927,[291]
928,[180]
929,[76]
930,[344]
931,[33]
932,[71]
933,[359]
934,[181]
935,[49]
936,[117]
937,[408]
938,[124]
939,[417]
940,[9]
941,[386]
942,[111]
943,[79]
944,[85]
945,[284]
946,[16]
947,[418]
948,[364]
949,[60]
950,[334]
951,[369]
952,[204]
953,[149]
954,[42]
955,[321]
956,[148]
957,[471]
958,[233]
959,[381]
960,[215]
961,[101]
962,[344]
963,[234]
964,[58]
965,[104]
966,[40]
967,[319]
968,[22]
969,[64]
970,[72]
971,[13]
972,[247]
973,[152]
974,[370]
975,[110]
976,[50]
977,[123]
978,[103]
979,[79]
980,[152]
981,[21]
982,[170]
983,[239]
984,[443]
985,[15]
986,[386]
987,[77]
988,[241]
989,[8]
990,[290]
991,[383]
992,[160]
993,[9]
994,[111]
995,[123]
996,[74]
997,[340]
998,[214]
999,[118]
1000,[110]
1001,[274]
1002,[172]
1003,[121]
1004,[105]
1005,[238]
1006,[42]
1007,[105]
1008,[148]
1009,[50]
1010,[386]
1011,[195]
1012,[117]
1013,[107]
1014,[79]
1015,[273]
1016,[143]
1017,[193]
1018,[298]
1019,[214]
1020,[66]
1021,[89]
1022,[296]
1023,[152]
1024,[44]
1025,[105]
1026,[108]
1027,[53]
1028,[218]
1029,[1]
1030,[12]
1031,[30]
1032,[141]
1033,[82]
1034,[418]
1035,[42]
1036,[301]
1037,[111]
1038,[188]
1039,[107]
1040,[427]
1041,[369]
1042,[42]
1043,[418]
1044,[214]
1045,[149]
1046,[30]
1047,[193]
1048,[298]
1049,[167]
1050,[193]
1051,[390]
1052,[39]
1053,[104]
1054,[79]
1055,[79]
1056,[9]
1057,[149]
1058,[235]
1059,[56]
1060,[6]
1061,[170]
1062,[73]
1063,[89]
1064,[117]
1065,[78]
1066,[114]
1067,[50]
1068,[245]
1069,[79]
1070,[395]
1071,[9]
1072,[275]
1073,[277]
1074,[203]
1075,[9]
1076,[121]
1077,[13]
1078,[327]
1079,[193]
1080,[44]
1081,[92]
1082,[42]
1083,[443]
1084,[215]
1085,[63]
1086,[374]
1087,[66]
1088,[42]
1089,[26]
1090,[52]
1091,[290]
1092,[259]
1093,[33]
1094,[35]
1095,[214]
1096,[89]
1097,[107]
1098,[115]
1099,[64]
1100,[42]
1101,[132]
1102,[89]
1103,[181]
1104,[152]
1105,[369]
1106,[353]
1107,[242]
1108,[39]
1109,[116]
1110,[471]
1111,[220]
1112,[448]
1113,[79]
1114,[186]
1115,[89]
1116,[120]
1117,[233]
1118,[453]
1119,[34]
1120,[154]
1121,[75]
1122,[16]
1123,[290]
1124,[277]
1125,[383]
1126,[1]
1127,[158]
1128,[77]
1129,[122]
1130,[61]
1131,[341]
1132,[97]
1133,[373]
1134,[35]
1135,[157]
1136,[139]
1137,[77]
1138,[89]
1139,[170]
1140,[13]
1141,[153]
1142,[239]
1143,[79]
1144,[461]
1145,[118]
1146,[33]
1147,[273]
1148,[203]
1149,[27]
1150,[423]
1151,[150]
1152,[394]
1153,[181]
1154,[457]
1155,[73]
1156,[56]
1157,[61]
1158,[66]
1159,[78]
1160,[354]
1161,[68]
1162,[152]
1163,[89]
1164,[441]
1165,[277]
1166,[47]
1167,[152]
1168,[79]
1169,[157]
1170,[117]
1171,[167]
1172,[79]
1173,[79]
1174,[376]
1175,[107]
1176,[313]
1177,[79]
1178,[3]
1179,[104]
1180,[152]
1181,[54]
1182,[260]
1183,[42]
1184,[286]
1185,[153]
1186,[186]
1187,[79]
1188,[71]
1189,[118]
1190,[111]
1191,[6]
1192,[104]
1193,[21]
1194,[90]
1195,[23]
1196,[233]
1197,[247]
1198,[205]
1199,[159]
1200,[88]
1201,[117]
1202,[21]
1203,[42]
1204,[44]
1205,[89]
1206,[178]
1207,[413]
1208,[45]
1209,[83]
1210,[79]
1211,[277]
1212,[105]
1213,[235]
1214,[233]
1215,[42]
1216,[69]
1217,[13]
1218,[376]
1219,[48]
1220,[359]
1221,[90]
1222,[42]
1223,[303]
1224,[466]
1225,[296]
1226,[104]
1227,[141]
1228,[165]
1229,[105]
1230,[40]
1231,[383]
1232,[131]
1233,[42]
1234,[45]
1235,[273]
1236,[140]
1237,[16]
1238,[247]
1239,[233]
1240,[334]
1241,[21]
1242,[59]
1243,[394]
1244,[79]
1245,[279]
1246,[108]
1247,[84]
1248,[90]
1249,[13]
1250,[15]
1251,[290]
1252,[140]
1253,[297]
1254,[297]
1255,[114]
1256,[157]
1257,[42]
1258,[13]
1259,[69]
1260,[21]
1261,[42]
1262,[41]
1263,[49]
1264,[61]
1265,[44]
1266,[44]
1267,[150]
1268,[77]
1269,[45]
1270,[471]
1271,[296]
1272,[247]
1273,[381]
1274,[381]
1275,[121]
1276,[98]
1277,[70]
1278,[130]
1279,[71]
1280,[165]
1281,[376]
1282,[81]
1283,[138]
1284,[275]
1285,[79]
1286,[76]
1287,[478]
1288,[297]
1289,[214]
1290,[74]
1291,[178]
1292,[269]
1293,[238]
1294,[279]
1295,[76]
1296,[61]
1297,[70]
1298,[262]
1299,[296]
1300,[149]
1301,[45]
1302,[153]
1303,[48]
1304,[446]
1305,[71]
1306,[242]
1307,[105]
1308,[364]
1309,[245]
1310,[359]
1311,[181]
1312,[415]
1313,[78]
1314,[369]
1315,[66]
1316,[297]
1317,[42]
1318,[181]
1319,[198]
1320,[13]
1321,[210]
1322,[383]
1323,[42]
1324,[188]
1325,[225]
1326,[166]
1327,[83]
1328,[95]
1329,[25]
1330,[448]
1331,[233]
1332,[34]
1333,[7]
1334,[205]
1335,[386]
1336,[376]
1337,[193]
1338,[21]
1339,[213]
1340,[39]
1341,[389]
1342,[344]
1343,[25]
1344,[153]
1345,[104]
1346,[282]
1347,[159]
1348,[108]
1349,[268]
1350,[64]
1351,[325]
1352,[16]
1353,[198]
1354,[475]
1355,[34]
1356,[79]
1357,[206]
1358,[101]
1359,[356]
1360,[195]
1361,[97]
1362,[85]
1363,[381]
1364,[40]
1365,[105]
1366,[261]
1367,[376]
1368,[79]
1369,[121]
1370,[39]
1371,[55]
1372,[233]
1373,[127]
1374,[1]
1375,[77]
1376,[24]
1377,[89]
1378,[327]
1379,[461]
1380,[21]
1381,[9]
1382,[331]
1383,[389]
1384,[238]
1385,[344]
1386,[461]
1387,[273]
1388,[13]
1389,[44]
1390,[45]
1391,[367]
1392,[44]
1393,[436]
1394,[54]
1395,[89]
1396,[48]
1397,[44]
1398,[20]
1399,[104]
1400,[112]
1401,[19]
1402,[90]
1403,[47]
1404,[40]
1405,[104]
1406,[13]
1407,[79]
1408,[54]
1409,[40]
1410,[385]
1411,[1]
1412,[389]
1413,[242]
1414,[219]
1415,[253]
1416,[217]
1417,[39]
1418,[8]
1419,[68]
1420,[386]
1421,[158]
1422,[420]
1423,[234]
1424,[424]
1425,[97]
1426,[179]
1427,[193]
1428,[44]
1429,[69]
1430,[82]
1431,[132]
1432,[234]
1433,[211]
1434,[9]
1435,[430]
1436,[143]
1437,[277]
1438,[149]
1439,[76]
1440,[388]
1441,[104]
1442,[13]
1443,[233]
1444,[127]
1445,[153]
1446,[172]
1447,[79]
1448,[34]
1449,[84]
1450,[118]
1451,[13]
1452,[42]
1453,[44]
1454,[193]
1455,[277]
1456,[374]
1457,[51]
1458,[44]
1459,[21]
1460,[277]
1461,[207]
1462,[93]
1463,[79]
1464,[464]
1465,[193]
1466,[418]
1467,[115]
1468,[359]
1469,[148]
1470,[50]
1471,[255]
1472,[79]
1473,[27]
1474,[55]
1475,[459]
1476,[400]
1477,[193]
1478,[79]
1479,[248]
1480,[376]
1481,[260]
1482,[291]
1483,[172]
1484,[385]
1485,[42]
1486,[79]
1487,[193]
1488,[423]
1489,[13]
1490,[42]
1491,[8]
1492,[42]
1493,[194]
1494,[195]
1495,[381]
1496,[152]
1497,[9]
1498,[9]
1499,[302]
1500,[331]
1501,[214]
1502,[108]
1503,[241]
1504,[455]
1505,[380]
1506,[104]
1507,[432]
1508,[89]
1509,[152]
1510,[148]
1511,[18]
1512,[381]
1513,[353]
1514,[170]
1515,[165]
1516,[42]
1517,[140]
1518,[79]
1519,[48]
1520,[408]
1521,[44]
1522,[61]
1523,[107]
1524,[258]
1525,[89]
1526,[114]
1527,[47]
1528,[369]
1529,[172]
1530,[165]
1531,[52]
1532,[34]
1533,[118]
1534,[438]
1535,[90]
1536,[141]
1537,[83]
1538,[39]
1539,[26]
1540,[104]
1541,[461]
1542,[97]
1543,[9]
1544,[369]
1545,[48]
1546,[218]
1547,[30]
1548,[423]
1549,[79]
1550,[47]
1551,[302]
1552,[23]
1553,[157]
1554,[247]
1555,[457]
1556,[273]
1557,[41]
1558,[300]
1559,[146]
1560,[9]
1561,[79]
1562,[205]
1563,[59]
1564,[150]
1565,[49]
1566,[79]
1567,[435]
1568,[96]
1569,[331]
1570,[216]
1571,[6]
1572,[297]
1573,[106]
1574,[79]
1575,[381]
1576,[105]
1577,[383]
1578,[265]
1579,[187]
1580,[247]
1581,[6]
1582,[34]
1583,[153]
1584,[383]
1585,[457]
1586,[160]
1587,[42]
1588,[79]
1589,[451]
1590,[89]
1591,[467]
1592,[124]
1593,[410]
1594,[89]
1595,[14]
1596,[235]
1597,[473]
1598,[9]
1599,[192]
1600,[13]
1601,[34]
1602,[16]
1603,[141]
1604,[55]
1605,[48]
1606,[180]
1607,[1]
1608,[10]
1609,[55]
1610,[374]
1611,[291]
1612,[42]
1613,[392]
1614,[165]
1615,[159]
1616,[88]
1617,[54]
1618,[48]
1619,[389]
1620,[79]
1621,[101]
1622,[193]
1623,[471]
1624,[293]
1625,[285]
1626,[45]
1627,[31]
1628,[24]
1629,[121]
1630,[45]
1631,[325]
1632,[369]
1633,[127]
1634,[235]
1635,[79]
1636,[315]
1637,[78]
1638,[277]
1639,[42]
1640,[274]
1641,[359]
1642,[101]
1643,[206]
1644,[9]
1645,[106]
1646,[355]
1647,[13]
1648,[89]
1649,[47]
1650,[42]
1651,[41]
1652,[451]
1653,[213]
1654,[9]
1655,[131]
1656,[299]
1657,[173]
1658,[74]
1659,[79]
1660,[441]
1661,[74]
1662,[12]
1663,[116]
1664,[44]
1665,[294]
1666,[169]
1667,[215]
1668,[303]
1669,[165]
1670,[48]
1671,[90]
1672,[228]
1673,[89]
1674,[117]
1675,[197]
1676,[170]
1677,[96]
1678,[73]
1679,[185]
1680,[70]
1681,[117]
1682,[443]
1683,[293]
1684,[9]
1685,[79]
1686,[208]
1687,[107]
1688,[152]
1689,[71]
1690,[263]
1691,[31]
1692,[210]
1693,[153]
1694,[149]
1695,[195]
1696,[42]
1697,[141]
1698,[300]
1699,[152]
1700,[148]
1701,[299]
1702,[370]
1703,[9]
1704,[89]
1705,[42]
1706,[32]
1707,[71]
1708,[313]
1709,[238]
1710,[86]
1711,[40]
1712,[465]
1713,[270]
1714,[238]
1715,[157]
1716,[299]
1717,[64]
1718,[50]
1719,[206]
1720,[344]
1721,[58]
1722,[103]
1723,[34]
1724,[9]
1725,[214]
1726,[59]
1727,[90]
1728,[104]
1729,[79]
1730,[45]
1731,[170]
1732,[99]
1733,[44]
1734,[34]
1735,[66]
1736,[195]
1737,[61]
1738,[39]
1739,[45]
1740,[275]
1741,[177]
1742,[303]
1743,[193]
1744,[79]
1745,[70]
1746,[39]
1747,[160]
1748,[43]
1749,[76]
1750,[392]
1751,[3]
1752,[384]
1753,[68]
1754,[89]
1755,[177]
1756,[79]
1757,[172]
1758,[118]
1759,[419]
1760,[104]
1761,[203]
1762,[236]
1763,[9]
1764,[156]
1765,[21]
1766,[191]
1767,[461]
1768,[173]
1769,[56]
1770,[44]
1771,[79]
1772,[273]
1773,[149]
1774,[157]
1775,[331]
1776,[291]
1777,[408]
1778,[217]
1779,[77]
1780,[79]
1781,[186]
1782,[460]
1783,[205]
1784,[153]
1785,[369]
1786,[33]
1787,[89]
1788,[24]
1789,[104]
1790,[281]
1791,[374]
1792,[185]
1793,[21]
1794,[381]
1795,[359]
1796,[39]
1797,[470]
1798,[21]
1799,[85]
1800,[461]
1801,[290]
1802,[337]
1803,[471]
1804,[273]
1805,[108]
1806,[382]
1807,[50]
1808,[116]
1809,[79]
1810,[117]
1811,[50]
1812,[246]
1813,[21]
1814,[76]
1815,[106]
1816,[41]
1817,[75]
1818,[96]
1819,[60]
1820,[79]
1821,[127]
1822,[89]
1823,[45]
1824,[197]
1825,[105]
1826,[152]
1827,[369]
1828,[65]
1829,[386]
1830,[290]
1831,[79]
1832,[19]
1833,[272]
1834,[450]
1835,[211]
1836,[117]
1837,[215]
1838,[366]
1839,[105]
1840,[64]
1841,[233]
1842,[475]
1843,[13]
1844,[45]
1845,[383]
1846,[436]
1847,[66]
1848,[37]
1849,[55]
1850,[292]
1851,[389]
1852,[238]
1853,[206]
1854,[377]
1855,[122]
1856,[465]
1857,[61]
1858,[126]
1859,[356]
1860,[203]
1861,[121]
1862,[44]
1863,[193]
1864,[13]
1865,[215]
1866,[181]
1867,[476]
1868,[438]
1869,[274]
1870,[141]
1871,[39]
1872,[54]
1873,[165]
1874,[107]
1875,[148]
1876,[5]
1877,[377]
1878,[160]
1879,[101]
1880,[117]
1881,[96]
1882,[382]
1883,[36]
1884,[217]
1885,[107]
1886,[33]
1887,[193]
1888,[102]
1889,[13]
1890,[44]
1891,[326]
1892,[58]
1893,[108]
1894,[367]
1895,[110]
1896,[64]
1897,[288]
1898,[127]
1899,[69]
1900,[116]
1901,[42]
1902,[129]
1903,[338]
1904,[16]
1905,[60]
1906,[434]
1907,[49]
1908,[22]
1909,[374]
1910,[178]
1911,[100]
1912,[471]
1913,[9]
1914,[26]
1915,[206]
1916,[44]
1917,[181]
1918,[214]
1919,[148]
1920,[79]
1921,[107]
1922,[153]
1923,[298]
1924,[142]
1925,[297]
1926,[104]
1927,[277]
1928,[71]
1929,[83]
1930,[50]
1931,[247]
1932,[70]
1933,[144]
1934,[317]
1935,[269]
1936,[40]
1937,[14]
1938,[132]
1939,[126]
1940,[376]
1941,[369]
1942,[18]
1943,[33]
1944,[1]
1945,[44]
1946,[77]
1947,[165]
1948,[63]
1949,[465]
1950,[359]
1951,[84]
1952,[253]
1953,[213]
1954,[185]
1955,[242]
1956,[90]
1957,[273]
1958,[147]
1959,[91]
1960,[50]
1961,[13]
1962,[292]
1963,[45]
1964,[125]
1965,[132]
1966,[357]
1967,[32]
1968,[358]
1969,[83]
1970,[142]
1971,[41]
1972,[74]
1973,[381]
1974,[293]
1975,[79]
1976,[474]
1977,[197]
1978,[74]
1979,[225]
1980,[132]
1981,[108]
1982,[42]
1983,[197]
1984,[359]
1985,[40]
1986,[74]
1987,[79]
1988,[127]
1989,[40]
1990,[440]
1991,[376]
1992,[9]
1993,[395]
1994,[136]
1995,[42]
1996,[79]
1997,[213]
1998,[89]
1999,[42]
2000,[191]
2001,[195]
2002,[334]
2003,[39]
2004,[33]
2005,[41]
2006,[21]
2007,[45]
2008,[85]
2009,[270]
2010,[369]
2011,[238]
2012,[44]
2013,[21]
2014,[90]
2015,[79]
2016,[45]
2017,[268]
2018,[248]
2019,[216]
2020,[79]
2021,[35]
2022,[76]
2023,[96]
2024,[389]
2025,[21]
2026,[44]
2027,[400]
2028,[63]
2029,[182]
2030,[268]
2031,[215]
2032,[461]
2033,[105]
2034,[413]
2035,[359]
2036,[9]
2037,[47]
2038,[197]
2039,[153]
2040,[42]
2041,[6]
2042,[383]
2043,[178]
2044,[45]
2045,[117]
2046,[104]
2047,[42]
2048,[4]
2049,[74]
2050,[196]
2051,[156]
2052,[471]
2053,[21]
2054,[47]
2055,[92]
2056,[90]
2057,[158]
2058,[66]
2059,[359]
2060,[268]
2061,[206]
2062,[115]
2063,[160]
2064,[79]
2065,[357]
2066,[281]
2067,[215]
2068,[125]
2069,[298]
2070,[8]
2071,[416]
2072,[121]
2073,[293]
2074,[16]
2075,[414]
2076,[192]
2077,[153]
2078,[56]
2079,[188]
2080,[192]
2081,[105]
2082,[79]
2083,[317]
2084,[324]
2085,[242]
2086,[213]
2087,[68]
2088,[152]
2089,[161]
2090,[293]
2091,[173]
2092,[197]
2093,[357]
2094,[346]
2095,[107]
2096,[423]
2097,[215]
2098,[160]
2099,[273]
2100,[158]
2101,[238]
2102,[197]
2103,[3]
2104,[471]
2105,[9]
2106,[260]
2107,[472]
2108,[465]
2109,[474]
2110,[215]
2111,[20]
2112,[277]
2113,[180]
2114,[90]
2115,[385]
2116,[47]
2117,[16]
2118,[138]
2119,[79]
2120,[66]
2121,[359]
2122,[136]
2123,[7]
2124,[452]
2125,[49]
2126,[457]
2127,[173]
2128,[159]
2129,[118]
2130,[369]
2131,[172]
2132,[85]
2133,[132]
2134,[160]
2135,[248]
2136,[413]
2137,[132]
2138,[108]
2139,[55]
2140,[42]
2141,[184]
2142,[115]
2143,[185]
2144,[100]
2145,[325]
2146,[9]
2147,[152]
2148,[104]
2149,[238]
2150,[376]
2151,[404]
2152,[205]
2153,[64]
2154,[106]
2155,[52]
2156,[64]
2157,[50]
2158,[241]
2159,[6]
2160,[9]
2161,[143]
2162,[9]
2163,[461]
2164,[277]
2165,[314]
2166,[20]
2167,[97]
2168,[50]
2169,[26]
2170,[166]
2171,[219]
2172,[104]
2173,[140]
2174,[142]
2175,[49]
2176,[21]
2177,[331]
2178,[25]
2179,[91]
2180,[121]
2181,[455]
2182,[108]
2183,[105]
2184,[216]
2185,[44]
2186,[41]
2187,[50]
2188,[305]
2189,[37]
2190,[13]
2191,[104]
2192,[42]
2193,[32]
2194,[130]
2195,[79]
2196,[454]
2197,[344]
2198,[109]
2199,[148]
2200,[193]
2201,[79]
2202,[89]
2203,[108]
2204,[74]
2205,[471]
2206,[117]
2207,[178]
2208,[281]
2209,[153]
2210,[324]
2211,[75]
2212,[308]
2213,[61]
2214,[299]
2215,[89]
2216,[66]
2217,[68]
2218,[13]
2219,[158]
2220,[233]
2221,[79]
2222,[465]
2223,[345]
2224,[400]
2225,[9]
2226,[79]
2227,[117]
2228,[21]
2229,[118]
2230,[238]
2231,[89]
2232,[37]
2233,[415]
2234,[247]
2235,[151]
2236,[114]
2237,[423]
2238,[64]
2239,[78]
2240,[65]
2241,[221]
2242,[377]
2243,[215]
2244,[342]
2245,[457]
2246,[205]
2247,[248]
2248,[104]
2249,[13]
2250,[111]
2251,[89]
2252,[104]
2253,[79]
2254,[214]
2255,[166]
2256,[117]
2257,[208]
2258,[142]
2259,[123]
2260,[198]
2261,[64]
2262,[96]
2263,[84]
2264,[374]
2265,[70]
2266,[369]
2267,[151]
2268,[89]
2269,[58]
2270,[170]
2271,[149]
2272,[139]
2273,[31]
2274,[58]
2275,[9]
2276,[471]
2277,[116]
2278,[150]
2279,[45]
2280,[265]
2281,[214]
2282,[6]
2283,[157]
2284,[150]
2285,[153]
2286,[374]
2287,[66]
2288,[48]
2289,[130]
2290,[12]
2291,[386]
2292,[34]
2293,[104]
2294,[234]
2295,[193]
2296,[251]
2297,[331]
2298,[117]
2299,[43]
2300,[357]
2301,[170]
2302,[277]
2303,[2]
2304,[33]
2305,[104]
2306,[79]
2307,[104]
2308,[172]
2309,[3]
2310,[42]
2311,[38]
2312,[163]
2313,[50]
2314,[13]
2315,[246]
2316,[89]
2317,[198]
2318,[366]
2319,[266]
2320,[79]
2321,[280]
2322,[205]
2323,[9]
2324,[173]
2325,[383]
2326,[207]
2327,[63]
2328,[299]
2329,[118]
2330,[376]
2331,[90]
2332,[357]
2333,[233]
2334,[275]
2335,[188]
2336,[389]
2337,[105]
2338,[148]
2339,[331]
2340,[45]
2341,[9]
2342,[392]
2343,[354]
2344,[25]
2345,[450]
2346,[77]
2347,[31]
2348,[248]
2349,[18]
2350,[79]
2351,[149]
2352,[90]
2353,[240]
2354,[48]
2355,[104]
2356,[117]
2357,[44]
2358,[107]
2359,[213]
2360,[79]
2361,[120]
2362,[42]
2363,[44]
2364,[58]
2365,[42]
2366,[101]
2367,[153]
2368,[196]
2369,[68]
2370,[170]
2371,[41]
2372,[97]
2373,[299]
2374,[142]
2375,[79]
2376,[193]
2377,[40]
2378,[107]
2379,[75]
2380,[188]
2381,[349]
2382,[105]
2383,[113]
2384,[122]
2385,[161]
2386,[194]
2387,[50]
2388,[76]
2389,[34]
2390,[152]
2391,[47]
2392,[471]
2393,[148]
2394,[13]
2395,[66]
2396,[369]
2397,[181]
2398,[167]
2399,[115]
2400,[148]
2401,[9]
2402,[401]
2403,[39]
2404,[148]
2405,[193]
2406,[45]
2407,[467]
2408,[21]
2409,[291]
2410,[153]
2411,[268]
2412,[248]
2413,[369]
2414,[205]
2415,[108]
2416,[104]
2417,[377]
2418,[55]
2419,[451]
2420,[47]
2421,[75]
2422,[352]
2423,[440]
2424,[109]
2425,[117]
2426,[262]
2427,[33]
2428,[131]
2429,[21]
2430,[273]
2431,[390]
2432,[403]
2433,[44]
2434,[273]
2435,[44]
2436,[21]
2437,[90]
2438,[117]
2439,[104]
2440,[214]
2441,[35]
2442,[153]
2443,[383]
2444,[89]
2445,[299]
2446,[42]
2447,[136]
2448,[89]
2449,[49]
2450,[359]
2451,[386]
2452,[220]
2453,[364]
2454,[194]
2455,[243]
2456,[42]
2457,[89]
2458,[180]
2459,[139]
2460,[97]
2461,[363]
2462,[438]
2463,[241]
2464,[117]
2465,[150]
2466,[104]
2467,[438]
2468,[102]
2469,[348]
2470,[126]
2471,[66]
2472,[304]
2473,[412]
2474,[89]
2475,[73]
2476,[104]
2477,[457]
2478,[110]
2479,[179]
2480,[242]
2481,[89]
2482,[79]
2483,[200]
2484,[180]
2485,[3]
2486,[39]
2487,[193]
2488,[230]
2489,[66]
2490,[77]
2491,[353]
2492,[42]
2493,[45]
2494,[186]
2495,[381]
2496,[74]
2497,[79]
2498,[357]
2499,[215]
2500,[180]
2501,[238]
2502,[21]
2503,[47]
2504,[125]
2505,[126]
2506,[110]
2507,[60]
2508,[309]
2509,[206]
2510,[79]
2511,[328]
2512,[240]
2513,[75]
2514,[238]
2515,[79]
2516,[104]
2517,[92]
2518,[70]
2519,[23]
2520,[461]
2521,[79]
2522,[381]
2523,[76]
2524,[408]
2525,[428]
2526,[40]
2527,[458]
2528,[465]
2529,[13]
2530,[424]
2531,[213]
2532,[89]
2533,[166]
2534,[456]
2535,[140]
2536,[297]
2537,[471]
2538,[381]
2539,[71]
2540,[19]
2541,[14]
2542,[323]
2543,[1]
2544,[371]
2545,[167]
2546,[359]
2547,[42]
2548,[172]
2549,[66]
2550,[247]
2551,[213]
2552,[290]
2553,[153]
2554,[243]
2555,[89]
2556,[304]
2557,[165]
2558,[263]
2559,[56]
2560,[73]
2561,[117]
2562,[68]
2563,[139]
2564,[185]
2565,[471]
2566,[89]
2567,[13]
2568,[273]
2569,[437]
2570,[89]
2571,[52]
2572,[197]
2573,[42]
2574,[242]
2575,[403]
2576,[117]
2577,[45]
2578,[167]
2579,[152]
2580,[217]
2581,[233]
2582,[79]
2583,[6]
2584,[50]
2585,[457]
2586,[212]
2587,[101]
2588,[9]
2589,[85]
2590,[337]
2591,[155]
2592,[465]
2593,[89]
2594,[466]
2595,[183]
2596,[89]
2597,[141]
2598,[86]
2599,[111]
2600,[153]
2601,[21]
2602,[152]
2603,[214]
2604,[266]
2605,[105]
2606,[42]
2607,[13]
2608,[147]
2609,[139]
2610,[457]
2611,[369]
2612,[111]
2613,[101]
2614,[193]
2615,[89]
2616,[195]
2617,[111]
2618,[158]
2619,[42]
2620,[163]
2621,[101]
2622,[269]
2623,[44]
2624,[104]
2625,[44]
2626,[325]
2627,[89]
2628,[47]
2629,[79]
2630,[79]
2631,[193]
2632,[165]
2633,[82]
2634,[6]
2635,[149]
2636,[13]
2637,[49]
2638,[185]
2639,[40]
2640,[367]
2641,[214]
2642,[126]
2643,[71]
2644,[79]
2645,[353]
2646,[179]
2647,[79]
2648,[32]
2649,[104]
2650,[97]
2651,[55]
2652,[104]
2653,[104]
2654,[357]
2655,[103]
2656,[277]
2657,[71]
2658,[357]
2659,[116]
2660,[23]
2661,[273]
2662,[110]
2663,[359]
2664,[268]
2665,[79]
2666,[117]
2667,[101]
2668,[359]
2669,[242]
2670,[403]
2671,[104]
2672,[160]
2673,[79]
2674,[47]
2675,[380]
2676,[160]
2677,[216]
2678,[90]
2679,[79]
2680,[104]
2681,[447]
2682,[153]
2683,[172]
2684,[35]
2685,[33]
2686,[127]
2687,[170]
2688,[16]
2689,[382]
2690,[76]
2691,[79]
2692,[116]
2693,[68]
2694,[170]
2695,[60]
2696,[34]
2697,[79]
2698,[71]
2699,[103]
2700,[44]
2701,[478]
2702,[210]
2703,[435]
2704,[79]
2705,[262]
2706,[219]
2707,[47]
2708,[89]
2709,[424]
2710,[14]
2711,[138]
2712,[24]
2713,[42]
2714,[44]
2715,[396]
2716,[106]
2717,[438]
2718,[97]
2719,[452]
2720,[179]
2721,[42]
2722,[370]
2723,[90]
2724,[203]
2725,[172]
2726,[45]
2727,[242]
2728,[50]
2729,[42]
2730,[465]
2731,[474]
2732,[42]
2733,[362]
2734,[451]
2735,[42]
2736,[41]
2737,[100]
2738,[182]
2739,[473]
2740,[262]
2741,[383]
2742,[89]
2743,[152]
2744,[304]
2745,[47]
2746,[56]
2747,[50]
2748,[74]
2749,[44]
2750,[41]
2751,[357]
2752,[70]
2753,[273]
2754,[198]
2755,[211]
2756,[273]
2757,[89]
2758,[127]
2759,[276]
2760,[9]
2761,[142]
2762,[13]
2763,[473]
2764,[89]
2765,[22]
2766,[380]
2767,[277]
2768,[33]
2769,[137]
2770,[400]
2771,[68]
2772,[198]
2773,[114]
2774,[13]
2775,[275]
2776,[122]
2777,[178]
2778,[417]
2779,[293]
2780,[42]
2781,[173]
2782,[421]
2783,[255]
2784,[79]
2785,[327]
2786,[83]
2787,[160]
2788,[148]
2789,[358]
2790,[452]
2791,[39]
2792,[202]
2793,[42]
2794,[44]
2795,[259]
2796,[114]
2797,[37]
2798,[149]
2799,[153]
2800,[117]
2801,[248]
2802,[273]
2803,[193]
2804,[282]
2805,[130]
2806,[4]
2807,[214]
2808,[108]
2809,[79]
2810,[51]
2811,[96]
2812,[20]
2813,[153]
2814,[89]
2815,[385]
2816,[122]
2817,[112]
2818,[79]
2819,[55]
2820,[357]
2821,[21]
2822,[89]
2823,[273]
2824,[383]
2825,[239]
2826,[104]
2827,[146]
2828,[44]
2829,[21]
2830,[79]
2831,[84]
2832,[3]
2833,[104]
2834,[165]
2835,[13]
2836,[74]
2837,[114]
2838,[450]
2839,[117]
2840,[44]
2841,[475]
2842,[13]
2843,[310]
2844,[157]
2845,[146]
2846,[97]
2847,[233]
2848,[111]
2849,[298]
2850,[41]
2851,[64]
2852,[75]
2853,[273]
2854,[273]
2855,[153]
2856,[395]
2857,[44]
2858,[471]
2859,[169]
2860,[21]
2861,[79]
2862,[126]
2863,[42]
2864,[9]
2865,[213]
2866,[269]
2867,[79]
2868,[104]
2869,[161]
2870,[60]
2871,[9]
2872,[435]
2873,[159]
2874,[374]
2875,[152]
2876,[16]
2877,[118]
2878,[9]
2879,[220]
2880,[42]
2881,[31]
2882,[98]
2883,[79]
2884,[389]
2885,[79]
2886,[107]
2887,[185]
2888,[234]
2889,[109]
2890,[299]
2891,[273]
2892,[108]
2893,[193]
2894,[212]
2895,[361]
2896,[9]
2897,[319]
2898,[66]
2899,[178]
2900,[71]
2901,[216]
2902,[63]
2903,[42]
2904,[275]
2905,[168]
2906,[3]
2907,[178]
2908,[197]
2909,[156]
2910,[68]
2911,[149]
2912,[9]
2913,[64]
2914,[44]
2915,[42]
2916,[66]
2917,[18]
2918,[401]
2919,[319]
2920,[216]
2921,[152]
2922,[48]
2923,[44]
2924,[142]
2925,[35]
2926,[461]
2927,[412]
2928,[116]
2929,[124]
2930,[277]
2931,[247]
2932,[106]
2933,[193]
2934,[241]
2935,[50]
2936,[63]
2937,[52]
2938,[15]
2939,[281]
2940,[222]
2941,[181]
2942,[319]
2943,[88]
2944,[74]
2945,[385]
2946,[158]
2947,[44]
2948,[172]
2949,[275]
2950,[178]
2951,[400]
2952,[207]
2953,[70]
2954,[49]
2955,[213]
2956,[60]
2957,[79]
2958,[443]
2959,[369]
2960,[90]
2961,[214]
2962,[317]
2963,[175]
2964,[132]
2965,[149]
2966,[353]
2967,[424]
2968,[222]
2969,[118]
2970,[158]
2971,[277]
2972,[89]
2973,[359]
2974,[196]
2975,[49]
2976,[42]
2977,[365]
2978,[301]
2979,[377]
2980,[41]
2981,[9]
2982,[2]
2983,[381]
2984,[78]
2985,[140]
2986,[50]
2987,[24]
2988,[170]
2989,[432]
2990,[157]
2991,[457]
2992,[110]
2993,[49]
2994,[290]
2995,[325]
2996,[272]
2997,[21]
2998,[131]
2999,[90]
3000,[366]
3001,[359]
3002,[118]
3003,[44]
3004,[424]
3005,[18]
3006,[117]
3007,[45]
3008,[443]
3009,[105]
3010,[9]
3011,[156]
3012,[321]
3013,[79]
3014,[44]
3015,[9]
3016,[40]
3017,[161]
3018,[116]
3019,[50]
3020,[76]
3021,[153]
3022,[73]
3023,[235]
3024,[13]
3025,[79]
3026,[363]
3027,[215]
3028,[152]
3029,[45]
3030,[48]
3031,[79]
3032,[68]
3033,[89]
3034,[123]
3035,[436]
3036,[297]
3037,[193]
3038,[438]
3039,[71]
3040,[156]
3041,[234]
3042,[12]
3043,[277]
3044,[16]
3045,[21]
3046,[290]
3047,[109]
3048,[66]
3049,[79]
3050,[228]
3051,[104]
3052,[273]
3053,[436]
3054,[369]
3055,[229]
3056,[71]
3057,[263]
3058,[21]
3059,[13]
3060,[238]
3061,[266]
3062,[42]
3063,[18]
3064,[55]
3065,[167]
3066,[142]
3067,[98]
3068,[267]
3069,[55]
3070,[79]
3071,[19]
3072,[344]
3073,[34]
3074,[116]
3075,[319]
3076,[401]
3077,[21]
3078,[9]
3079,[403]
3080,[320]
3081,[293]
3082,[170]
3083,[148]
3084,[75]
3085,[98]
3086,[383]
3087,[152]
3088,[89]
3089,[206]
3090,[166]
3091,[104]
3092,[42]
3093,[54]
3094,[89]
3095,[186]
3096,[14]
3097,[79]
3098,[105]
3099,[215]
3100,[193]
3101,[317]
3102,[273]
3103,[422]
3104,[318]
3105,[161]
3106,[397]
3107,[148]
3108,[3]
3109,[471]
3110,[90]
3111,[90]
3112,[185]
3113,[13]
3114,[13]
3115,[50]
3116,[326]
3117,[79]
3118,[284]
3119,[136]
3120,[364]
3121,[66]
3122,[42]
3123,[48]
3124,[161]
3125,[117]
3126,[156]
3127,[181]
3128,[198]
3129,[42]
3130,[49]
3131,[214]
3132,[105]
3133,[148]
3134,[325]
3135,[381]
3136,[117]
3137,[193]
3138,[238]
3139,[90]
3140,[206]
3141,[45]
3142,[53]
3143,[152]
3144,[83]
3145,[453]
3146,[446]
3147,[426]
3148,[228]
3149,[162]
3150,[40]
3151,[325]
3152,[127]
3153,[8]
3154,[79]
3155,[359]
3156,[238]
3157,[381]
3158,[424]
3159,[141]
3160,[65]
3161,[143]
3162,[103]
3163,[83]
3164,[6]
3165,[76]
3166,[156]
3167,[128]
3168,[79]
3169,[35]
3170,[381]
3171,[73]
3172,[113]
3173,[104]
3174,[213]
3175,[432]
3176,[36]
3177,[64]
3178,[186]
3179,[452]
3180,[128]
3181,[13]
3182,[118]
3183,[383]
3184,[153]
3185,[361]
3186,[90]
3187,[292]
3188,[79]
3189,[23]
3190,[315]
3191,[318]
3192,[13]
3193,[105]
3194,[61]
3195,[42]
3196,[149]
3197,[83]
3198,[79]
3199,[50]
3200,[116]
3201,[180]
3202,[73]
3203,[91]
3204,[412]
3205,[197]
3206,[452]
3207,[20]
3208,[275]
3209,[357]
3210,[215]
3211,[40]
3212,[153]
3213,[115]
3214,[64]
3215,[41]
3216,[172]
3217,[104]
3218,[187]
3219,[165]
3220,[108]
3221,[71]
3222,[159]
3223,[13]
3224,[354]
3225,[326]
3226,[383]
3227,[93]
3228,[55]
3229,[45]
3230,[140]
3231,[148]
3232,[240]
3233,[378]
3234,[118]
3235,[45]
3236,[68]
3237,[13]
3238,[63]
3239,[49]
3240,[83]
3241,[275]
3242,[4]
3243,[79]
3244,[161]
3245,[50]
3246,[439]
3247,[165]
3248,[385]
3249,[450]
3250,[23]
3251,[369]
3252,[376]
3253,[117]
3254,[127]
3255,[114]
3256,[107]
3257,[259]
3258,[233]
3259,[437]
3260,[13]
3261,[41]
3262,[377]
3263,[238]
3264,[143]
3265,[121]
3266,[207]
3267,[357]
3268,[263]
3269,[13]
3270,[89]
3271,[423]
3272,[390]
3273,[9]
3274,[127]
3275,[9]
3276,[79]
3277,[463]
3278,[74]
3279,[359]
3280,[290]
3281,[79]
3282,[277]
3283,[83]
3284,[170]
3285,[104]
3286,[104]
3287,[31]
3288,[79]
3289,[456]
3290,[45]
3291,[104]
3292,[101]
3293,[45]
3294,[280]
3295,[151]
3296,[64]
3297,[471]
3298,[248]
3299,[461]
3300,[277]
3301,[33]
3302,[217]
3303,[359]
3304,[107]
3305,[40]
3306,[9]
3307,[357]
3308,[61]
3309,[299]
3310,[369]
3311,[166]
3312,[44]
3313,[112]
3314,[76]
3315,[8]
3316,[321]
3317,[432]
3318,[424]
3319,[70]
3320,[344]
3321,[66]
3322,[96]
3323,[125]
3324,[79]
3325,[424]
3326,[273]
3327,[116]
3328,[147]
3329,[131]
3330,[246]
3331,[79]
3332,[107]
3333,[359]
3334,[467]
3335,[26]
3336,[357]
3337,[64]
3338,[111]
3339,[261]
3340,[311]
3341,[273]
3342,[89]
3343,[381]
3344,[68]
3345,[213]
3346,[89]
3347,[189]
3348,[277]
3349,[16]
3350,[273]
3351,[42]
3352,[121]
3353,[74]
3354,[383]
3355,[3]
3356,[158]
3357,[79]
3358,[34]
3359,[275]
3360,[77]
3361,[116]
3362,[461]
3363,[268]
3364,[13]
3365,[98]
3366,[213]
3367,[123]
3368,[20]
3369,[142]
3370,[382]
3371,[89]
3372,[40]
3373,[461]
3374,[40]
3375,[90]
3376,[194]
3377,[79]
3378,[107]
3379,[116]
3380,[471]
3381,[293]
3382,[235]
3383,[472]
3384,[175]
3385,[383]
3386,[153]
3387,[9]
3388,[389]
3389,[451]
3390,[3]
3391,[386]
3392,[79]
3393,[198]
3394,[16]
3395,[78]
3396,[165]
3397,[77]
3398,[149]
3399,[319]
3400,[8]
3401,[21]
3402,[79]
3403,[177]
3404,[21]
3405,[107]
3406,[42]
3407,[54]
3408,[76]
3409,[21]
3410,[98]
3411,[41]
3412,[14]
3413,[148]
3414,[235]
3415,[3]
3416,[71]
3417,[409]
3418,[154]
3419,[374]
3420,[247]
3421,[13]
3422,[105]
3423,[98]
3424,[45]
3425,[8]
3426,[79]
3427,[170]
3428,[42]
3429,[88]
3430,[427]
3431,[326]
3432,[117]
3433,[42]
3434,[50]
3435,[408]
3436,[148]
3437,[326]
3438,[44]
3439,[233]
3440,[410]
3441,[168]
3442,[107]
3443,[117]
3444,[161]
3445,[126]
3446,[277]
3447,[182]
3448,[235]
3449,[44]
3450,[317]
3451,[33]
3452,[104]
3453,[60]
3454,[315]
3455,[392]
3456,[376]
3457,[381]
3458,[303]
3459,[100]
3460,[149]
3461,[79]
3462,[376]
3463,[170]
3464,[98]
3465,[115]
3466,[326]
3467,[47]
3468,[193]
3469,[40]
3470,[72]
3471,[107]
3472,[238]
3473,[44]
3474,[90]
3475,[359]
3476,[104]
3477,[89]
3478,[12]
3479,[33]
3480,[49]
3481,[304]
3482,[79]
3483,[158]
3484,[98]
3485,[121]
3486,[13]
3487,[35]
3488,[369]
3489,[35]
3490,[369]
3491,[91]
3492,[110]
3493,[45]
3494,[50]
3495,[262]
3496,[152]
3497,[21]
3498,[108]
3499,[170]
3500,[124]
3501,[41]
3502,[89]
3503,[294]
3504,[104]
3505,[241]
3506,[168]
3507,[273]
3508,[369]
3509,[239]
3510,[104]
3511,[394]
3512,[180]
3513,[153]
3514,[90]
3515,[12]
3516,[356]
3517,[247]
3518,[158]
3519,[152]
3520,[13]
3521,[214]
3522,[184]
3523,[89]
3524,[198]
3525,[15]
3526,[107]
3527,[161]
3528,[89]
3529,[179]
3530,[56]
3531,[212]
3532,[461]
3533,[40]
3534,[79]
3535,[369]
3536,[196]
3537,[374]
3538,[197]
3539,[149]
3540,[20]
3541,[277]
3542,[398]
3543,[259]
3544,[58]
3545,[279]
3546,[14]
3547,[315]
3548,[185]
3549,[132]
3550,[293]
3551,[114]
3552,[71]
3553,[21]
3554,[403]
3555,[75]
3556,[74]
3557,[65]
3558,[48]
3559,[189]
3560,[9]
3561,[84]
3562,[193]
3563,[317]
3564,[215]
3565,[374]
3566,[257]
3567,[15]
3568,[273]
3569,[71]
3570,[406]
3571,[211]
3572,[273]
3573,[228]
3574,[42]
3575,[358]
3576,[451]
3577,[383]
3578,[277]
3579,[303]
3580,[247]
3581,[435]
3582,[299]
3583,[301]
3584,[275]
3585,[305]
3586,[66]
3587,[42]
3588,[293]
3589,[9]
3590,[116]
3591,[79]
3592,[335]
3593,[165]
3594,[44]
3595,[450]
3596,[433]
3597,[107]
3598,[148]
3599,[13]
3600,[102]
3601,[181]
3602,[42]
3603,[48]
3604,[44]
3605,[79]
3606,[266]
3607,[20]
3608,[32]
3609,[457]
3610,[18]
3611,[395]
3612,[153]
3613,[193]
3614,[7]
3615,[359]
3616,[159]
3617,[297]
3618,[377]
3619,[49]
3620,[9]
3621,[209]
3622,[369]
3623,[79]
3624,[277]
3625,[16]
3626,[198]
3627,[105]
3628,[475]
3629,[9]
3630,[172]
3631,[315]
3632,[326]
3633,[42]
3634,[236]
3635,[79]
3636,[290]
3637,[89]
3638,[74]
3639,[435]
3640,[8]
3641,[374]
3642,[44]
3643,[13]
3644,[408]
3645,[473]
3646,[399]
3647,[44]
3648,[359]
3649,[150]
3650,[290]
3651,[44]
3652,[48]
3653,[195]
3654,[170]
3655,[98]
3656,[242]
3657,[127]
3658,[161]
3659,[127]
3660,[79]
3661,[214]
3662,[359]
3663,[376]
3664,[101]
3665,[193]
3666,[65]
3667,[195]
3668,[216]
3669,[40]
3670,[290]
3671,[41]
3672,[136]
3673,[242]
3674,[89]
3675,[31]
3676,[277]
3677,[116]
3678,[79]
3679,[79]
3680,[194]
3681,[215]
3682,[40]
3683,[79]
3684,[273]
3685,[89]
3686,[79]
3687,[9]
3688,[104]
3689,[127]
3690,[39]
3691,[84]
3692,[24]
3693,[153]
3694,[479]
3695,[8]
3696,[83]
3697,[13]
3698,[89]
3699,[59]
3700,[97]
3701,[414]
3702,[9]
3703,[89]
3704,[195]
3705,[197]
3706,[79]
3707,[130]
3708,[350]
3709,[170]
3710,[152]
3711,[166]
3712,[268]
3713,[35]
3714,[206]
3715,[106]
3716,[457]
3717,[45]
3718,[186]
3719,[457]
3720,[302]
3721,[277]
3722,[374]
3723,[435]
3724,[9]
3725,[132]
3726,[21]
3727,[44]
3728,[21]
3729,[376]
3730,[171]
3731,[3]
3732,[75]
3733,[39]
3734,[34]
3735,[453]
3736,[84]
3737,[9]
3738,[335]
3739,[39]
3740,[87]
3741,[89]
3742,[435]
3743,[222]
3744,[50]
3745,[181]
3746,[358]
3747,[15]
3748,[79]
3749,[149]
3750,[207]
3751,[252]
3752,[48]
3753,[79]
3754,[71]
3755,[277]
3756,[406]
3757,[126]
3758,[150]
3759,[234]
3760,[75]
3761,[131]
3762,[79]
3763,[79]
3764,[181]
3765,[106]
3766,[74]
3767,[213]
3768,[42]
3769,[359]
3770,[369]
3771,[369]
3772,[408]
3773,[31]
3774,[240]
3775,[202]
3776,[422]
3777,[160]
3778,[123]
3779,[457]
3780,[462]
3781,[87]
3782,[44]
3783,[158]
3784,[16]
3785,[181]
3786,[118]
3787,[353]
3788,[66]
3789,[214]
3790,[237]
3791,[425]
3792,[9]
3793,[53]
3794,[31]
3795,[214]
3796,[40]
3797,[50]
3798,[44]
3799,[383]
3800,[165]
3801,[153]
3802,[79]
3803,[107]
3804,[357]
3805,[215]
3806,[92]
3807,[89]
3808,[73]
3809,[369]
3810,[89]
3811,[79]
3812,[392]
3813,[55]
3814,[89]
3815,[233]
3816,[39]
3817,[45]
3818,[89]
3819,[45]
3820,[274]
3821,[74]
3822,[101]
3823,[9]
3824,[20]
3825,[89]
3826,[370]
3827,[217]
3828,[42]
3829,[74]
3830,[434]
3831,[114]
3832,[344]
3833,[118]
3834,[90]
3835,[40]
3836,[262]
3837,[79]
3838,[152]
3839,[361]
3840,[13]
3841,[79]
3842,[400]
3843,[153]
3844,[27]
3845,[160]
3846,[98]
3847,[170]
3848,[44]
3849,[104]
3850,[369]
3851,[39]
3852,[108]
3853,[48]
3854,[285]
3855,[79]
3856,[296]
3857,[21]
3858,[49]
3859,[23]
3860,[194]
3861,[384]
3862,[40]
3863,[79]
3864,[369]
3865,[167]
3866,[44]
3867,[145]
3868,[9]
3869,[297]
3870,[114]
3871,[42]
3872,[285]
3873,[89]
3874,[341]
3875,[104]
3876,[356]
3877,[359]
3878,[73]
3879,[110]
3880,[215]
3881,[408]
3882,[325]
3883,[105]
3884,[42]
3885,[73]
3886,[369]
3887,[161]
3888,[50]
3889,[153]
3890,[9]
3891,[5]
3892,[71]
3893,[73]
3894,[170]
3895,[433]
3896,[193]
3897,[338]
3898,[471]
3899,[44]
3900,[26]
3901,[179]
3902,[242]
3903,[269]
3904,[39]
3905,[42]
3906,[141]
3907,[158]
3908,[431]
3909,[90]
3910,[33]
3911,[240]
3912,[118]
3913,[476]
3914,[211]
3915,[68]
3916,[197]
3917,[381]
3918,[3]
3919,[357]
3920,[273]
3921,[42]
3922,[197]
3923,[14]
3924,[228]
3925,[79]
3926,[277]
3927,[42]
3928,[48]
3929,[233]
3930,[80]
3931,[412]
3932,[288]
3933,[408]
3934,[420]
3935,[381]
3936,[108]
3937,[292]
3938,[13]
3939,[50]
3940,[198]
3941,[74]
3942,[351]
3943,[59]
3944,[50]
3945,[275]
3946,[68]
3947,[103]
3948,[196]
3949,[142]
3950,[79]
3951,[357]
3952,[383]
3953,[154]
3954,[79]
3955,[7]
3956,[301]
3957,[104]
3958,[68]
3959,[167]
3960,[72]
3961,[381]
3962,[381]
3963,[297]
3964,[349]
3965,[233]
3966,[103]
3967,[27]
3968,[45]
3969,[127]
3970,[107]
3971,[112]
3972,[148]
3973,[167]
3974,[396]
3975,[140]
3976,[357]
3977,[277]
3978,[359]
3979,[108]
3980,[165]
3981,[153]
3982,[229]
3983,[141]
3984,[341]
3985,[277]
3986,[90]
3987,[286]
3988,[20]
3989,[196]
3990,[225]
3991,[398]
3992,[34]
3993,[344]
3994,[104]
3995,[39]
3996,[161]
3997,[275]
3998,[21]
3999,[167]
4000,[361]
4001,[13]
4002,[214]
4003,[110]
4004,[457]
4005,[268]
4006,[215]
4007,[385]
4008,[184]
4009,[214]
4010,[173]
4011,[173]
4012,[70]
4013,[42]
4014,[385]
4015,[114]
4016,[33]
4017,[79]
4018,[107]
4019,[466]
4020,[343]
4021,[110]
4022,[374]
4023,[70]
4024,[193]
4025,[49]
4026,[160]
4027,[79]
4028,[102]
4029,[430]
4030,[319]
4031,[40]
4032,[78]
4033,[435]
4034,[160]
4035,[438]
4036,[315]
4037,[425]
4038,[79]
4039,[137]
4040,[42]
4041,[65]
4042,[376]
4043,[105]
4044,[273]
4045,[118]
4046,[293]
4047,[471]
4048,[171]
4049,[42]
4050,[64]
4051,[89]
4052,[50]
4053,[111]
4054,[108]
4055,[90]
4056,[171]
4057,[181]
4058,[317]
4059,[274]
4060,[17]
4061,[158]
4062,[26]
4063,[117]
4064,[50]
4065,[79]
4066,[281]
4067,[33]
4068,[233]
4069,[76]
4070,[359]
4071,[370]
4072,[268]
4073,[165]
4074,[74]
4075,[24]
4076,[262]
4077,[116]
4078,[64]
4079,[50]
4080,[167]
4081,[192]
4082,[151]
4083,[37]
4084,[141]
4085,[366]
4086,[33]
4087,[117]
4088,[97]
4089,[42]
4090,[42]
4091,[242]
4092,[3]
4093,[189]
4094,[319]
4095,[59]
4096,[231]
4097,[53]
4098,[8]
4099,[194]
4100,[64]
4101,[428]
4102,[435]
4103,[34]
4104,[79]
4105,[21]
4106,[193]
4107,[382]
4108,[117]
4109,[13]
4110,[89]
4111,[34]
4112,[68]
4113,[160]
4114,[193]
4115,[44]
4116,[121]
4117,[138]
4118,[153]
4119,[13]
4120,[160]
4121,[142]
4122,[142]
4123,[104]
4124,[66]
4125,[41]
4126,[399]
4127,[118]
4128,[137]
4129,[49]
4130,[40]
4131,[114]
4132,[105]
4133,[20]
4134,[153]
4135,[73]
4136,[44]
4137,[195]
4138,[44]
4139,[42]
4140,[220]
4141,[79]
4142,[338]
4143,[104]
4144,[161]
4145,[470]
4146,[123]
4147,[160]
4148,[172]
4149,[23]
4150,[416]
4151,[130]
4152,[58]
4153,[421]
4154,[130]
4155,[72]
4156,[86]
4157,[42]
4158,[274]
4159,[170]
4160,[329]
4161,[42]
4162,[100]
4163,[438]
4164,[424]
4165,[380]
4166,[277]
4167,[153]
4168,[24]
4169,[364]
4170,[35]
4171,[172]
4172,[8]
4173,[277]
4174,[42]
4175,[215]
4176,[353]
4177,[107]
4178,[208]
4179,[90]
4180,[44]
4181,[116]
4182,[194]
4183,[215]
4184,[197]
4185,[370]
4186,[44]
4187,[151]
4188,[417]
4189,[465]
4190,[400]
4191,[79]
4192,[153]
4193,[110]
4194,[93]
4195,[193]
4196,[1]
4197,[161]
4198,[233]
4199,[63]
4200,[13]
4201,[357]
4202,[118]
4203,[247]
4204,[128]
4205,[92]
4206,[44]
4207,[76]
4208,[16]
4209,[13]
4210,[34]
4211,[385]
4212,[44]
4213,[74]
4214,[326]
4215,[426]
4216,[331]
4217,[297]
4218,[473]
4219,[161]
4220,[66]
4221,[225]
4222,[57]
4223,[181]
4224,[79]
4225,[79]
4226,[52]
4227,[44]
4228,[171]
4229,[424]
4230,[292]
4231,[140]
4232,[13]
4233,[248]
4234,[44]
4235,[104]
4236,[374]
4237,[13]
4238,[98]
4239,[79]
4240,[73]
4241,[353]
4242,[121]
4243,[13]
4244,[104]
4245,[240]
4246,[75]
4247,[234]
4248,[44]
4249,[359]
4250,[77]
4251,[46]
4252,[178]
4253,[377]
4254,[98]
4255,[321]
4256,[146]
4257,[79]
4258,[15]
4259,[198]
4260,[27]
4261,[9]
4262,[101]
4263,[381]
4264,[193]
4265,[68]
4266,[361]
4267,[58]
4268,[48]
4269,[373]
4270,[42]
4271,[50]
4272,[373]
4273,[90]
4274,[169]
4275,[344]
4276,[44]
4277,[116]
4278,[161]
4279,[108]
4280,[58]
4281,[354]
4282,[357]
4283,[70]
4284,[233]
4285,[273]
4286,[233]
4287,[381]
4288,[377]
4289,[126]
4290,[89]
4291,[74]
4292,[105]
4293,[412]
4294,[280]
4295,[84]
4296,[461]
4297,[240]
4298,[24]
4299,[242]
4300,[215]
4301,[373]
4302,[90]
4303,[117]
4304,[66]
4305,[149]
4306,[89]
4307,[90]
4308,[218]
4309,[193]
4310,[68]
4311,[412]
4312,[154]
4313,[352]
4314,[77]
4315,[180]
4316,[357]
4317,[357]
4318,[293]
4319,[386]
4320,[272]
4321,[6]
4322,[42]
4323,[194]
4324,[153]
4325,[149]
4326,[200]
4327,[113]
4328,[381]
4329,[79]
4330,[93]
4331,[40]
4332,[70]
4333,[47]
4334,[9]
4335,[161]
4336,[121]
4337,[369]
4338,[139]
4339,[297]
4340,[357]
4341,[327]
4342,[66]
4343,[168]
4344,[53]
4345,[16]
4346,[45]
4347,[381]
4348,[104]
4349,[171]
4350,[104]
4351,[333]
4352,[90]
4353,[48]
4354,[167]
4355,[14]
4356,[423]
4357,[233]
4358,[51]
4359,[142]
4360,[274]
4361,[277]
4362,[114]
4363,[44]
4364,[42]
4365,[97]
4366,[302]
4367,[277]
4368,[42]
4369,[277]
4370,[49]
4371,[86]
4372,[45]
4373,[286]
4374,[44]
4375,[193]
4376,[230]
4377,[400]
4378,[302]
4379,[68]
4380,[79]
4381,[147]
4382,[116]
4383,[400]
4384,[172]
4385,[319]
4386,[44]
4387,[326]
4388,[104]
4389,[107]
4390,[44]
4391,[68]
4392,[89]
4393,[245]
4394,[313]
4395,[325]
4396,[148]
4397,[345]
4398,[158]
4399,[266]
4400,[242]
4401,[117]
4402,[44]
4403,[290]
4404,[215]
4405,[106]
4406,[299]
4407,[79]
4408,[141]
4409,[73]
4410,[195]
4411,[435]
4412,[89]
4413,[121]
4414,[105]
4415,[20]
4416,[296]
4417,[64]
4418,[79]
4419,[40]
4420,[45]
4421,[357]
4422,[149]
4423,[269]
4424,[85]
4425,[42]
4426,[304]
4427,[106]
4428,[194]
4429,[191]
4430,[35]
4431,[317]
4432,[194]
4433,[35]
4434,[14]
4435,[8]
4436,[398]
4437,[117]
4438,[49]
4439,[21]
4440,[42]
4441,[74]
4442,[255]
4443,[6]
4444,[149]
4445,[299]
4446,[296]
4447,[331]
4448,[398]
4449,[42]
4450,[193]
4451,[54]
4452,[213]
4453,[84]
4454,[165]
4455,[101]
4456,[35]
4457,[34]
4458,[181]
4459,[13]
4460,[55]
4461,[9]
4462,[181]
4463,[467]
4464,[150]
4465,[273]
4466,[357]
4467,[42]
4468,[273]
4469,[79]
4470,[345]
4471,[89]
4472,[1]
4473,[275]
4474,[242]
4475,[399]
4476,[228]
4477,[152]
4478,[381]
4479,[50]
4480,[49]
4481,[8]
4482,[275]
4483,[203]
4484,[104]
4485,[142]
4486,[79]
4487,[211]
4488,[261]
4489,[40]
4490,[470]
4491,[465]
4492,[84]
4493,[18]
4494,[435]
4495,[459]
4496,[6]
4497,[116]
4498,[376]
4499,[21]
4500,[13]
4501,[91]
4502,[106]
4503,[4]
4504,[77]
4505,[13]
4506,[79]
4507,[23]
4508,[50]
4509,[45]
4510,[203]
4511,[198]
4512,[42]
4513,[177]
4514,[84]
4515,[380]
4516,[138]
4517,[103]
4518,[383]
4519,[89]
4520,[104]
4521,[49]
4522,[39]
4523,[103]
4524,[359]
4525,[407]
4526,[246]
4527,[34]
4528,[161]
4529,[121]
4530,[340]
4531,[148]
4532,[79]
4533,[4]
4534,[156]
4535,[55]
4536,[213]
4537,[270]
4538,[276]
4539,[42]
4540,[79]
4541,[370]
4542,[117]
4543,[86]
4544,[172]
4545,[167]
4546,[273]
4547,[15]
4548,[79]
4549,[27]
4550,[430]
4551,[261]
4552,[37]
4553,[152]
4554,[376]
4555,[144]
4556,[40]
4557,[50]
4558,[45]
4559,[122]
4560,[74]
4561,[79]
4562,[139]
4563,[52]
4564,[42]
4565,[27]
4566,[52]
4567,[382]
4568,[89]
4569,[416]
4570,[450]
4571,[361]
4572,[97]
4573,[9]
4574,[46]
4575,[104]
4576,[217]
4577,[3]
4578,[198]
4579,[13]
4580,[89]
4581,[104]
4582,[277]
4583,[301]
4584,[90]
4585,[104]
4586,[89]
4587,[189]
4588,[166]
4589,[325]
4590,[301]
4591,[42]
4592,[73]
4593,[106]
4594,[41]
4595,[33]
4596,[386]
4597,[79]
4598,[188]
4599,[147]
4600,[13]
4601,[105]
4602,[170]
4603,[242]
4604,[141]
4605,[161]
4606,[102]
4607,[13]
4608,[181]
4609,[147]
4610,[66]
4611,[21]
4612,[68]
4613,[9]
4614,[63]
4615,[104]
4616,[3]
4617,[321]
4618,[9]
4619,[369]
4620,[111]
4621,[101]
4622,[107]
4623,[44]
4624,[369]
4625,[408]
4626,[359]
4627,[9]
4628,[185]
4629,[38]
4630,[381]
4631,[47]
4632,[21]
4633,[79]
4634,[107]
4635,[39]
4636,[277]
4637,[172]
4638,[44]
4639,[148]
4640,[121]
4641,[48]
4642,[290]
4643,[277]
4644,[274]
4645,[269]
4646,[150]
4647,[233]
4648,[448]
4649,[311]
4650,[105]
4651,[89]
4652,[89]
4653,[369]
4654,[461]
4655,[104]
4656,[49]
4657,[56]
4658,[8]
4659,[21]
4660,[217]
4661,[72]
4662,[357]
4663,[277]
4664,[165]
4665,[153]
4666,[234]
4667,[170]
4668,[63]
4669,[66]
4670,[9]
4671,[377]
4672,[238]
4673,[89]
4674,[108]
4675,[413]
4676,[60]
4677,[432]
4678,[293]
4679,[160]
4680,[359]
4681,[66]
4682,[213]
4683,[148]
4684,[9]
4685,[63]
4686,[9]
4687,[79]
4688,[422]
4689,[107]
4690,[117]
4691,[211]
4692,[77]
4693,[471]
4694,[400]
4695,[106]
4696,[104]
4697,[159]
4698,[194]
4699,[105]
4700,[40]
4701,[310]
4702,[139]
4703,[291]
4704,[79]
4705,[281]
4706,[47]
4707,[377]
4708,[46]
4709,[234]
4710,[13]
4711,[110]
4712,[13]
4713,[13]
4714,[105]
4715,[425]
4716,[77]
4717,[84]
4718,[474]
4719,[153]
4720,[301]
4721,[83]
4722,[45]
4723,[79]
4724,[297]
4725,[105]
4726,[434]
4727,[400]
4728,[374]
4729,[242]
4730,[77]
4731,[159]
4732,[68]
4733,[427]
4734,[413]
4735,[44]
4736,[233]
4737,[255]
4738,[92]
4739,[301]
4740,[359]
4741,[152]
4742,[58]
4743,[29]
4744,[218]
4745,[49]
4746,[37]
4747,[21]
4748,[375]
4749,[70]
4750,[34]
4751,[214]
4752,[153]
4753,[199]
4754,[275]
4755,[39]
4756,[382]
4757,[473]
4758,[215]
4759,[425]
4760,[417]
4761,[193]
4762,[77]
4763,[273]
4764,[191]
4765,[193]
4766,[351]
4767,[76]
4768,[165]
4769,[49]
4770,[90]
4771,[247]
4772,[382]
4773,[185]
4774,[4]
4775,[117]
4776,[269]
4777,[272]
4778,[84]
4779,[148]
4780,[13]
4781,[77]
4782,[461]
4783,[315]
4784,[211]
4785,[117]
4786,[357]
4787,[196]
4788,[6]
4789,[102]
4790,[66]
4791,[13]
4792,[22]
4793,[356]
4794,[107]
4795,[6]
4796,[374]
4797,[15]
4798,[321]
4799,[98]
4800,[79]
4801,[66]
4802,[182]
4803,[9]
4804,[117]
4805,[367]
4806,[242]
4807,[172]
4808,[78]
4809,[142]
4810,[42]
4811,[120]
4812,[240]
4813,[386]
4814,[359]
4815,[160]
4816,[21]
4817,[103]
4818,[301]
4819,[273]
4820,[66]
4821,[42]
4822,[369]
4823,[108]
4824,[116]
4825,[35]
4826,[214]
4827,[446]
4828,[78]
4829,[290]
4830,[68]
4831,[416]
4832,[194]
4833,[116]
4834,[19]
4835,[42]
4836,[281]
4837,[42]
4838,[241]
4839,[465]
4840,[274]
4841,[116]
4842,[4]
4843,[44]
4844,[105]
4845,[44]
4846,[105]
4847,[273]
4848,[457]
4849,[35]
4850,[193]
4851,[423]
4852,[107]
4853,[242]
4854,[328]
4855,[290]
4856,[294]
4857,[471]
4858,[123]
4859,[400]
4860,[152]
4861,[16]
4862,[361]
4863,[79]
4864,[9]
4865,[213]
4866,[79]
4867,[42]
4868,[233]
4869,[117]
4870,[314]
4871,[89]
4872,[44]
4873,[423]
4874,[294]
4875,[104]
4876,[197]
4877,[44]
4878,[435]
4879,[158]
4880,[149]
4881,[79]
4882,[104]
4883,[96]
4884,[404]
4885,[44]
4886,[11]
4887,[225]
4888,[69]
4889,[160]
4890,[242]
4891,[381]
4892,[196]
4893,[240]
4894,[105]
4895,[178]
4896,[79]
4897,[19]
4898,[149]
4899,[383]
4900,[108]
4901,[194]
4902,[14]
4903,[385]
4904,[208]
4905,[3]
4906,[127]
4907,[225]
4908,[160]
4909,[42]
4910,[77]
4911,[147]
4912,[79]
4913,[83]
4914,[41]
4915,[153]
4916,[175]
4917,[104]
4918,[104]
4919,[269]
4920,[127]
4921,[21]
4922,[89]
4923,[213]
4924,[21]
4925,[153]
4926,[150]
4927,[346]
4928,[79]
4929,[42]
4930,[48]
4931,[117]
4932,[44]
4933,[471]
4934,[193]
4935,[79]
4936,[247]
4937,[56]
4938,[384]
4939,[9]
4940,[66]
4941,[33]
4942,[148]
4943,[180]
4944,[90]
4945,[423]
4946,[272]
4947,[242]
4948,[156]
4949,[77]
4950,[21]
4951,[45]
4952,[21]
4953,[158]
4954,[128]
4955,[299]
4956,[48]
4957,[21]
4958,[315]
4959,[199]
4960,[399]
4961,[247]
4962,[9]
4963,[382]
4964,[9]
4965,[79]
4966,[140]
4967,[16]
4968,[106]
4969,[21]
4970,[438]
4971,[369]
4972,[44]
4973,[153]
4974,[242]
4975,[20]
4976,[432]
4977,[462]
4978,[89]
4979,[79]
4980,[21]
4981,[105]
4982,[105]
4983,[84]
4984,[304]
4985,[75]
4986,[166]
4987,[90]
4988,[111]
4989,[420]
4990,[327]
4991,[437]
4992,[148]
4993,[79]
4994,[105]
4995,[367]
4996,[35]
4997,[171]
4998,[182]
4999,[49]
5000,[240]
5001,[373]
5002,[21]
5003,[108]
5004,[374]
5005,[165]
5006,[79]
5007,[181]
5008,[475]
5009,[148]
5010,[49]
5011,[79]
5012,[193]
5013,[18]
5014,[263]
5015,[73]
5016,[268]
5017,[374]
5018,[394]
5019,[13]
5020,[105]
5021,[41]
5022,[173]
5023,[357]
5024,[34]
5025,[34]
5026,[270]
5027,[86]
5028,[383]
5029,[79]
5030,[376]
5031,[42]
5032,[238]
5033,[44]
5034,[9]
5035,[408]
5036,[59]
5037,[105]
5038,[79]
5039,[23]
5040,[328]
5041,[111]
5042,[473]
5043,[385]
5044,[103]
5045,[105]
5046,[79]
5047,[214]
5048,[41]
5049,[448]
5050,[356]
5051,[137]
5052,[369]
5053,[4]
5054,[276]
5055,[79]
5056,[282]
5057,[42]
5058,[181]
5059,[70]
5060,[311]
5061,[78]
5062,[42]
5063,[403]
5064,[317]
5065,[188]
5066,[412]
5067,[293]
5068,[100]
5069,[167]
5070,[70]
5071,[23]
5072,[40]
5073,[45]
5074,[462]
5075,[117]
5076,[50]
5077,[213]
5078,[45]
5079,[42]
5080,[130]
5081,[242]
5082,[9]
5083,[79]
5084,[150]
5085,[381]
5086,[98]
5087,[315]
5088,[214]
5089,[359]
5090,[86]
5091,[89]
5092,[152]
5093,[193]
5094,[64]
5095,[24]
5096,[8]
5097,[153]
5098,[102]
5099,[218]
5100,[386]
5101,[34]
5102,[352]
5103,[49]
5104,[158]
5105,[317]
5106,[242]
5107,[170]
5108,[24]
5109,[166]
5110,[13]
5111,[467]
5112,[383]
5113,[16]
5114,[138]
5115,[104]
5116,[163]
5117,[381]
5118,[148]
5119,[65]
5120,[104]
5121,[234]
5122,[359]
5123,[21]
5124,[376]
5125,[44]
5126,[155]
5127,[50]
5128,[79]
5129,[353]
5130,[275]
5131,[439]
5132,[77]
5133,[79]
5134,[90]
5135,[113]
5136,[149]
5137,[48]
5138,[105]
5139,[21]
5140,[55]
5141,[102]
5142,[39]
5143,[306]
5144,[243]
5145,[45]
5146,[165]
5147,[452]
5148,[40]
5149,[344]
5150,[215]
5151,[331]
5152,[365]
5153,[401]
5154,[21]
5155,[331]
5156,[423]
5157,[108]
5158,[159]
5159,[79]
5160,[263]
5161,[215]
5162,[357]
5163,[9]
5164,[44]
5165,[471]
5166,[277]
5167,[107]
5168,[364]
5169,[247]
5170,[242]
5171,[79]
5172,[25]
5173,[229]
5174,[117]
5175,[93]
5176,[68]
5177,[462]
5178,[79]
5179,[153]
5180,[243]
5181,[242]
5182,[35]
5183,[357]
5184,[158]
5185,[24]
5186,[9]
5187,[117]
5188,[42]
5189,[115]
5190,[90]
5191,[177]
5192,[178]
5193,[123]
5194,[228]
5195,[125]
5196,[465]
5197,[161]
5198,[359]
5199,[211]
5200,[73]
5201,[89]
5202,[90]
5203,[90]
5204,[89]
5205,[462]
5206,[104]
5207,[107]
5208,[452]
5209,[153]
5210,[1]
5211,[273]
5212,[44]
5213,[150]
5214,[159]
5215,[79]
5216,[89]
5217,[153]
5218,[107]
5219,[58]
5220,[108]
5221,[158]
5222,[153]
5223,[214]
5224,[111]
5225,[42]
5226,[369]
5227,[21]
5228,[130]
5229,[9]
5230,[165]
5231,[72]
5232,[331]
5233,[141]
5234,[392]
5235,[18]
5236,[44]
5237,[381]
5238,[142]
5239,[101]
5240,[234]
5241,[45]
5242,[141]
5243,[239]
5244,[420]
5245,[233]
5246,[416]
5247,[311]
5248,[452]
5249,[79]
5250,[41]
5251,[45]
5252,[193]
5253,[214]
5254,[45]
5255,[408]
5256,[376]
5257,[211]
5258,[40]
5259,[180]
5260,[213]
5261,[171]
5262,[114]
5263,[72]
5264,[273]
5265,[16]
5266,[66]
5267,[40]
5268,[229]
5269,[165]
5270,[42]
5271,[9]
5272,[174]
5273,[441]
5274,[68]
5275,[118]
5276,[261]
5277,[34]
5278,[110]
5279,[47]
5280,[78]
5281,[79]
5282,[238]
5283,[470]
5284,[124]
5285,[49]
5286,[170]
5287,[79]
5288,[461]
5289,[53]
5290,[273]
5291,[376]
5292,[424]
5293,[146]
5294,[89]
5295,[363]
5296,[369]
5297,[13]
5298,[266]
5299,[24]
5300,[104]
5301,[99]
5302,[214]
5303,[160]
5304,[282]
5305,[66]
5306,[56]
5307,[186]
5308,[54]
5309,[401]
5310,[21]
5311,[107]
5312,[79]
5313,[41]
5314,[8]
5315,[225]
5316,[215]
5317,[31]
5318,[207]
5319,[294]
5320,[214]
5321,[277]
5322,[297]
5323,[110]
5324,[428]
5325,[110]
5326,[157]
5327,[427]
5328,[45]
5329,[247]
5330,[235]
5331,[103]
5332,[104]
5333,[148]
5334,[79]
5335,[21]
5336,[12]
5337,[104]
5338,[79]
5339,[101]
5340,[181]
5341,[423]
5342,[44]
5343,[118]
5344,[68]
5345,[50]
5346,[108]
5347,[66]
5348,[442]
5349,[303]
5350,[214]
5351,[229]
5352,[161]
5353,[233]
5354,[337]
5355,[79]
5356,[214]
5357,[331]
5358,[304]
5359,[79]
5360,[169]
5361,[45]
5362,[248]
5363,[89]
5364,[293]
5365,[50]
5366,[416]
5367,[153]
5368,[103]
5369,[383]
5370,[165]
5371,[117]
5372,[117]
5373,[64]
5374,[77]
5375,[31]
5376,[44]
5377,[273]
5378,[30]
5379,[400]
5380,[317]
5381,[213]
5382,[108]
5383,[22]
5384,[49]
5385,[89]
5386,[104]
5387,[24]
5388,[83]
5389,[42]
5390,[79]
5391,[359]
5392,[335]
5393,[413]
5394,[181]
5395,[186]
5396,[125]
5397,[42]
5398,[79]
5399,[105]
5400,[42]
5401,[151]
5402,[171]
5403,[421]
5404,[83]
5405,[301]
5406,[48]
5407,[357]
5408,[42]
5409,[149]
5410,[374]
5411,[104]
5412,[161]
5413,[196]
5414,[224]
5415,[105]
5416,[114]
5417,[272]
5418,[44]
5419,[19]
5420,[427]
5421,[89]
5422,[142]
5423,[213]
5424,[385]
5425,[33]
5426,[39]
5427,[161]
5428,[132]
5429,[70]
5430,[40]
5431,[194]
5432,[211]
5433,[1]
5434,[100]
5435,[363]
5436,[369]
5437,[471]
5438,[471]
5439,[74]
5440,[381]
5441,[3]
5442,[63]
5443,[103]
5444,[20]
5445,[125]
5446,[326]
5447,[208]
5448,[413]
5449,[117]
5450,[435]
5451,[376]
5452,[49]
5453,[215]
5454,[98]
5455,[117]
5456,[414]
5457,[34]
5458,[294]
5459,[42]
5460,[206]
5461,[169]
5462,[31]
5463,[68]
5464,[132]
5465,[374]
5466,[105]
5467,[328]
5468,[116]
5469,[344]
5470,[89]
5471,[471]
5472,[248]
5473,[357]
5474,[173]
5475,[201]
5476,[10]
5477,[386]
5478,[326]
5479,[392]
5480,[72]
5481,[359]
5482,[117]
5483,[286]
5484,[24]
5485,[389]
5486,[246]
5487,[424]
5488,[94]
5489,[369]
5490,[68]
5491,[173]
5492,[90]
5493,[9]
5494,[456]
5495,[152]
5496,[131]
5497,[83]
5498,[89]
5499,[206]
5500,[105]
5501,[111]
5502,[45]
5503,[21]
5504,[198]
5505,[121]
5506,[50]
5507,[376]
5508,[18]
5509,[213]
5510,[116]
5511,[48]
5512,[79]
5513,[105]
5514,[47]
5515,[108]
5516,[150]
5517,[108]
5518,[383]
5519,[453]
5520,[118]
5521,[277]
5522,[16]
5523,[369]
5524,[78]
5525,[39]
5526,[234]
5527,[102]
5528,[171]
5529,[207]
5530,[168]
5531,[471]
5532,[117]
5533,[327]
5534,[41]
5535,[40]
5536,[151]
5537,[107]
5538,[299]
5539,[262]
5540,[277]
5541,[380]
5542,[213]
5543,[110]
5544,[474]
5545,[255]
5546,[471]
5547,[242]
5548,[42]
5549,[150]
5550,[181]
5551,[20]
5552,[45]
5553,[42]
5554,[114]
5555,[45]
5556,[161]
5557,[103]
5558,[158]
5559,[118]
5560,[84]
5561,[277]
5562,[477]
5563,[114]
5564,[173]
5565,[398]
5566,[160]
5567,[14]
5568,[112]
5569,[105]
5570,[475]
5571,[117]
5572,[475]
5573,[127]
5574,[359]
5575,[319]
5576,[296]
5577,[325]
5578,[352]
5579,[89]
5580,[169]
5581,[90]
5582,[42]
5583,[379]
5584,[3]
5585,[38]
5586,[167]
5587,[111]
5588,[68]
5589,[9]
5590,[66]
5591,[376]
5592,[181]
5593,[130]
5594,[56]
5595,[101]
5596,[9]
5597,[70]
5598,[21]
5599,[153]
5600,[63]
5601,[259]
5602,[105]
5603,[399]
5604,[418]
5605,[289]
5606,[13]
5607,[367]
5608,[426]
5609,[325]
5610,[274]
5611,[27]
5612,[79]
5613,[60]
5614,[65]
5615,[400]
5616,[89]
5617,[198]
5618,[50]
5619,[211]
5620,[161]
5621,[39]
5622,[76]
5623,[314]
5624,[98]
5625,[277]
5626,[253]
5627,[377]
5628,[39]
5629,[50]
5630,[79]
5631,[9]
5632,[55]
5633,[50]
5634,[461]
5635,[274]
5636,[89]
5637,[44]
5638,[117]
5639,[89]
5640,[374]
5641,[457]
5642,[255]
5643,[359]
5644,[132]
5645,[363]
5646,[211]
5647,[90]
5648,[370]
5649,[217]
5650,[9]
5651,[233]
5652,[412]
5653,[98]
5654,[111]
5655,[79]
5656,[16]
5657,[169]
5658,[104]
5659,[9]
5660,[357]
5661,[374]
5662,[215]
5663,[396]
5664,[42]
5665,[44]
5666,[73]
5667,[79]
5668,[79]
5669,[170]
5670,[188]
5671,[26]
5672,[158]
5673,[10]
5674,[159]
5675,[181]
5676,[172]
5677,[167]
5678,[85]
5679,[76]
5680,[214]
5681,[279]
5682,[371]
5683,[138]
5684,[56]
5685,[260]
5686,[213]
5687,[322]
5688,[373]
5689,[64]
5690,[42]
5691,[394]
5692,[13]
5693,[142]
5694,[114]
5695,[89]
5696,[9]
5697,[260]
5698,[105]
5699,[13]
5700,[117]
5701,[389]
5702,[202]
5703,[45]
5704,[48]
5705,[158]
5706,[55]
5707,[24]
5708,[79]
5709,[357]
5710,[104]
5711,[151]
5712,[105]
5713,[9]
5714,[101]
5715,[389]
5716,[160]
5717,[42]
5718,[68]
5719,[25]
5720,[66]
5721,[417]
5722,[371]
5723,[357]
5724,[277]
5725,[297]
5726,[114]
5727,[450]
5728,[451]
5729,[328]
5730,[44]
5731,[349]
5732,[233]
5733,[9]
5734,[73]
5735,[48]
5736,[176]
5737,[274]
5738,[181]
5739,[89]
5740,[89]
5741,[192]
5742,[367]
5743,[104]
5744,[386]
5745,[27]
5746,[357]
5747,[290]
5748,[338]
5749,[146]
5750,[247]
5751,[107]
5752,[122]
5753,[275]
5754,[285]
5755,[262]
5756,[275]
5757,[107]
5758,[40]
5759,[84]
5760,[14]
5761,[197]
5762,[241]
5763,[359]
5764,[346]
5765,[42]
5766,[104]
5767,[148]
5768,[98]
5769,[451]
5770,[44]
5771,[399]
5772,[302]
5773,[121]
5774,[107]
5775,[402]
5776,[146]
5777,[85]
5778,[50]
5779,[277]
5780,[117]
5781,[85]
5782,[90]
5783,[42]
5784,[124]
5785,[443]
5786,[74]
5787,[425]
5788,[97]
5789,[397]
5790,[197]
5791,[273]
5792,[15]
5793,[149]
5794,[457]
5795,[151]
5796,[331]
5797,[13]
5798,[331]
5799,[359]
5800,[44]
5801,[151]
5802,[435]
5803,[332]
5804,[118]
5805,[234]
5806,[50]
5807,[389]
5808,[79]
5809,[79]
5810,[105]
5811,[158]
5812,[214]
5813,[79]
5814,[148]
5815,[125]
5816,[148]
5817,[272]
5818,[153]
5819,[374]
5820,[385]
5821,[83]
5822,[9]
5823,[188]
5824,[165]
5825,[50]
5826,[277]
5827,[40]
5828,[389]
5829,[374]
5830,[127]
5831,[161]
5832,[235]
5833,[21]
5834,[79]
5835,[466]
5836,[68]
5837,[49]
5838,[459]
5839,[215]
5840,[170]
5841,[47]
5842,[66]
5843,[24]
5844,[167]
5845,[79]
5846,[159]
5847,[27]
5848,[167]
5849,[368]
5850,[452]
5851,[440]
5852,[240]
5853,[396]
5854,[213]
5855,[105]
5856,[66]
5857,[46]
5858,[89]
5859,[398]
5860,[359]
5861,[331]
5862,[16]
5863,[45]
5864,[218]
5865,[106]
5866,[77]
5867,[214]
5868,[120]
5869,[461]
5870,[273]
5871,[77]
5872,[40]
5873,[426]
5874,[172]
5875,[180]
5876,[178]
5877,[58]
5878,[359]
5879,[274]
5880,[378]
5881,[188]
5882,[348]
5883,[104]
5884,[104]
5885,[8]
5886,[446]
5887,[457]
5888,[44]
5889,[369]
5890,[153]
5891,[87]
5892,[297]
5893,[118]
5894,[413]
5895,[435]
5896,[12]
5897,[285]
5898,[90]
5899,[106]
5900,[179]
5901,[161]
5902,[24]
5903,[138]
5904,[400]
5905,[89]
5906,[301]
5907,[465]
5908,[117]
5909,[160]
5910,[277]
5911,[157]
5912,[197]
5913,[83]
5914,[273]
5915,[247]
5916,[3]
5917,[117]
5918,[170]
5919,[367]
5920,[34]
5921,[118]
5922,[56]
5923,[111]
5924,[359]
5925,[290]
5926,[255]
5927,[386]
5928,[114]
5929,[24]
5930,[42]
5931,[89]
5932,[118]
5933,[30]
5934,[461]
5935,[118]
5936,[153]
5937,[140]
5938,[89]
5939,[220]
5940,[42]
5941,[123]
5942,[337]
5943,[143]
5944,[374]
5945,[21]
5946,[16]
5947,[367]
5948,[234]
5949,[158]
5950,[9]
5951,[35]
5952,[424]
5953,[118]
5954,[20]
5955,[247]
5956,[461]
5957,[33]
5958,[381]
5959,[60]
5960,[35]
5961,[146]
5962,[376]
5963,[89]
5964,[79]
5965,[219]
5966,[377]
5967,[13]
5968,[149]
5969,[436]
5970,[75]
5971,[13]
5972,[315]
5973,[211]
5974,[45]
5975,[214]
5976,[79]
5977,[242]
5978,[79]
5979,[21]
5980,[9]
5981,[258]
5982,[383]
5983,[359]
5984,[90]
5985,[60]
5986,[119]
5987,[147]
5988,[359]
5989,[49]
5990,[118]
5991,[408]
5992,[197]
5993,[275]
5994,[13]
5995,[45]
5996,[44]
5997,[15]
5998,[119]
5999,[21]
6000,[90]
6001,[273]
6002,[246]
6003,[73]
6004,[207]
6005,[90]
6006,[435]
6007,[74]
6008,[79]
6009,[44]
6010,[171]
6011,[376]
6012,[153]
6013,[334]
6014,[100]
6015,[123]
6016,[104]
6017,[290]
6018,[215]
6019,[66]
6020,[79]
6021,[135]
6022,[408]
6023,[148]
6024,[121]
6025,[45]
6026,[64]
6027,[74]
6028,[203]
6029,[116]
6030,[331]
6031,[148]
6032,[318]
6033,[132]
6034,[381]
6035,[325]
6036,[79]
6037,[40]
6038,[49]
6039,[45]
6040,[90]
6041,[246]
6042,[27]
6043,[177]
6044,[39]
6045,[148]
6046,[161]
6047,[329]
6048,[381]
6049,[79]
6050,[355]
6051,[89]
6052,[263]
6053,[73]
6054,[131]
6055,[104]
6056,[391]
6057,[170]
6058,[13]
6059,[84]
6060,[127]
6061,[222]
6062,[102]
6063,[262]
6064,[30]
6065,[214]
6066,[149]
6067,[74]
6068,[31]
6069,[274]
6070,[41]
6071,[42]
6072,[89]
6073,[24]
6074,[117]
6075,[192]
6076,[172]
6077,[116]
6078,[107]
6079,[239]
6080,[78]
6081,[9]
6082,[417]
6083,[290]
6084,[242]
6085,[263]
6086,[238]
6087,[13]
6088,[9]
6089,[64]
6090,[238]
6091,[66]
6092,[64]
6093,[52]
6094,[4]
6095,[215]
6096,[42]
6097,[336]
6098,[66]
6099,[66]
6100,[101]
6101,[215]
6102,[13]
6103,[400]
6104,[57]
6105,[395]
6106,[114]
6107,[42]
6108,[79]
6109,[210]
6110,[79]
6111,[331]
6112,[369]
6113,[41]
6114,[255]
6115,[277]
6116,[215]
6117,[44]
6118,[64]
6119,[138]
6120,[104]
6121,[49]
6122,[89]
6123,[252]
6124,[110]
6125,[242]
6126,[107]
6127,[89]
6128,[275]
6129,[42]
6130,[127]
6131,[180]
6132,[39]
6133,[297]
6134,[17]
6135,[79]
6136,[108]
6137,[374]
6138,[275]
6139,[198]
6140,[104]
6141,[386]
6142,[273]
6143,[268]
6144,[152]
6145,[423]
6146,[101]
6147,[215]
6148,[398]
6149,[9]
6150,[376]
6151,[151]
6152,[277]
6153,[277]
6154,[389]
6155,[228]
6156,[369]
6157,[195]
6158,[193]
6159,[184]
6160,[59]
6161,[21]
6162,[369]
6163,[101]
6164,[101]
6165,[435]
6166,[1]
6167,[79]
6168,[214]
6169,[369]
6170,[181]
6171,[50]
6172,[240]
6173,[251]
6174,[9]
6175,[361]
6176,[79]
6177,[127]
6178,[293]
6179,[395]
6180,[291]
6181,[58]
6182,[111]
6183,[38]
6184,[259]
6185,[77]
6186,[53]
6187,[116]
6188,[180]
6189,[247]
6190,[475]
6191,[45]
6192,[360]
6193,[453]
6194,[72]
6195,[467]
6196,[427]
6197,[189]
6198,[42]
6199,[178]
6200,[436]
6201,[9]
6202,[48]
6203,[89]
6204,[86]
6205,[424]
6206,[44]
6207,[42]
6208,[344]
6209,[124]
6210,[13]
6211,[9]
6212,[9]
6213,[8]
6214,[90]
6215,[42]
6216,[142]
6217,[105]
6218,[22]
6219,[194]
6220,[471]
6221,[79]
6222,[377]
6223,[278]
6224,[23]
6225,[214]
6226,[110]
6227,[233]
6228,[40]
6229,[45]
6230,[19]
6231,[461]
6232,[193]
6233,[317]
6234,[33]
6235,[90]
6236,[90]
6237,[47]
6238,[97]
6239,[112]
6240,[386]
6241,[359]
6242,[61]
6243,[153]
6244,[83]
6245,[70]
6246,[66]
6247,[56]
6248,[64]
6249,[394]
6250,[273]
6251,[42]
6252,[251]
6253,[21]
6254,[139]
6255,[153]
6256,[89]
6257,[105]
6258,[274]
6259,[122]
6260,[378]
6261,[44]
6262,[116]
6263,[148]
6264,[277]
6265,[58]
6266,[8]
6267,[355]
6268,[293]
6269,[33]
6270,[331]
6271,[238]
6272,[25]
6273,[81]
6274,[471]
6275,[147]
6276,[197]
6277,[114]
6278,[142]
6279,[359]
6280,[165]
6281,[107]
6282,[89]
6283,[34]
6284,[42]
6285,[383]
6286,[297]
6287,[136]
6288,[79]
6289,[152]
6290,[55]
6291,[193]
6292,[439]
6293,[376]
6294,[234]
6295,[141]
6296,[389]
6297,[13]
6298,[42]
6299,[44]
6300,[331]
6301,[141]
6302,[89]
6303,[117]
6304,[211]
6305,[423]
6306,[359]
6307,[202]
6308,[118]
6309,[160]
6310,[475]
6311,[116]
6312,[381]
6313,[71]
6314,[307]
6315,[50]
6316,[13]
6317,[238]
6318,[160]
6319,[109]
6320,[104]
6321,[34]
6322,[44]
6323,[273]
6324,[42]
6325,[117]
6326,[128]
6327,[48]
6328,[50]
6329,[20]
6330,[99]
6331,[206]
6332,[383]
6333,[242]
6334,[24]
6335,[302]
6336,[125]
6337,[103]
6338,[117]
6339,[85]
6340,[107]
6341,[275]
6342,[89]
6343,[189]
6344,[83]
6345,[280]
6346,[103]
6347,[428]
6348,[326]
6349,[117]
6350,[337]
6351,[462]
6352,[376]
6353,[166]
6354,[257]
6355,[13]
6356,[357]
6357,[274]
6358,[214]
6359,[197]
6360,[297]
6361,[74]
6362,[68]
6363,[369]
6364,[109]
6365,[105]
6366,[8]
6367,[79]
6368,[149]
6369,[152]
6370,[158]
6371,[215]
6372,[20]
6373,[116]
6374,[79]
6375,[44]
6376,[68]
6377,[106]
6378,[443]
6379,[153]
6380,[101]
6381,[9]
6382,[282]
6383,[130]
6384,[13]
6385,[253]
6386,[40]
6387,[96]
6388,[277]
6389,[156]
6390,[109]
6391,[277]
6392,[183]
6393,[46]
6394,[319]
6395,[88]
6396,[441]
6397,[369]
6398,[161]
6399,[161]
6400,[104]
6401,[75]
6402,[42]
6403,[381]
6404,[42]
6405,[9]
6406,[141]
6407,[44]
6408,[68]
6409,[45]
6410,[27]
6411,[159]
6412,[213]
6413,[89]
6414,[359]
6415,[111]
6416,[273]
6417,[105]
6418,[277]
6419,[407]
6420,[123]
6421,[181]
6422,[255]
6423,[123]
6424,[173]
6425,[418]
6426,[277]
6427,[63]
6428,[44]
6429,[118]
6430,[84]
6431,[79]
6432,[122]
6433,[40]
6434,[473]
6435,[191]
6436,[15]
6437,[60]
6438,[68]
6439,[153]
6440,[84]
6441,[21]
6442,[9]
6443,[64]
6444,[366]
6445,[84]
6446,[110]
6447,[436]
6448,[326]
6449,[303]
6450,[451]
6451,[359]
6452,[89]
6453,[241]
6454,[31]
6455,[45]
6456,[327]
6457,[42]
6458,[42]
6459,[218]
6460,[41]
6461,[83]
6462,[381]
6463,[27]
6464,[153]
6465,[210]
6466,[74]
6467,[92]
6468,[78]
6469,[383]
6470,[471]
6471,[138]
6472,[40]
6473,[79]
6474,[427]
6475,[247]
6476,[224]
6477,[90]
6478,[77]
6479,[132]
6480,[47]
6481,[66]
6482,[233]
6483,[381]
6484,[7]
6485,[248]
6486,[198]
6487,[83]
6488,[132]
6489,[16]
6490,[13]
6491,[214]
6492,[44]
6493,[161]
6494,[4]
6495,[358]
6496,[213]
6497,[197]
6498,[400]
6499,[293]
6500,[20]
6501,[355]
6502,[275]
6503,[42]
6504,[264]
6505,[189]
6506,[421]
6507,[40]
6508,[21]
6509,[52]
6510,[435]
6511,[242]
6512,[160]
6513,[384]
6514,[132]
6515,[104]
6516,[161]
6517,[42]
6518,[385]
6519,[44]
6520,[45]
6521,[96]
6522,[215]
6523,[108]
6524,[260]
6525,[74]
6526,[357]
6527,[273]
6528,[105]
6529,[45]
6530,[107]
6531,[161]
6532,[8]
6533,[193]
6534,[110]
6535,[73]
6536,[461]
6537,[104]
6538,[104]
6539,[273]
6540,[139]
6541,[286]
6542,[13]
6543,[438]
6544,[158]
6545,[215]
6546,[282]
6547,[32]
6548,[105]
6549,[153]
6550,[152]
6551,[299]
6552,[89]
6553,[9]
6554,[452]
6555,[354]
6556,[193]
6557,[40]
6558,[13]
6559,[42]
6560,[242]
6561,[9]
6562,[352]
6563,[105]
6564,[54]
6565,[233]
6566,[171]
6567,[148]
6568,[181]
6569,[21]
6570,[13]
6571,[44]
6572,[45]
6573,[147]
6574,[14]
6575,[450]
6576,[214]
6577,[275]
6578,[42]
6579,[128]
6580,[9]
6581,[193]
6582,[114]
6583,[121]
6584,[121]
6585,[89]
6586,[71]
6587,[211]
6588,[115]
6589,[6]
6590,[39]
6591,[177]
6592,[34]
6593,[98]
6594,[149]
6595,[42]
6596,[462]
6597,[331]
6598,[336]
6599,[55]
6600,[299]
6601,[179]
6602,[114]
6603,[435]
6604,[263]
6605,[116]
6606,[45]
6607,[35]
6608,[103]
6609,[77]
6610,[112]
6611,[117]
6612,[41]
6613,[90]
6614,[457]
6615,[79]
6616,[386]
6617,[89]
6618,[79]
6619,[357]
6620,[383]
6621,[406]
6622,[277]
6623,[123]
6624,[66]
6625,[102]
6626,[181]
6627,[475]
6628,[85]
6629,[9]
6630,[50]
6631,[3]
6632,[89]
6633,[79]
6634,[274]
6635,[105]
6636,[21]
6637,[92]
6638,[45]
6639,[79]
6640,[114]
6641,[42]
6642,[98]
6643,[295]
6644,[400]
6645,[159]
6646,[353]
6647,[297]
6648,[213]
6649,[84]
6650,[344]
6651,[233]
6652,[48]
6653,[215]
6654,[269]
6655,[108]
6656,[466]
6657,[42]
6658,[272]
6659,[153]
6660,[234]
6661,[291]
6662,[117]
6663,[193]
6664,[42]
6665,[198]
6666,[25]
6667,[15]
6668,[159]
6669,[300]
6670,[105]
6671,[277]
6672,[40]
6673,[59]
6674,[195]
6675,[432]
6676,[152]
6677,[351]
6678,[79]
6679,[197]
6680,[233]
6681,[13]
6682,[107]
6683,[299]
6684,[108]
6685,[421]
6686,[189]
6687,[70]
6688,[182]
6689,[110]
6690,[314]
6691,[68]
6692,[381]
6693,[83]
6694,[277]
6695,[166]
6696,[273]
6697,[41]
6698,[122]
6699,[420]
6700,[423]
6701,[478]
6702,[127]
6703,[4]
6704,[104]
6705,[65]
6706,[8]
6707,[193]
6708,[48]
6709,[79]
6710,[14]
6711,[373]
6712,[132]
6713,[154]
6714,[21]
6715,[185]
6716,[20]
6717,[44]
6718,[144]
6719,[89]
6720,[367]
6721,[165]
6722,[243]
6723,[79]
6724,[326]
6725,[110]
6726,[413]
6727,[6]
6728,[197]
6729,[13]
6730,[325]
6731,[291]
6732,[98]
6733,[127]
6734,[18]
6735,[107]
6736,[84]
6737,[367]
6738,[112]
6739,[45]
6740,[165]
6741,[359]
6742,[3]
6743,[68]
6744,[386]
6745,[73]
6746,[172]
6747,[181]
6748,[418]
6749,[218]
6750,[152]
6751,[94]
6752,[109]
6753,[317]
6754,[83]
6755,[358]
6756,[185]
6757,[173]
6758,[17]
6759,[359]
6760,[114]
6761,[20]
6762,[381]
6763,[3]
6764,[142]
6765,[31]
6766,[400]
6767,[181]
6768,[105]
6769,[438]
6770,[431]
6771,[9]
6772,[153]
6773,[89]
6774,[80]
6775,[21]
6776,[400]
6777,[438]
6778,[88]
6779,[111]
6780,[181]
6781,[61]
6782,[193]
6783,[102]
6784,[471]
6785,[101]
6786,[197]
6787,[64]
6788,[44]
6789,[9]
6790,[168]
6791,[142]
6792,[85]
6793,[40]
6794,[104]
6795,[160]
6796,[126]
6797,[8]
6798,[70]
6799,[38]
6800,[181]
6801,[112]
6802,[176]
6803,[26]
6804,[42]
6805,[49]
6806,[152]
6807,[26]
6808,[286]
6809,[117]
6810,[9]
6811,[400]
6812,[273]
6813,[471]
6814,[369]
6815,[273]
6816,[98]
6817,[42]
6818,[101]
6819,[277]
6820,[79]
6821,[150]
6822,[326]
6823,[44]
6824,[314]
6825,[111]
6826,[63]
6827,[44]
6828,[272]
6829,[107]
6830,[36]
6831,[149]
6832,[73]
6833,[157]
6834,[263]
6835,[217]
6836,[214]
6837,[21]
6838,[377]
6839,[42]
6840,[21]
6841,[304]
6842,[214]
6843,[461]
6844,[42]
6845,[79]
6846,[116]
6847,[153]
6848,[193]
6849,[13]
6850,[45]
6851,[219]
6852,[172]
6853,[105]
6854,[21]
6855,[76]
6856,[16]
6857,[101]
6858,[42]
6859,[35]
6860,[180]
6861,[79]
6862,[111]
6863,[377]
6864,[84]
6865,[471]
6866,[19]
6867,[385]
6868,[321]
6869,[148]
6870,[79]
6871,[399]
6872,[408]
6873,[359]
6874,[50]
6875,[44]
6876,[73]
6877,[259]
6878,[79]
6879,[259]
6880,[117]
6881,[49]
6882,[91]
6883,[280]
6884,[42]
6885,[124]
6886,[123]
6887,[277]
6888,[68]
6889,[59]
6890,[16]
6891,[161]
6892,[386]
6893,[50]
6894,[24]
6895,[89]
6896,[1]
6897,[198]
6898,[479]
6899,[23]
6900,[73]
6901,[24]
6902,[326]
6903,[78]
6904,[9]
6905,[79]
6906,[406]
6907,[108]
6908,[160]
6909,[168]
6910,[215]
6911,[40]
6912,[44]
6913,[194]
6914,[194]
6915,[214]
6916,[448]
6917,[1]
6918,[383]
6919,[122]
6920,[256]
6921,[35]
6922,[214]
6923,[213]
6924,[45]
6925,[42]
6926,[40]
6927,[213]
6928,[394]
6929,[211]
6930,[284]
6931,[395]
6932,[107]
6933,[357]
6934,[14]
6935,[142]
6936,[102]
6937,[56]
6938,[338]
6939,[72]
6940,[104]
6941,[170]
6942,[118]
6943,[142]
6944,[96]
6945,[89]
6946,[13]
6947,[42]
6948,[304]
6949,[13]
6950,[436]
6951,[193]
6952,[68]
6953,[158]
6954,[89]
6955,[15]
6956,[9]
6957,[81]
6958,[105]
6959,[476]
6960,[14]
6961,[161]
6962,[41]
6963,[466]
6964,[411]
6965,[149]
6966,[110]
6967,[326]
6968,[400]
6969,[13]
6970,[215]
6971,[30]
6972,[185]
6973,[64]
6974,[45]
6975,[72]
6976,[89]
6977,[49]
6978,[66]
6979,[9]
6980,[79]
6981,[185]
6982,[40]
6983,[79]
6984,[205]
6985,[401]
6986,[15]
6987,[381]
6988,[246]
6989,[447]
6990,[275]
6991,[50]
6992,[191]
6993,[42]
6994,[19]
6995,[239]
6996,[461]
6997,[459]
6998,[49]
6999,[281]
7000,[419]
7001,[474]
7002,[188]
7003,[66]
7004,[275]
7005,[334]
7006,[359]
7007,[128]
7008,[389]
7009,[225]
7010,[57]
7011,[383]
7012,[44]
7013,[42]
7014,[44]
7015,[193]
7016,[12]
7017,[451]
7018,[322]
7019,[334]
7020,[381]
7021,[66]
7022,[222]
7023,[149]
7024,[148]
7025,[401]
7026,[398]
7027,[160]
7028,[104]
7029,[114]
7030,[16]
7031,[275]
7032,[321]
7033,[44]
7034,[70]
7035,[16]
7036,[83]
7037,[133]
7038,[148]
7039,[109]
7040,[126]
7041,[104]
7042,[149]
7043,[117]
7044,[21]
7045,[113]
7046,[123]
7047,[121]
7048,[42]
7049,[222]
7050,[22]
7051,[20]
7052,[288]
7053,[169]
7054,[66]
7055,[9]
7056,[108]
7057,[435]
7058,[96]
7059,[273]
7060,[182]
7061,[214]
7062,[210]
7063,[274]
7064,[54]
7065,[9]
7066,[90]
7067,[34]
7068,[299]
7069,[242]
7070,[112]
7071,[173]
7072,[92]
7073,[14]
7074,[118]
7075,[334]
7076,[79]
7077,[34]
7078,[161]
7079,[42]
7080,[10]
7081,[377]
7082,[192]
7083,[8]
7084,[191]
7085,[432]
7086,[150]
7087,[160]
7088,[151]
7089,[213]
7090,[13]
7091,[61]
7092,[247]
7093,[359]
7094,[165]
7095,[104]
7096,[79]
7097,[424]
7098,[358]
7099,[438]
7100,[78]
7101,[78]
7102,[297]
7103,[6]
7104,[435]
7105,[273]
7106,[105]
7107,[132]
7108,[55]
7109,[206]
7110,[386]
7111,[18]
7112,[111]
7113,[42]
7114,[382]
7115,[435]
7116,[461]
7117,[47]
7118,[403]
7119,[8]
7120,[39]
7121,[104]
7122,[152]
7123,[359]
7124,[303]
7125,[66]
7126,[68]
7127,[292]
7128,[48]
7129,[40]
7130,[16]
7131,[213]
7132,[260]
7133,[283]
7134,[13]
7135,[13]
7136,[321]
7137,[186]
7138,[107]
7139,[283]
7140,[240]
7141,[306]
7142,[432]
7143,[21]
7144,[42]
7145,[377]
7146,[117]
7147,[383]
7148,[104]
7149,[359]
7150,[426]
7151,[216]
7152,[19]
7153,[277]
7154,[39]
7155,[20]
7156,[293]
7157,[471]
7158,[79]
7159,[173]
7160,[21]
7161,[433]
7162,[121]
7163,[77]
7164,[166]
7165,[79]
7166,[165]
7167,[34]
7168,[76]
7169,[17]
7170,[90]
7171,[172]
7172,[319]
7173,[363]
7174,[183]
7175,[13]
7176,[273]
7177,[77]
7178,[126]
7179,[103]
7180,[42]
7181,[240]
7182,[79]
7183,[386]
7184,[295]
7185,[457]
7186,[79]
7187,[273]
7188,[101]
7189,[12]
7190,[359]
7191,[74]
7192,[273]
7193,[109]
7194,[106]
7195,[359]
7196,[108]
7197,[268]
7198,[241]
7199,[158]
7200,[457]
7201,[27]
7202,[138]
7203,[161]
7204,[213]
7205,[152]
7206,[79]
7207,[211]
7208,[149]
7209,[241]
7210,[105]
7211,[55]
7212,[105]
7213,[153]
7214,[77]
7215,[151]
7216,[45]
7217,[243]
7218,[259]
7219,[388]
7220,[367]
7221,[167]
7222,[100]
7223,[353]
7224,[104]
7225,[461]
7226,[79]
7227,[9]
7228,[281]
7229,[377]
7230,[104]
7231,[117]
7232,[45]
7233,[40]
7234,[42]
7235,[270]
7236,[9]
7237,[432]
7238,[40]
7239,[153]
7240,[89]
7241,[353]
7242,[60]
7243,[92]
7244,[120]
7245,[60]
7246,[369]
7247,[471]
7248,[6]
7249,[239]
7250,[117]
7251,[79]
7252,[432]
7253,[214]
7254,[20]
7255,[55]
7256,[376]
7257,[290]
7258,[131]
7259,[33]
7260,[21]
7261,[466]
7262,[91]
7263,[383]
7264,[77]
7265,[159]
7266,[359]
7267,[357]
7268,[72]
7269,[153]
7270,[275]
7271,[181]
7272,[55]
7273,[241]
7274,[75]
7275,[272]
7276,[75]
7277,[197]
7278,[6]
7279,[176]
7280,[363]
7281,[44]
7282,[42]
7283,[79]
7284,[45]
7285,[108]
7286,[161]
7287,[215]
7288,[247]
7289,[249]
7290,[89]
7291,[194]
7292,[104]
7293,[349]
7294,[359]
7295,[142]
7296,[143]
7297,[279]
7298,[143]
7299,[104]
7300,[83]
7301,[241]
7302,[105]
7303,[314]
7304,[45]
7305,[128]
7306,[165]
7307,[435]
7308,[369]
7309,[6]
7310,[125]
7311,[42]
7312,[382]
7313,[448]
7314,[76]
7315,[357]
7316,[44]
7317,[121]
7318,[142]
7319,[121]
7320,[344]
7321,[13]
7322,[471]
7323,[161]
7324,[297]
7325,[121]
7326,[12]
7327,[18]
7328,[79]
7329,[25]
7330,[66]
7331,[44]
7332,[299]
7333,[359]
7334,[33]
7335,[381]
7336,[256]
7337,[98]
7338,[104]
7339,[452]
7340,[188]
7341,[194]
7342,[89]
7343,[158]
7344,[400]
7345,[142]
7346,[70]
7347,[297]
7348,[253]
7349,[299]
7350,[78]
7351,[474]
7352,[132]
7353,[64]
7354,[343]
7355,[20]
7356,[196]
7357,[238]
7358,[107]
7359,[152]
7360,[211]
7361,[50]
7362,[42]
7363,[273]
7364,[172]
7365,[440]
7366,[105]
7367,[114]
7368,[117]
7369,[380]
7370,[114]
7371,[79]
7372,[140]
7373,[50]
7374,[104]
7375,[107]
7376,[233]
7377,[311]
7378,[368]
7379,[472]
7380,[303]
7381,[275]
7382,[77]
7383,[44]
7384,[9]
7385,[215]
7386,[197]
7387,[57]
7388,[42]
7389,[34]
7390,[8]
7391,[401]
7392,[178]
7393,[224]
7394,[172]
7395,[105]
7396,[475]
7397,[193]
7398,[465]
7399,[66]
7400,[214]
7401,[100]
7402,[44]
7403,[214]
7404,[243]
7405,[396]
7406,[55]
7407,[70]
7408,[150]
7409,[297]
7410,[1]
7411,[334]
7412,[101]
7413,[283]
7414,[275]
7415,[52]
7416,[167]
7417,[57]
7418,[63]
7419,[8]
7420,[228]
7421,[357]
7422,[21]
7423,[265]
7424,[266]
7425,[266]
7426,[211]
7427,[31]
7428,[273]
7429,[64]
7430,[48]
7431,[374]
7432,[75]
7433,[42]
7434,[206]
7435,[96]
7436,[98]
7437,[79]
7438,[401]
7439,[45]
7440,[68]
7441,[79]
7442,[118]
7443,[364]
7444,[215]
7445,[118]
7446,[89]
7447,[386]
7448,[23]
7449,[153]
7450,[156]
7451,[1]
7452,[211]
7453,[108]
7454,[211]
7455,[116]
7456,[88]
7457,[18]
7458,[13]
7459,[56]
7460,[273]
7461,[108]
7462,[79]
7463,[78]
7464,[45]
7465,[79]
7466,[364]
7467,[193]
7468,[142]
7469,[144]
7470,[211]
7471,[21]
7472,[16]
7473,[400]
7474,[218]
7475,[293]
7476,[152]
7477,[471]
7478,[374]
7479,[21]
7480,[261]
7481,[125]
7482,[64]
7483,[149]
7484,[79]
7485,[146]
7486,[87]
7487,[161]
7488,[89]
7489,[181]
7490,[79]
7491,[44]
7492,[104]
7493,[118]
7494,[42]
7495,[83]
7496,[44]
7497,[383]
7498,[89]
7499,[173]
7500,[110]
7501,[117]
7502,[79]
7503,[181]
7504,[28]
7505,[50]
7506,[79]
7507,[132]
7508,[240]
7509,[451]
7510,[21]
7511,[386]
7512,[110]
7513,[381]
7514,[472]
7515,[424]
7516,[89]
7517,[273]
7518,[366]
7519,[240]
7520,[159]
7521,[118]
7522,[461]
7523,[193]
7524,[73]
7525,[376]
7526,[413]
7527,[46]
7528,[317]
7529,[369]
7530,[419]
7531,[349]
7532,[380]
7533,[435]
7534,[185]
7535,[61]
7536,[435]
7537,[125]
7538,[359]
7539,[40]
7540,[153]
7541,[44]
7542,[49]
7543,[296]
7544,[351]
7545,[447]
7546,[275]
7547,[105]
7548,[39]
7549,[242]
7550,[132]
7551,[44]
7552,[238]
7553,[150]
7554,[188]
7555,[147]
7556,[277]
7557,[22]
7558,[50]
7559,[213]
7560,[74]
7561,[139]
7562,[315]
7563,[319]
7564,[26]
7565,[160]
7566,[318]
7567,[44]
7568,[185]
7569,[13]
7570,[317]
7571,[83]
7572,[54]
7573,[150]
7574,[217]
7575,[9]
7576,[22]
7577,[97]
7578,[89]
7579,[26]
7580,[41]
7581,[160]
7582,[66]
7583,[381]
7584,[472]
7585,[148]
7586,[45]
7587,[45]
7588,[233]
7589,[418]
7590,[357]
7591,[446]
7592,[63]
7593,[275]
7594,[40]
7595,[79]
7596,[54]
7597,[21]
7598,[56]
7599,[34]
7600,[262]
7601,[369]
7602,[48]
7603,[377]
7604,[207]
7605,[277]
7606,[9]
7607,[9]
7608,[161]
7609,[376]
7610,[45]
7611,[89]
7612,[39]
7613,[89]
7614,[146]
7615,[260]
7616,[84]
7617,[9]
7618,[8]
7619,[292]
7620,[13]
7621,[13]
7622,[197]
7623,[471]
7624,[16]
7625,[105]
7626,[319]
7627,[42]
7628,[473]
7629,[293]
7630,[356]
7631,[253]
7632,[68]
7633,[418]
7634,[450]
7635,[273]
7636,[277]
7637,[315]
7638,[64]
7639,[75]
7640,[90]
7641,[392]
7642,[107]
7643,[295]
7644,[6]
7645,[5]
7646,[356]
7647,[89]
7648,[103]
7649,[277]
7650,[79]
7651,[80]
7652,[44]
7653,[107]
7654,[233]
7655,[105]
7656,[132]
7657,[181]
7658,[359]
7659,[44]
7660,[353]
7661,[58]
7662,[214]
7663,[137]
7664,[89]
7665,[152]
7666,[123]
7667,[381]
7668,[52]
7669,[45]
7670,[133]
7671,[273]
7672,[214]
7673,[71]
7674,[86]
7675,[158]
7676,[193]
7677,[35]
7678,[50]
7679,[327]
7680,[13]
7681,[471]
7682,[357]
7683,[61]
7684,[142]
7685,[161]
7686,[104]
7687,[471]
7688,[39]
7689,[233]
7690,[98]
7691,[56]
7692,[108]
7693,[42]
7694,[149]
7695,[98]
7696,[179]
7697,[12]
7698,[89]
7699,[139]
7700,[281]
7701,[233]
7702,[390]
7703,[273]
7704,[66]
7705,[33]
7706,[461]
7707,[173]
7708,[155]
7709,[24]
7710,[72]
7711,[160]
7712,[426]
7713,[357]
7714,[90]
7715,[77]
7716,[305]
7717,[90]
7718,[193]
7719,[42]
7720,[268]
7721,[275]
7722,[21]
7723,[104]
7724,[75]
7725,[117]
7726,[68]
7727,[44]
7728,[166]
7729,[79]
7730,[238]
7731,[425]
7732,[185]
7733,[60]
7734,[89]
7735,[40]
7736,[233]
7737,[111]
7738,[44]
7739,[173]
7740,[9]
7741,[79]
7742,[181]
7743,[197]
7744,[341]
7745,[132]
7746,[8]
7747,[128]
7748,[66]
7749,[194]
7750,[424]
7751,[75]
7752,[114]
7753,[398]
7754,[89]
7755,[73]
7756,[13]
7757,[274]
7758,[44]
7759,[419]
7760,[165]
7761,[141]
7762,[163]
7763,[265]
7764,[104]
7765,[49]
7766,[101]
7767,[359]
7768,[275]
7769,[408]
7770,[138]
7771,[461]
7772,[152]
7773,[398]
7774,[21]
7775,[89]
7776,[295]
7777,[273]
7778,[461]
7779,[277]
7780,[50]
7781,[109]
7782,[239]
7783,[21]
7784,[89]
7785,[56]
7786,[42]
7787,[423]
7788,[217]
7789,[236]
7790,[21]
7791,[277]
7792,[42]
7793,[300]
7794,[238]
7795,[15]
7796,[13]
7797,[450]
7798,[101]
7799,[79]
7800,[160]
7801,[450]
7802,[213]
7803,[229]
7804,[142]
7805,[50]
7806,[180]
7807,[152]
7808,[16]
7809,[49]
7810,[435]
7811,[13]
7812,[66]
7813,[118]
7814,[317]
7815,[263]
7816,[470]
7817,[153]
7818,[108]
7819,[89]
7820,[215]
7821,[374]
7822,[165]
7823,[78]
7824,[37]
7825,[104]
7826,[13]
7827,[214]
7828,[275]
7829,[376]
7830,[160]
7831,[35]
7832,[366]
7833,[121]
7834,[369]
7835,[49]
7836,[79]
7837,[44]
7838,[214]
7839,[20]
7840,[367]
7841,[9]
7842,[290]
7843,[302]
7844,[13]
7845,[33]
7846,[198]
7847,[214]
7848,[118]
7849,[73]
7850,[359]
7851,[120]
7852,[275]
7853,[321]
7854,[15]
7855,[361]
7856,[27]
7857,[161]
7858,[126]
7859,[63]
7860,[193]
7861,[83]
7862,[9]
7863,[84]
7864,[89]
7865,[246]
7866,[383]
7867,[12]
7868,[422]
7869,[42]
7870,[32]
7871,[293]
7872,[105]
7873,[68]
7874,[42]
7875,[118]
7876,[195]
7877,[42]
7878,[90]
7879,[197]
7880,[22]
7881,[9]
7882,[117]
7883,[35]
7884,[208]
7885,[79]
7886,[50]
7887,[39]
7888,[31]
7889,[106]
7890,[378]
7891,[432]
7892,[247]
7893,[148]
7894,[273]
7895,[233]
7896,[9]
7897,[251]
7898,[392]
7899,[205]
7900,[475]
7901,[45]
7902,[66]
7903,[185]
7904,[40]
7905,[242]
7906,[153]
7907,[98]
7908,[98]
7909,[142]
7910,[13]
7911,[125]
7912,[283]
7913,[188]
7914,[42]
7915,[9]
7916,[9]
7917,[153]
7918,[197]
7919,[60]
7920,[104]
7921,[369]
7922,[89]
7923,[149]
7924,[131]
7925,[214]
7926,[21]
7927,[130]
7928,[359]
7929,[383]
7930,[42]
7931,[113]
7932,[184]
7933,[166]
7934,[427]
7935,[106]
7936,[417]
7937,[104]
7938,[127]
7939,[331]
7940,[15]
7941,[44]
7942,[440]
7943,[326]
7944,[108]
7945,[117]
7946,[188]
7947,[277]
7948,[117]
7949,[242]
7950,[74]
7951,[148]
7952,[376]
7953,[167]
7954,[239]
7955,[41]
7956,[33]
7957,[77]
7958,[280]
7959,[60]
7960,[359]
7961,[18]
7962,[108]
7963,[170]
7964,[84]
7965,[92]
7966,[76]
7967,[217]
7968,[73]
7969,[238]
7970,[242]
7971,[433]
7972,[89]
7973,[304]
7974,[471]
7975,[156]
7976,[76]
7977,[391]
7978,[104]
7979,[268]
7980,[9]
7981,[194]
7982,[383]
7983,[408]
7984,[42]
7985,[89]
7986,[214]
7987,[39]
7988,[23]
7989,[89]
7990,[13]
7991,[193]
7992,[40]
7993,[89]
7994,[359]
7995,[273]
7996,[413]
7997,[452]
7998,[77]
7999,[117]
8000,[152]
8001,[104]
8002,[84]
8003,[89]
8004,[265]
8005,[8]
8006,[36]
8007,[211]
8008,[153]
8009,[359]
8010,[471]
8011,[225]
8012,[293]
8013,[179]
8014,[24]
8015,[14]
8016,[21]
8017,[8]
8018,[273]
8019,[290]
8020,[42]
8021,[73]
8022,[239]
8023,[412]
8024,[79]
8025,[369]
8026,[114]
8027,[299]
8028,[79]
8029,[45]
8030,[150]
8031,[239]
8032,[153]
8033,[79]
8034,[278]
8035,[85]
8036,[22]
8037,[370]
8038,[114]
8039,[121]
8040,[48]
8041,[148]
8042,[29]
8043,[66]
8044,[117]
8045,[44]
8046,[295]
8047,[6]
8048,[26]
8049,[110]
8050,[9]
8051,[13]
8052,[153]
8053,[211]
8054,[15]
8055,[389]
8056,[14]
8057,[140]
8058,[411]
8059,[459]
8060,[182]
8061,[92]
8062,[401]
8063,[214]
8064,[285]
8065,[178]
8066,[149]
8067,[381]
8068,[472]
8069,[361]
8070,[45]
8071,[215]
8072,[30]
8073,[281]
8074,[408]
8075,[63]
8076,[78]
8077,[79]
8078,[317]
8079,[277]
8080,[41]
8081,[180]
8082,[268]
8083,[188]
8084,[401]
8085,[193]
8086,[394]
8087,[215]
8088,[42]
8089,[21]
8090,[374]
8091,[376]
8092,[416]
8093,[42]
8094,[158]
8095,[160]
8096,[182]
8097,[229]
8098,[399]
8099,[71]
8100,[143]
8101,[461]
8102,[430]
8103,[213]
8104,[461]
8105,[14]
8106,[301]
8107,[42]
8108,[50]
8109,[12]
8110,[66]
8111,[89]
8112,[435]
8113,[233]
8114,[108]
8115,[79]
8116,[60]
8117,[118]
8118,[44]
8119,[317]
8120,[130]
8121,[165]
8122,[50]
8123,[173]
8124,[385]
8125,[260]
8126,[257]
8127,[104]
8128,[357]
8129,[147]
8130,[273]
8131,[68]
8132,[71]
8133,[220]
8134,[401]
8135,[193]
8136,[26]
8137,[79]
8138,[141]
8139,[14]
8140,[79]
8141,[42]
8142,[165]
8143,[430]
8144,[255]
8145,[89]
8146,[90]
8147,[327]
8148,[138]
8149,[193]
8150,[219]
8151,[92]
8152,[161]
8153,[215]
8154,[13]
8155,[381]
8156,[434]
8157,[471]
8158,[91]
8159,[361]
8160,[198]
8161,[72]
8162,[23]
8163,[103]
8164,[168]
8165,[49]
8166,[31]
8167,[13]
8168,[4]
8169,[40]
8170,[116]
8171,[252]
8172,[142]
8173,[13]
8174,[242]
8175,[462]
8176,[39]
8177,[40]
8178,[460]
8179,[59]
8180,[294]
8181,[273]
8182,[198]
8183,[273]
8184,[409]
8185,[40]
8186,[15]
8187,[290]
8188,[105]
8189,[277]
8190,[108]
8191,[155]
8192,[49]
8193,[90]
8194,[381]
8195,[214]
8196,[106]
8197,[165]
8198,[90]
8199,[13]
8200,[46]
8201,[45]
8202,[161]
8203,[45]
8204,[89]
8205,[215]
8206,[282]
8207,[14]
8208,[41]
8209,[42]
8210,[114]
8211,[197]
8212,[473]
8213,[42]
8214,[142]
8215,[273]
8216,[12]
8217,[255]
8218,[196]
8219,[357]
8220,[150]
8221,[72]
8222,[215]
8223,[74]
8224,[464]
8225,[273]
8226,[277]
8227,[374]
8228,[153]
8229,[34]
8230,[20]
8231,[9]
8232,[33]
8233,[126]
8234,[438]
8235,[74]
8236,[153]
8237,[125]
8238,[274]
8239,[277]
8240,[40]
8241,[181]
8242,[325]
8243,[9]
8244,[321]
8245,[117]
8246,[238]
8247,[79]
8248,[181]
8249,[9]
8250,[282]
8251,[255]
8252,[314]
8253,[44]
8254,[205]
8255,[52]
8256,[386]
8257,[150]
8258,[84]
8259,[68]
8260,[213]
8261,[435]
8262,[9]
8263,[42]
8264,[70]
8265,[211]
8266,[106]
8267,[68]
8268,[89]
8269,[56]
8270,[142]
8271,[21]
8272,[100]
8273,[14]
8274,[21]
8275,[42]
8276,[66]
8277,[440]
8278,[3]
8279,[14]
8280,[13]
8281,[116]
8282,[344]
8283,[90]
8284,[55]
8285,[274]
8286,[118]
8287,[146]
8288,[71]
8289,[118]
8290,[9]
8291,[44]
8292,[215]
8293,[184]
8294,[161]
8295,[404]
8296,[16]
8297,[148]
8298,[145]
8299,[331]
8300,[16]
8301,[24]
8302,[151]
8303,[101]
8304,[31]
8305,[44]
8306,[344]
8307,[79]
8308,[152]
8309,[351]
8310,[198]
8311,[304]
8312,[42]
8313,[48]
8314,[197]
8315,[381]
8316,[423]
8317,[105]
8318,[338]
8319,[149]
8320,[239]
8321,[42]
8322,[236]
8323,[127]
8324,[380]
8325,[79]
8326,[293]
8327,[344]
8328,[58]
8329,[274]
8330,[159]
8331,[89]
8332,[108]
8333,[68]
8334,[44]
8335,[13]
8336,[328]
8337,[465]
8338,[432]
8339,[50]
8340,[63]
8341,[115]
8342,[21]
8343,[123]
8344,[104]
8345,[64]
8346,[310]
8347,[363]
8348,[394]
8349,[153]
8350,[44]
8351,[152]
8352,[173]
8353,[148]
8354,[21]
8355,[104]
8356,[20]
8357,[66]
8358,[4]
8359,[381]
8360,[136]
8361,[137]
8362,[395]
8363,[137]
8364,[233]
8365,[432]
8366,[107]
8367,[20]
8368,[234]
8369,[193]
8370,[3]
8371,[447]
8372,[206]
8373,[108]
8374,[79]
8375,[89]
8376,[42]
8377,[103]
8378,[117]
8379,[173]
8380,[44]
8381,[42]
8382,[198]
8383,[126]
8384,[36]
8385,[452]
8386,[39]
8387,[124]
8388,[107]
8389,[44]
8390,[108]
8391,[215]
8392,[377]
8393,[193]
8394,[89]
8395,[356]
8396,[105]
8397,[21]
8398,[40]
8399,[168]
8400,[68]
8401,[273]
8402,[393]
8403,[13]
8404,[196]
8405,[238]
8406,[234]
8407,[236]
8408,[13]
8409,[359]
8410,[171]
8411,[307]
8412,[33]
8413,[292]
8414,[84]
8415,[21]
8416,[440]
8417,[103]
8418,[24]
8419,[206]
8420,[79]
8421,[104]
8422,[118]
8423,[161]
8424,[13]
8425,[13]
8426,[75]
8427,[273]
8428,[116]
8429,[104]
8430,[155]
8431,[21]
8432,[90]
8433,[71]
8434,[153]
8435,[1]
8436,[72]
8437,[74]
8438,[400]
8439,[161]
8440,[35]
8441,[48]
8442,[89]
8443,[91]
8444,[150]
8445,[132]
8446,[73]
8447,[242]
8448,[34]
8449,[292]
8450,[215]
8451,[107]
8452,[3]
8453,[196]
8454,[374]
8455,[126]
8456,[13]
8457,[259]
8458,[331]
8459,[209]
8460,[117]
8461,[79]
8462,[152]
8463,[236]
8464,[74]
8465,[35]
8466,[277]
8467,[39]
8468,[45]
8469,[217]
8470,[189]
8471,[66]
8472,[39]
8473,[143]
8474,[214]
8475,[238]
8476,[374]
8477,[21]
8478,[9]
8479,[79]
8480,[79]
8481,[110]
8482,[423]
8483,[122]
8484,[104]
8485,[44]
8486,[179]
8487,[9]
8488,[21]
8489,[55]
8490,[6]
8491,[277]
8492,[79]
8493,[44]
8494,[100]
8495,[234]
8496,[326]
8497,[235]
8498,[163]
8499,[471]
8500,[336]
8501,[79]
8502,[42]
8503,[132]
8504,[238]
8505,[464]
8506,[197]
8507,[446]
8508,[64]
8509,[55]
8510,[273]
8511,[117]
8512,[40]
8513,[88]
8514,[277]
8515,[30]
8516,[171]
8517,[13]
8518,[108]
8519,[215]
8520,[408]
8521,[422]
8522,[291]
8523,[153]
8524,[44]
8525,[367]
8526,[14]
8527,[161]
8528,[435]
8529,[103]
8530,[79]
8531,[90]
8532,[44]
8533,[79]
8534,[152]
8535,[42]
8536,[44]
8537,[44]
8538,[33]
8539,[13]
8540,[297]
8541,[214]
8542,[291]
8543,[191]
8544,[3]
8545,[430]
8546,[359]
8547,[74]
8548,[16]
8549,[430]
8550,[171]
8551,[89]
8552,[3]
8553,[293]
8554,[91]
8555,[312]
8556,[79]
8557,[356]
8558,[83]
8559,[213]
8560,[108]
8561,[194]
8562,[213]
8563,[48]
8564,[243]
8565,[370]
8566,[42]
8567,[297]
8568,[24]
8569,[319]
8570,[357]
8571,[419]
8572,[90]
8573,[191]
8574,[21]
8575,[13]
8576,[98]
8577,[158]
8578,[273]
8579,[381]
8580,[234]
8581,[42]
8582,[49]
8583,[376]
8584,[79]
8585,[34]
8586,[55]
8587,[142]
8588,[117]
8589,[216]
8590,[152]
8591,[79]
8592,[44]
8593,[13]
8594,[273]
8595,[117]
8596,[277]
8597,[171]
8598,[74]
8599,[121]
8600,[105]
8601,[305]
8602,[40]
8603,[27]
8604,[470]
8605,[376]
8606,[73]
8607,[45]
8608,[107]
8609,[56]
8610,[192]
8611,[91]
8612,[369]
8613,[364]
8614,[9]
8615,[337]
8616,[151]
8617,[54]
8618,[79]
8619,[152]
8620,[359]
8621,[110]
8622,[153]
8623,[113]
8624,[408]
8625,[213]
8626,[85]
8627,[79]
8628,[359]
8629,[9]
8630,[89]
8631,[126]
8632,[49]
8633,[42]
8634,[18]
8635,[248]
8636,[117]
8637,[15]
8638,[90]
8639,[79]
8640,[235]
8641,[314]
8642,[159]
8643,[277]
8644,[196]
8645,[357]
8646,[71]
8647,[404]
8648,[144]
8649,[3]
8650,[381]
8651,[52]
8652,[123]
8653,[239]
8654,[41]
8655,[43]
8656,[42]
8657,[76]
8658,[213]
8659,[149]
8660,[213]
8661,[9]
8662,[138]
8663,[61]
8664,[97]
8665,[49]
8666,[389]
8667,[420]
8668,[395]
8669,[40]
8670,[259]
8671,[376]
8672,[461]
8673,[103]
8674,[181]
8675,[171]
8676,[21]
8677,[408]
8678,[430]
8679,[79]
8680,[299]
8681,[141]
8682,[45]
8683,[47]
8684,[79]
8685,[23]
8686,[48]
8687,[233]
8688,[277]
8689,[197]
8690,[48]
8691,[21]
8692,[380]
8693,[153]
8694,[73]
8695,[196]
8696,[68]
8697,[297]
8698,[65]
8699,[171]
8700,[208]
8701,[13]
8702,[21]
8703,[167]
8704,[72]
8705,[21]
8706,[335]
8707,[61]
8708,[269]
8709,[123]
8710,[139]
8711,[66]
8712,[153]
8713,[447]
8714,[90]
8715,[197]
8716,[374]
8717,[399]
8718,[172]
8719,[383]
8720,[189]
8721,[49]
8722,[169]
8723,[143]
8724,[180]
8725,[108]
8726,[104]
8727,[44]
8728,[75]
8729,[18]
8730,[203]
8731,[109]
8732,[152]
8733,[49]
8734,[13]
8735,[98]
8736,[116]
8737,[79]
8738,[290]
8739,[268]
8740,[389]
8741,[84]
8742,[376]
8743,[195]
8744,[273]
8745,[171]
8746,[149]
8747,[104]
8748,[450]
8749,[79]
8750,[110]
8751,[89]
8752,[49]
8753,[104]
8754,[98]
8755,[233]
8756,[44]
8757,[44]
8758,[149]
8759,[104]
8760,[104]
8761,[260]
8762,[213]
8763,[123]
8764,[188]
8765,[47]
8766,[100]
8767,[169]
8768,[16]
8769,[471]
8770,[213]
8771,[269]
8772,[277]
8773,[35]
8774,[423]
8775,[45]
8776,[277]
8777,[72]
8778,[169]
8779,[79]
8780,[111]
8781,[291]
8782,[185]
8783,[42]
8784,[142]
8785,[273]
8786,[410]
8787,[153]
8788,[233]
8789,[39]
8790,[157]
8791,[401]
8792,[42]
8793,[16]
8794,[3]
8795,[105]
8796,[193]
8797,[277]
8798,[66]
8799,[165]
8800,[42]
8801,[465]
8802,[268]
8803,[249]
8804,[142]
8805,[131]
8806,[76]
8807,[42]
8808,[153]
8809,[21]
8810,[9]
8811,[79]
8812,[291]
8813,[79]
8814,[419]
8815,[116]
8816,[408]
8817,[400]
8818,[89]
8819,[96]
8820,[40]
8821,[117]
8822,[172]
8823,[123]
8824,[296]
8825,[79]
8826,[359]
8827,[79]
8828,[206]
8829,[331]
8830,[277]
8831,[103]
8832,[186]
8833,[90]
8834,[13]
8835,[66]
8836,[42]
8837,[44]
8838,[130]
8839,[141]
8840,[13]
8841,[376]
8842,[180]
8843,[89]
8844,[403]
8845,[181]
8846,[275]
8847,[286]
8848,[181]
8849,[214]
8850,[114]
8851,[452]
8852,[42]
8853,[277]
8854,[9]
8855,[153]
8856,[89]
8857,[21]
8858,[284]
8859,[363]
8860,[39]
8861,[247]
8862,[215]
8863,[153]
8864,[255]
8865,[74]
8866,[117]
8867,[9]
8868,[45]
8869,[276]
8870,[374]
8871,[89]
8872,[66]
8873,[218]
8874,[369]
8875,[49]
8876,[9]
8877,[374]
8878,[57]
8879,[61]
8880,[79]
8881,[153]
8882,[300]
8883,[42]
8884,[471]
8885,[21]
8886,[50]
8887,[359]
8888,[386]
8889,[140]
8890,[406]
8891,[118]
8892,[281]
8893,[292]
8894,[60]
8895,[152]
8896,[259]
8897,[118]
8898,[18]
8899,[447]
8900,[161]
8901,[42]
8902,[110]
8903,[21]
8904,[211]
8905,[13]
8906,[42]
8907,[8]
8908,[346]
8909,[367]
8910,[122]
8911,[165]
8912,[230]
8913,[1]
8914,[317]
8915,[60]
8916,[185]
8917,[79]
8918,[235]
8919,[131]
8920,[432]
8921,[79]
8922,[412]
8923,[13]
8924,[160]
8925,[141]
8926,[424]
8927,[79]
8928,[44]
8929,[50]
8930,[13]
8931,[105]
8932,[181]
8933,[39]
8934,[277]
8935,[107]
8936,[9]
8937,[457]
8938,[149]
8939,[197]
8940,[280]
8941,[102]
8942,[422]
8943,[101]
8944,[224]
8945,[261]
8946,[33]
8947,[471]
8948,[117]
8949,[159]
8950,[161]
8951,[21]
8952,[104]
8953,[214]
8954,[298]
8955,[215]
8956,[106]
8957,[351]
8958,[155]
8959,[478]
8960,[105]
8961,[381]
8962,[233]
8963,[408]
8964,[440]
8965,[68]
8966,[55]
8967,[35]
8968,[79]
8969,[198]
8970,[246]
8971,[385]
8972,[42]
8973,[165]
8974,[166]
8975,[149]
8976,[317]
8977,[3]
8978,[9]
8979,[172]
8980,[206]
8981,[317]
8982,[6]
8983,[130]
8984,[79]
8985,[68]
8986,[75]
8987,[143]
8988,[42]
8989,[153]
8990,[79]
8991,[211]
8992,[275]
8993,[41]
8994,[156]
8995,[79]
8996,[193]
8997,[336]
8998,[9]
8999,[295]
9000,[15]
9001,[213]
9002,[326]
9003,[107]
9004,[39]
9005,[35]
9006,[316]
9007,[21]
9008,[47]
9009,[192]
9010,[77]
9011,[8]
9012,[149]
9013,[461]
9014,[46]
9015,[302]
9016,[277]
9017,[155]
9018,[89]
9019,[9]
9020,[44]
9021,[177]
9022,[426]
9023,[66]
9024,[343]
9025,[21]
9026,[105]
9027,[385]
9028,[68]
9029,[105]
9030,[75]
9031,[88]
9032,[132]
9033,[335]
9034,[36]
9035,[79]
9036,[132]
9037,[181]
9038,[242]
9039,[338]
9040,[305]
9041,[22]
9042,[381]
9043,[136]
9044,[110]
9045,[39]
9046,[195]
9047,[126]
9048,[63]
9049,[83]
9050,[14]
9051,[273]
9052,[50]
9053,[45]
9054,[376]
9055,[117]
9056,[189]
9057,[1]
9058,[186]
9059,[354]
9060,[211]
9061,[240]
9062,[398]
9063,[69]
9064,[233]
9065,[42]
9066,[473]
9067,[163]
9068,[116]
9069,[356]
9070,[41]
9071,[60]
9072,[141]
9073,[100]
9074,[260]
9075,[381]
9076,[131]
9077,[44]
9078,[356]
9079,[353]
9080,[132]
9081,[156]
9082,[146]
9083,[144]
9084,[242]
9085,[239]
9086,[50]
9087,[355]
9088,[273]
9089,[269]
9090,[79]
9091,[433]
9092,[277]
9093,[165]
9094,[181]
9095,[273]
9096,[107]
9097,[273]
9098,[3]
9099,[381]
9100,[359]
9101,[34]
9102,[35]
9103,[23]
9104,[3]
9105,[44]
9106,[84]
9107,[160]
9108,[159]
9109,[465]
9110,[79]
9111,[349]
9112,[122]
9113,[382]
9114,[396]
9115,[172]
9116,[273]
9117,[269]
9118,[79]
9119,[266]
9120,[130]
9121,[242]
9122,[213]
9123,[83]
9124,[157]
9125,[315]
9126,[42]
9127,[195]
9128,[16]
9129,[243]
9130,[321]
9131,[304]
9132,[23]
9133,[44]
9134,[85]
9135,[410]
9136,[173]
9137,[56]
9138,[85]
9139,[71]
9140,[70]
9141,[42]
9142,[331]
9143,[149]
9144,[49]
9145,[370]
9146,[219]
9147,[39]
9148,[54]
9149,[34]
9150,[66]
9151,[79]
9152,[462]
9153,[161]
9154,[357]
9155,[141]
9156,[111]
9157,[116]
9158,[21]
9159,[44]
9160,[180]
9161,[117]
9162,[193]
9163,[471]
9164,[353]
9165,[122]
9166,[218]
9167,[73]
9168,[34]
9169,[22]
9170,[74]
9171,[255]
9172,[277]
9173,[198]
9174,[104]
9175,[45]
9176,[61]
9177,[14]
9178,[44]
9179,[301]
9180,[355]
9181,[275]
9182,[138]
9183,[79]
9184,[152]
9185,[45]
9186,[346]
9187,[117]
9188,[71]
9189,[273]
9190,[45]
9191,[63]
9192,[198]
9193,[139]
9194,[74]
9195,[115]
9196,[465]
9197,[63]
9198,[45]
9199,[117]
9200,[79]
9201,[50]
9202,[478]
9203,[473]
9204,[193]
9205,[58]
9206,[435]
9207,[460]
9208,[353]
9209,[215]
9210,[162]
9211,[21]
9212,[373]
9213,[193]
9214,[83]
9215,[78]
9216,[151]
9217,[304]
9218,[9]
9219,[33]
9220,[108]
9221,[117]
9222,[79]
9223,[369]
9224,[357]
9225,[116]
9226,[476]
9227,[153]
9228,[197]
9229,[13]
9230,[73]
9231,[104]
9232,[44]
9233,[105]
9234,[153]
9235,[471]
9236,[16]
9237,[389]
9238,[248]
9239,[79]
9240,[206]
9241,[117]
9242,[71]
9243,[45]
9244,[24]
9245,[142]
9246,[196]
9247,[45]
9248,[86]
9249,[415]
9250,[45]
9251,[331]
9252,[158]
9253,[138]
9254,[353]
9255,[290]
9256,[79]
9257,[117]
9258,[195]
9259,[75]
9260,[151]
9261,[79]
9262,[98]
9263,[218]
9264,[148]
9265,[305]
9266,[321]
9267,[270]
9268,[380]
9269,[383]
9270,[304]
9271,[366]
9272,[242]
9273,[392]
9274,[24]
9275,[8]
9276,[101]
9277,[179]
9278,[9]
9279,[158]
9280,[40]
9281,[193]
9282,[173]
9283,[58]
9284,[193]
9285,[160]
9286,[414]
9287,[12]
9288,[34]
9289,[475]
9290,[86]
9291,[3]
9292,[8]
9293,[233]
9294,[239]
9295,[107]
9296,[106]
9297,[55]
9298,[144]
9299,[44]
9300,[234]
9301,[152]
9302,[273]
9303,[44]
9304,[111]
9305,[146]
9306,[144]
9307,[242]
9308,[148]
9309,[45]
9310,[192]
9311,[44]
9312,[30]
9313,[105]
9314,[89]
9315,[50]
9316,[66]
9317,[45]
9318,[386]
9319,[125]
9320,[79]
9321,[90]
9322,[47]
9323,[55]
9324,[293]
9325,[118]
9326,[158]
9327,[122]
9328,[107]
9329,[101]
9330,[56]
9331,[98]
9332,[337]
9333,[150]
9334,[24]
9335,[110]
9336,[58]
9337,[90]
9338,[356]
9339,[334]
9340,[21]
9341,[84]
9342,[142]
9343,[182]
9344,[13]
9345,[107]
9346,[9]
9347,[393]
9348,[127]
9349,[327]
9350,[172]
9351,[182]
9352,[275]
9353,[361]
9354,[74]
9355,[116]
9356,[138]
9357,[216]
9358,[359]
9359,[181]
9360,[68]
9361,[76]
9362,[152]
9363,[381]
9364,[186]
9365,[13]
9366,[359]
9367,[325]
9368,[74]
9369,[214]
9370,[180]
9371,[123]
9372,[74]
9373,[14]
9374,[357]
9375,[74]
9376,[158]
9377,[181]
9378,[344]
9379,[214]
9380,[369]
9381,[152]
9382,[193]
9383,[9]
9384,[160]
9385,[27]
9386,[356]
9387,[428]
9388,[165]
9389,[403]
9390,[274]
9391,[240]
9392,[344]
9393,[5]
9394,[288]
9395,[94]
9396,[83]
9397,[167]
9398,[45]
9399,[233]
9400,[193]
9401,[13]
9402,[148]
9403,[115]
9404,[117]
9405,[334]
9406,[90]
9407,[9]
9408,[39]
9409,[116]
9410,[462]
9411,[42]
9412,[104]
9413,[461]
9414,[104]
9415,[16]
9416,[79]
9417,[50]
9418,[282]
9419,[73]
9420,[13]
9421,[369]
9422,[120]
9423,[18]
9424,[111]
9425,[49]
9426,[44]
9427,[471]
9428,[380]
9429,[198]
9430,[235]
9431,[277]
9432,[31]
9433,[49]
9434,[206]
9435,[211]
9436,[9]
9437,[53]
9438,[8]
9439,[66]
9440,[401]
9441,[440]
9442,[290]
9443,[68]
9444,[211]
9445,[124]
9446,[408]
9447,[104]
9448,[211]
9449,[389]
9450,[443]
9451,[172]
9452,[101]
9453,[118]
9454,[273]
9455,[104]
9456,[79]
9457,[258]
9458,[473]
9459,[299]
9460,[274]
9461,[233]
9462,[142]
9463,[52]
9464,[79]
9465,[13]
9466,[424]
9467,[179]
9468,[6]
9469,[293]
9470,[376]
9471,[373]
9472,[50]
9473,[291]
9474,[335]
9475,[44]
9476,[114]
9477,[197]
9478,[79]
9479,[177]
9480,[114]
9481,[376]
9482,[110]
9483,[41]
9484,[73]
9485,[68]
9486,[19]
9487,[107]
9488,[104]
9489,[233]
9490,[181]
9491,[148]
9492,[223]
9493,[13]
9494,[366]
9495,[44]
9496,[73]
9497,[158]
9498,[142]
9499,[218]
9500,[118]
9501,[317]
9502,[55]
9503,[100]
9504,[46]
9505,[266]
9506,[269]
9507,[69]
9508,[243]
9509,[45]
9510,[34]
9511,[399]
9512,[107]
9513,[104]
9514,[348]
9515,[157]
9516,[247]
9517,[141]
9518,[245]
9519,[50]
9520,[154]
9521,[196]
9522,[161]
9523,[181]
9524,[328]
9525,[376]
9526,[188]
9527,[217]
9528,[79]
9529,[89]
9530,[233]
9531,[239]
9532,[215]
9533,[143]
9534,[457]
9535,[245]
9536,[55]
9537,[44]
9538,[356]
9539,[44]
9540,[386]
9541,[165]
9542,[3]
9543,[165]
9544,[79]
9545,[242]
9546,[84]
9547,[153]
9548,[412]
9549,[293]
9550,[48]
9551,[369]
9552,[116]
9553,[156]
9554,[89]
9555,[369]
9556,[239]
9557,[367]
9558,[56]
9559,[41]
9560,[114]
9561,[42]
9562,[76]
9563,[273]
9564,[50]
9565,[92]
9566,[117]
9567,[160]
9568,[136]
9569,[107]
9570,[471]
9571,[377]
9572,[6]
9573,[277]
9574,[79]
9575,[204]
9576,[304]
9577,[233]
9578,[273]
9579,[79]
9580,[68]
9581,[125]
9582,[48]
9583,[48]
9584,[371]
9585,[205]
9586,[111]
9587,[336]
9588,[357]
9589,[441]
9590,[70]
9591,[401]
9592,[200]
9593,[100]
9594,[215]
9595,[44]
9596,[152]
9597,[239]
9598,[317]
9599,[75]
9600,[157]
9601,[45]
9602,[153]
9603,[13]
9604,[9]
9605,[158]
9606,[48]
9607,[117]
9608,[9]
9609,[198]
9610,[438]
9611,[163]
9612,[17]
9613,[193]
9614,[105]
9615,[181]
9616,[44]
9617,[396]
9618,[110]
9619,[3]
9620,[35]
9621,[173]
9622,[89]
9623,[273]
9624,[79]
9625,[3]
9626,[214]
9627,[197]
9628,[215]
9629,[48]
9630,[90]
9631,[148]
9632,[118]
9633,[290]
9634,[432]
9635,[50]
9636,[162]
9637,[398]
9638,[79]
9639,[66]
9640,[118]
9641,[79]
9642,[116]
9643,[274]
9644,[461]
9645,[44]
9646,[71]
9647,[285]
9648,[75]
9649,[353]
9650,[466]
9651,[117]
9652,[118]
9653,[79]
9654,[208]
9655,[73]
9656,[140]
9657,[473]
9658,[376]
9659,[195]
9660,[399]
9661,[167]
9662,[123]
9663,[58]
9664,[171]
9665,[42]
9666,[33]
9667,[461]
9668,[214]
9669,[84]
9670,[222]
9671,[33]
9672,[193]
9673,[297]
9674,[44]
9675,[66]
9676,[182]
9677,[194]
9678,[135]
9679,[277]
9680,[259]
9681,[118]
9682,[49]
9683,[293]
9684,[79]
9685,[71]
9686,[15]
9687,[13]
9688,[277]
9689,[157]
9690,[292]
9691,[153]
9692,[376]
9693,[357]
9694,[118]
9695,[147]
9696,[21]
9697,[218]
9698,[121]
9699,[140]
9700,[326]
9701,[344]
9702,[4]
9703,[107]
9704,[399]
9705,[17]
9706,[117]
9707,[21]
9708,[73]
9709,[309]
9710,[172]
9711,[79]
9712,[116]
9713,[42]
9714,[321]
9715,[71]
9716,[44]
9717,[344]
9718,[27]
9719,[361]
9720,[39]
9721,[471]
9722,[117]
9723,[154]
9724,[84]
9725,[142]
9726,[277]
9727,[103]
9728,[192]
9729,[107]
9730,[290]
9731,[152]
9732,[300]
9733,[176]
9734,[374]
9735,[182]
9736,[74]
9737,[40]
9738,[24]
9739,[321]
9740,[35]
9741,[325]
9742,[14]
9743,[128]
9744,[159]
9745,[50]
9746,[79]
9747,[42]
9748,[193]
9749,[359]
9750,[42]
9751,[331]
9752,[42]
9753,[297]
9754,[34]
9755,[473]
9756,[89]
9757,[138]
9758,[79]
9759,[44]
9760,[328]
9761,[3]
9762,[73]
9763,[202]
9764,[239]
9765,[3]
9766,[90]
9767,[42]
9768,[46]
9769,[233]
9770,[109]
9771,[377]
9772,[190]
9773,[97]
9774,[79]
9775,[77]
9776,[213]
9777,[266]
9778,[298]
9779,[383]
9780,[163]
9781,[4]
9782,[345]
9783,[79]
9784,[42]
9785,[381]
9786,[273]
9787,[180]
9788,[417]
9789,[9]
9790,[269]
9791,[194]
9792,[9]
9793,[374]
9794,[35]
9795,[185]
9796,[434]
9797,[42]
9798,[153]
9799,[79]
9800,[74]
9801,[66]
9802,[149]
9803,[299]
9804,[1]
9805,[47]
9806,[36]
9807,[359]
9808,[79]
9809,[97]
9810,[61]
9811,[79]
9812,[155]
9813,[169]
9814,[49]
9815,[24]
9816,[16]
9817,[441]
9818,[142]
9819,[408]
9820,[197]
9821,[107]
9822,[369]
9823,[130]
9824,[52]
9825,[181]
9826,[275]
9827,[3]
9828,[376]
9829,[89]
9830,[12]
9831,[193]
9832,[138]
9833,[89]
9834,[461]
9835,[15]
9836,[83]
9837,[52]
9838,[13]
9839,[75]
9840,[239]
9841,[31]
9842,[61]
9843,[117]
9844,[79]
9845,[111]
9846,[89]
9847,[45]
9848,[9]
9849,[12]
9850,[357]
9851,[344]
9852,[79]
9853,[438]
9854,[167]
9855,[58]
9856,[127]
9857,[138]
9858,[127]
9859,[39]
9860,[299]
9861,[255]
9862,[245]
9863,[63]
9864,[40]
9865,[42]
9866,[383]
9867,[457]
9868,[13]
9869,[383]
9870,[359]
9871,[77]
9872,[44]
9873,[89]
9874,[374]
9875,[50]
9876,[89]
9877,[152]
9878,[13]
9879,[14]
9880,[78]
9881,[79]
9882,[161]
9883,[157]
9884,[104]
9885,[41]
9886,[242]
9887,[44]
9888,[73]
9889,[117]
9890,[34]
9891,[268]
9892,[40]
9893,[107]
9894,[215]
9895,[299]
9896,[148]
9897,[193]
9898,[148]
9899,[42]
9900,[122]
9901,[422]
9902,[40]
9903,[213]
9904,[317]
9905,[75]
9906,[20]
9907,[325]
9908,[55]
9909,[357]
9910,[277]
9911,[107]
9912,[363]
9913,[398]
9914,[326]
9915,[198]
9916,[44]
9917,[225]
9918,[148]
9919,[75]
9920,[98]
9921,[77]
9922,[260]
9923,[152]
9924,[44]
9925,[241]
9926,[90]
9927,[79]
9928,[21]
9929,[104]
9930,[214]
9931,[167]
9932,[410]
9933,[34]
9934,[367]
9935,[77]
9936,[233]
9937,[105]
9938,[21]
9939,[367]
9940,[139]
9941,[73]
9942,[99]
9943,[42]
9944,[13]
9945,[42]
9946,[70]
9947,[233]
9948,[173]
9949,[118]
9950,[83]
9951,[41]
9952,[79]
9953,[79]
9954,[176]
9955,[117]
9956,[359]
9957,[107]
9958,[3]
9959,[471]
9960,[118]
9961,[98]
9962,[15]
9963,[111]
9964,[42]
9965,[475]
9966,[375]
9967,[42]
9968,[42]
9969,[75]
9970,[471]
9971,[172]
9972,[147]
9973,[372]
9974,[153]
9975,[369]
9976,[44]
9977,[434]
9978,[131]
9979,[44]
9980,[108]
9981,[242]
9982,[104]
9983,[21]
9984,[71]
9985,[4]
9986,[383]
9987,[233]
9988,[9]
9989,[117]
9990,[381]
9991,[117]
9992,[238]
9993,[76]
9994,[157]
9995,[161]
9996,[233]
9997,[68]
9998,[218]
9999,[426]
10000,[344]
10001,[392]
10002,[72]
10003,[131]
10004,[128]
10005,[297]
10006,[49]
10007,[79]
10008,[108]
10009,[459]
10010,[95]
10011,[117]
10012,[270]
10013,[42]
10014,[45]
10015,[118]
10016,[126]
10017,[102]
10018,[298]
10019,[108]
10020,[242]
10021,[189]
10022,[54]
10023,[42]
10024,[153]
10025,[165]
10026,[26]
10027,[66]
10028,[79]
10029,[34]
10030,[46]
10031,[214]
10032,[79]
10033,[173]
10034,[68]
10035,[369]
10036,[14]
10037,[376]
10038,[211]
10039,[364]
10040,[149]
10041,[79]
10042,[44]
10043,[148]
10044,[66]
10045,[77]
10046,[89]
10047,[357]
10048,[440]
10049,[47]
10050,[75]
10051,[79]
10052,[247]
10053,[79]
10054,[326]
10055,[465]
10056,[241]
10057,[79]
10058,[273]
10059,[364]
10060,[90]
10061,[33]
10062,[233]
10063,[283]
10064,[45]
10065,[378]
10066,[79]
10067,[9]
10068,[282]
10069,[178]
10070,[242]
10071,[43]
10072,[40]
10073,[233]
10074,[147]
10075,[73]
10076,[108]
10077,[79]
10078,[3]
10079,[461]
10080,[343]
10081,[110]
10082,[364]
10083,[41]
10084,[107]
10085,[269]
10086,[108]
10087,[33]
10088,[14]
10089,[383]
10090,[44]
10091,[42]
10092,[382]
10093,[65]
10094,[125]
10095,[44]
10096,[467]
10097,[6]
10098,[399]
10099,[45]
10100,[117]
10101,[364]
10102,[146]
10103,[233]
10104,[260]
10105,[74]
10106,[118]
10107,[299]
10108,[25]
10109,[157]
10110,[89]
10111,[401]
10112,[211]
10113,[110]
10114,[374]
10115,[177]
10116,[238]
10117,[118]
10118,[21]
10119,[86]
10120,[118]
10121,[65]
10122,[277]
10123,[160]
10124,[21]
10125,[103]
10126,[48]
10127,[438]
10128,[153]
10129,[277]
10130,[101]
10131,[214]
10132,[359]
10133,[114]
10134,[59]
10135,[116]
10136,[13]
10137,[73]
10138,[291]
10139,[349]
10140,[273]
10141,[46]
10142,[153]
10143,[31]
10144,[173]
10145,[153]
10146,[44]
10147,[47]
10148,[353]
10149,[115]
10150,[13]
10151,[195]
10152,[70]
10153,[161]
10154,[104]
10155,[73]
10156,[340]
10157,[211]
10158,[126]
10159,[44]
10160,[79]
10161,[151]
10162,[47]
10163,[233]
10164,[117]
10165,[71]
10166,[89]
10167,[41]
10168,[7]
10169,[215]
10170,[105]
10171,[130]
10172,[98]
10173,[50]
10174,[191]
10175,[394]
10176,[42]
10177,[150]
10178,[77]
10179,[216]
10180,[290]
10181,[89]
10182,[305]
10183,[282]
10184,[335]
10185,[90]
10186,[193]
10187,[423]
10188,[343]
10189,[243]
10190,[66]
10191,[273]
10192,[153]
10193,[24]
10194,[108]
10195,[96]
10196,[193]
10197,[79]
10198,[20]
10199,[42]
10200,[245]
10201,[150]
10202,[44]
10203,[74]
10204,[90]
10205,[97]
10206,[73]
10207,[392]
10208,[408]
10209,[280]
10210,[33]
10211,[117]
10212,[89]
10213,[374]
10214,[153]
10215,[107]
10216,[381]
10217,[9]
10218,[290]
10219,[149]
10220,[161]
10221,[288]
10222,[377]
10223,[182]
10224,[403]
10225,[384]
10226,[359]
10227,[331]
10228,[63]
10229,[68]
10230,[71]
10231,[389]
10232,[68]
10233,[45]
10234,[105]
10235,[13]
10236,[440]
10237,[357]
10238,[61]
10239,[275]
10240,[85]
10241,[389]
10242,[395]
10243,[189]
10244,[214]
10245,[376]
10246,[234]
10247,[90]
10248,[170]
10249,[293]
10250,[66]
10251,[334]
10252,[107]
10253,[79]
10254,[186]
10255,[70]
10256,[83]
10257,[154]
10258,[161]
10259,[297]
10260,[76]
10261,[158]
10262,[194]
10263,[9]
10264,[359]
10265,[366]
10266,[79]
10267,[438]
10268,[197]
10269,[344]
10270,[344]
10271,[105]
10272,[159]
10273,[34]
10274,[142]
10275,[107]
10276,[275]
10277,[177]
10278,[13]
10279,[369]
10280,[293]
10281,[238]
10282,[270]
10283,[90]
10284,[167]
10285,[55]
10286,[107]
10287,[245]
10288,[76]
10289,[339]
10290,[476]
10291,[452]
10292,[166]
10293,[255]
10294,[238]
10295,[79]
10296,[228]
10297,[44]
10298,[215]
10299,[8]
10300,[73]
10301,[105]
10302,[188]
10303,[192]
10304,[211]
10305,[213]
10306,[13]
10307,[13]
10308,[79]
10309,[359]
10310,[44]
10311,[104]
10312,[412]
10313,[293]
10314,[74]
10315,[40]
10316,[66]
10317,[374]
10318,[138]
10319,[310]
10320,[3]
10321,[194]
10322,[107]
10323,[60]
10324,[82]
10325,[42]
10326,[369]
10327,[344]
10328,[44]
10329,[213]
10330,[40]
10331,[205]
10332,[152]
10333,[117]
10334,[107]
10335,[42]
10336,[299]
10337,[70]
10338,[436]
10339,[107]
10340,[142]
10341,[71]
10342,[301]
10343,[150]
10344,[84]
10345,[440]
10346,[374]
10347,[70]
10348,[89]
10349,[461]
10350,[331]
10351,[185]
10352,[76]
10353,[83]
10354,[47]
10355,[102]
10356,[126]
10357,[89]
10358,[118]
10359,[321]
10360,[345]
10361,[13]
10362,[45]
10363,[218]
10364,[369]
10365,[89]
10366,[461]
10367,[216]
10368,[281]
10369,[214]
10370,[107]
10371,[277]
10372,[386]
10373,[274]
10374,[151]
10375,[116]
10376,[13]
10377,[101]
10378,[117]
10379,[157]
10380,[36]
10381,[331]
10382,[63]
10383,[13]
10384,[327]
10385,[34]
10386,[90]
10387,[83]
10388,[79]
10389,[42]
10390,[34]
10391,[44]
10392,[116]
10393,[472]
10394,[79]
10395,[101]
10396,[6]
10397,[79]
10398,[50]
10399,[16]
10400,[31]
10401,[98]
10402,[13]
10403,[403]
10404,[66]
10405,[82]
10406,[475]
10407,[89]
10408,[124]
10409,[454]
10410,[424]
10411,[105]
10412,[158]
10413,[273]
10414,[168]
10415,[280]
10416,[41]
10417,[76]
10418,[161]
10419,[242]
10420,[165]
10421,[127]
10422,[97]
10423,[21]
10424,[376]
10425,[71]
10426,[61]
10427,[234]
10428,[193]
10429,[153]
10430,[374]
10431,[153]
10432,[105]
10433,[79]
10434,[117]
10435,[117]
10436,[242]
10437,[44]
10438,[206]
10439,[286]
10440,[89]
10441,[78]
10442,[71]
10443,[171]
10444,[40]
10445,[45]
10446,[369]
10447,[50]
10448,[45]
10449,[24]
10450,[214]
10451,[277]
10452,[85]
10453,[412]
10454,[180]
10455,[68]
10456,[44]
10457,[21]
10458,[142]
10459,[34]
10460,[148]
10461,[79]
10462,[293]
10463,[78]
10464,[49]
10465,[108]
10466,[14]
10467,[75]
10468,[151]
10469,[131]
10470,[100]
10471,[435]
10472,[386]
10473,[423]
10474,[161]
10475,[176]
10476,[188]
10477,[214]
10478,[47]
10479,[79]
10480,[193]
10481,[259]
10482,[263]
10483,[452]
10484,[121]
10485,[108]
10486,[277]
10487,[291]
10488,[76]
10489,[359]
10490,[98]
10491,[77]
10492,[238]
10493,[376]
10494,[59]
10495,[21]
10496,[16]
10497,[79]
10498,[452]
10499,[50]
10500,[9]
10501,[42]
10502,[147]
10503,[354]
10504,[3]
10505,[90]
10506,[198]
10507,[84]
10508,[392]
10509,[4]
10510,[369]
10511,[141]
10512,[118]
10513,[214]
10514,[50]
10515,[24]
10516,[214]
10517,[193]
10518,[281]
10519,[392]
10520,[24]
10521,[446]
10522,[20]
10523,[103]
10524,[273]
10525,[6]
10526,[23]
10527,[247]
10528,[449]
10529,[44]
10530,[4]
10531,[49]
10532,[45]
10533,[297]
10534,[58]
10535,[234]
10536,[50]
10537,[177]
10538,[48]
10539,[126]
10540,[452]
10541,[44]
10542,[110]
10543,[224]
10544,[44]
10545,[34]
10546,[31]
10547,[104]
10548,[233]
10549,[44]
10550,[71]
10551,[213]
10552,[59]
10553,[383]
10554,[420]
10555,[161]
10556,[9]
10557,[386]
10558,[215]
10559,[215]
10560,[104]
10561,[44]
10562,[131]
10563,[90]
10564,[58]
10565,[193]
10566,[9]
10567,[107]
10568,[13]
10569,[89]
10570,[151]
10571,[408]
10572,[476]
10573,[465]
10574,[32]
10575,[58]
10576,[68]
10577,[203]
10578,[110]
10579,[50]
10580,[55]
10581,[226]
10582,[197]
10583,[105]
10584,[292]
10585,[291]
10586,[381]
10587,[423]
10588,[111]
10589,[113]
10590,[42]
10591,[73]
10592,[190]
10593,[57]
10594,[79]
10595,[148]
10596,[172]
10597,[139]
10598,[294]
10599,[315]
10600,[102]
10601,[457]
10602,[101]
10603,[78]
10604,[212]
10605,[225]
10606,[125]
10607,[104]
10608,[175]
10609,[425]
10610,[125]
10611,[57]
10612,[121]
10613,[408]
10614,[172]
10615,[451]
10616,[153]
10617,[382]
10618,[159]
10619,[91]
10620,[153]
10621,[239]
10622,[376]
10623,[427]
10624,[107]
10625,[114]
10626,[86]
10627,[108]
10628,[105]
10629,[381]
10630,[7]
10631,[415]
10632,[104]
10633,[435]
10634,[110]
10635,[139]
10636,[326]
10637,[143]
10638,[411]
10639,[13]
10640,[459]
10641,[108]
10642,[284]
10643,[399]
10644,[195]
10645,[141]
10646,[12]
10647,[89]
10648,[128]
10649,[92]
10650,[471]
10651,[392]
10652,[185]
10653,[42]
10654,[44]
10655,[155]
10656,[79]
10657,[258]
10658,[357]
10659,[213]
10660,[84]
10661,[47]
10662,[273]
10663,[44]
10664,[9]
10665,[416]
10666,[277]
10667,[13]
10668,[228]
10669,[186]
10670,[426]
10671,[439]
10672,[171]
10673,[376]
10674,[377]
10675,[275]
10676,[88]
10677,[71]
10678,[66]
10679,[117]
10680,[97]
10681,[357]
10682,[277]
10683,[207]
10684,[427]
10685,[290]
10686,[214]
10687,[452]
10688,[42]
10689,[89]
10690,[450]
10691,[41]
10692,[59]
10693,[167]
10694,[214]
10695,[44]
10696,[297]
10697,[24]
10698,[268]
10699,[105]
10700,[75]
10701,[161]
10702,[456]
10703,[166]
10704,[45]
10705,[111]
10706,[118]
10707,[162]
10708,[9]
10709,[105]
10710,[417]
10711,[34]
10712,[381]
10713,[423]
10714,[356]
10715,[15]
10716,[42]
10717,[79]
10718,[177]
10719,[48]
10720,[462]
10721,[277]
10722,[193]
10723,[90]
10724,[286]
10725,[104]
10726,[56]
10727,[85]
10728,[192]
10729,[41]
10730,[8]
10731,[49]
10732,[4]
10733,[297]
10734,[79]
10735,[47]
10736,[158]
10737,[16]
10738,[170]
10739,[58]
10740,[152]
10741,[233]
10742,[14]
10743,[79]
10744,[211]
10745,[104]
10746,[153]
10747,[470]
10748,[89]
10749,[57]
10750,[74]
10751,[89]
10752,[260]
10753,[153]
10754,[42]
10755,[55]
10756,[400]
10757,[9]
10758,[55]
10759,[239]
10760,[89]
10761,[153]
10762,[461]
10763,[467]
10764,[450]
10765,[101]
10766,[105]
10767,[185]
10768,[116]
10769,[178]
10770,[25]
10771,[55]
10772,[18]
10773,[359]
10774,[8]
10775,[58]
10776,[381]
10777,[104]
10778,[233]
10779,[79]
10780,[13]
10781,[73]
10782,[104]
10783,[118]
10784,[48]
10785,[275]
10786,[90]
10787,[408]
10788,[79]
10789,[45]
10790,[170]
10791,[90]
10792,[118]
10793,[214]
10794,[110]
10795,[74]
10796,[142]
10797,[248]
10798,[79]
10799,[295]
10800,[104]
10801,[108]
10802,[412]
10803,[108]
10804,[374]
10805,[104]
10806,[277]
10807,[77]
10808,[79]
10809,[111]
10810,[24]
10811,[87]
10812,[104]
10813,[290]
10814,[432]
10815,[76]
10816,[13]
10817,[62]
10818,[146]
10819,[475]
10820,[359]
10821,[89]
10822,[45]
10823,[353]
10824,[79]
10825,[141]
10826,[303]
10827,[235]
10828,[181]
10829,[399]
10830,[117]
10831,[375]
10832,[398]
10833,[297]
10834,[55]
10835,[218]
10836,[344]
10837,[118]
10838,[332]
10839,[55]
10840,[391]
10841,[233]
10842,[374]
10843,[84]
10844,[160]
10845,[117]
10846,[79]
10847,[105]
10848,[89]
10849,[63]
10850,[475]
10851,[293]
10852,[16]
10853,[142]
10854,[117]
10855,[171]
10856,[117]
10857,[451]
10858,[367]
10859,[150]
10860,[364]
10861,[152]
10862,[238]
10863,[414]
10864,[83]
10865,[9]
10866,[319]
10867,[70]
10868,[303]
10869,[466]
10870,[6]
10871,[116]
10872,[386]
10873,[470]
10874,[177]
10875,[32]
10876,[105]
10877,[89]
10878,[213]
10879,[140]
10880,[273]
10881,[20]
10882,[177]
10883,[153]
10884,[280]
10885,[68]
10886,[179]
10887,[277]
10888,[105]
10889,[136]
10890,[193]
10891,[208]
10892,[169]
10893,[161]
10894,[92]
10895,[45]
10896,[75]
10897,[401]
10898,[461]
10899,[24]
10900,[293]
10901,[215]
10902,[89]
10903,[238]
10904,[90]
10905,[119]
10906,[168]
10907,[218]
10908,[227]
10909,[42]
10910,[239]
10911,[64]
10912,[440]
10913,[369]
10914,[79]
10915,[303]
10916,[269]
10917,[132]
10918,[181]
10919,[233]
10920,[44]
10921,[4]
10922,[21]
10923,[291]
10924,[233]
10925,[304]
10926,[325]
10927,[66]
10928,[461]
10929,[6]
10930,[52]
10931,[157]
10932,[385]
10933,[354]
10934,[233]
10935,[194]
10936,[101]
10937,[84]
10938,[178]
10939,[273]
10940,[68]
10941,[74]
10942,[176]
10943,[79]
10944,[116]
10945,[44]
10946,[31]
10947,[6]
10948,[58]
10949,[381]
10950,[70]
10951,[79]
10952,[181]
10953,[7]
10954,[20]
10955,[13]
10956,[427]
10957,[42]
10958,[89]
10959,[157]
10960,[17]
10961,[123]
10962,[104]
10963,[299]
10964,[173]
10965,[39]
10966,[440]
10967,[104]
10968,[299]
10969,[34]
10970,[89]
10971,[9]
10972,[404]
10973,[182]
10974,[88]
10975,[243]
10976,[214]
10977,[92]
10978,[42]
10979,[6]
10980,[268]
10981,[113]
10982,[50]
10983,[324]
10984,[21]
10985,[117]
10986,[8]
10987,[79]
10988,[130]
10989,[4]
10990,[89]
10991,[79]
10992,[369]
10993,[205]
10994,[184]
10995,[44]
10996,[89]
10997,[215]
10998,[79]
10999,[161]
11000,[153]
11001,[79]
11002,[40]
11003,[377]
11004,[37]
11005,[12]
11006,[102]
11007,[148]
11008,[414]
11009,[147]
11010,[157]
11011,[79]
11012,[396]
11013,[33]
11014,[143]
11015,[423]
11016,[33]
11017,[269]
11018,[90]
11019,[471]
11020,[418]
11021,[255]
11022,[40]
11023,[455]
11024,[302]
11025,[381]
11026,[118]
11027,[42]
11028,[295]
11029,[89]
11030,[153]
11031,[35]
11032,[40]
11033,[192]
11034,[110]
11035,[277]
11036,[13]
11037,[233]
11038,[181]
11039,[203]
11040,[207]
11041,[117]
11042,[117]
11043,[432]
11044,[142]
11045,[42]
11046,[161]
11047,[79]
11048,[273]
11049,[213]
11050,[161]
11051,[90]
11052,[79]
11053,[233]
11054,[118]
11055,[76]
11056,[167]
11057,[29]
11058,[193]
11059,[42]
11060,[13]
11061,[383]
11062,[21]
11063,[299]
11064,[89]
11065,[404]
11066,[178]
11067,[353]
11068,[78]
11069,[277]
11070,[168]
11071,[193]
11072,[258]
11073,[212]
11074,[83]
11075,[304]
11076,[148]
11077,[84]
11078,[317]
11079,[161]
11080,[461]
11081,[474]
11082,[277]
11083,[45]
11084,[374]
11085,[76]
11086,[198]
11087,[395]
11088,[89]
11089,[188]
11090,[45]
11091,[245]
11092,[240]
11093,[66]
11094,[374]
11095,[45]
11096,[357]
11097,[215]
11098,[359]
11099,[101]
11100,[64]
11101,[272]
11102,[328]
11103,[117]
11104,[105]
11105,[408]
11106,[132]
11107,[158]
11108,[246]
11109,[45]
11110,[300]
11111,[192]
11112,[374]
11113,[79]
11114,[124]
11115,[277]
11116,[218]
11117,[194]
11118,[115]
11119,[68]
11120,[68]
11121,[389]
11122,[374]
11123,[116]
11124,[149]
11125,[359]
11126,[202]
11127,[35]
11128,[117]
11129,[150]
11130,[170]
11131,[357]
11132,[55]
11133,[106]
11134,[192]
11135,[83]
11136,[248]
11137,[389]
11138,[102]
11139,[273]
11140,[44]
11141,[197]
11142,[90]
11143,[27]
11144,[18]
11145,[152]
11146,[79]
11147,[49]
11148,[142]
11149,[435]
11150,[61]
11151,[431]
11152,[193]
11153,[326]
11154,[24]
11155,[82]
11156,[89]
11157,[241]
11158,[337]
11159,[151]
11160,[233]
11161,[45]
11162,[170]
11163,[33]
11164,[344]
11165,[131]
11166,[66]
11167,[214]
11168,[305]
11169,[21]
11170,[293]
11171,[274]
11172,[48]
11173,[194]
11174,[389]
11175,[454]
11176,[139]
11177,[367]
11178,[396]
11179,[79]
11180,[277]
11181,[61]
11182,[21]
11183,[9]
11184,[8]
11185,[103]
11186,[367]
11187,[243]
11188,[79]
11189,[42]
11190,[276]
11191,[72]
11192,[389]
11193,[13]
11194,[92]
11195,[381]
11196,[45]
11197,[131]
11198,[416]
11199,[181]
11200,[143]
11201,[90]
11202,[353]
11203,[153]
11204,[336]
11205,[247]
11206,[279]
11207,[111]
11208,[16]
11209,[349]
11210,[68]
11211,[207]
11212,[243]
11213,[234]
11214,[49]
11215,[90]
11216,[331]
11217,[359]
11218,[8]
11219,[233]
11220,[68]
11221,[71]
11222,[105]
11223,[160]
11224,[33]
11225,[9]
11226,[317]
11227,[325]
11228,[22]
11229,[363]
11230,[457]
11231,[89]
11232,[79]
11233,[327]
11234,[107]
11235,[13]
11236,[13]
11237,[84]
11238,[45]
11239,[117]
11240,[153]
11241,[10]
11242,[117]
11243,[117]
11244,[153]
11245,[129]
11246,[448]
11247,[112]
11248,[63]
11249,[79]
11250,[36]
11251,[104]
11252,[79]
11253,[473]
11254,[335]
11255,[92]
11256,[70]
11257,[107]
11258,[9]
11259,[467]
11260,[152]
11261,[55]
11262,[359]
11263,[165]
11264,[110]
11265,[79]
11266,[338]
11267,[152]
11268,[161]
11269,[34]
11270,[42]
11271,[426]
11272,[107]
11273,[383]
11274,[13]
11275,[66]
11276,[84]
11277,[49]
11278,[369]
11279,[79]
11280,[145]
11281,[161]
11282,[23]
11283,[110]
11284,[197]
11285,[299]
11286,[161]
11287,[376]
11288,[175]
11289,[160]
11290,[355]
11291,[267]
11292,[160]
11293,[42]
11294,[61]
11295,[179]
11296,[118]
11297,[386]
11298,[88]
11299,[77]
11300,[9]
11301,[318]
11302,[194]
11303,[401]
11304,[395]
11305,[49]
11306,[328]
11307,[170]
11308,[117]
11309,[49]
11310,[66]
11311,[105]
11312,[273]
11313,[9]
11314,[213]
11315,[24]
11316,[105]
11317,[319]
11318,[34]
11319,[396]
11320,[97]
11321,[68]
11322,[233]
11323,[108]
11324,[161]
11325,[236]
11326,[465]
11327,[79]
11328,[327]
11329,[242]
11330,[45]
11331,[408]
11332,[65]
11333,[101]
11334,[98]
11335,[273]
11336,[24]
11337,[152]
11338,[149]
11339,[359]
11340,[49]
11341,[79]
11342,[71]
11343,[374]
11344,[154]
11345,[193]
11346,[108]
11347,[1]
11348,[105]
11349,[142]
11350,[308]
11351,[296]
11352,[301]
11353,[21]
11354,[197]
11355,[3]
11356,[100]
11357,[331]
11358,[91]
11359,[83]
11360,[79]
11361,[79]
11362,[85]
11363,[293]
11364,[13]
11365,[412]
11366,[196]
11367,[369]
11368,[387]
11369,[66]
11370,[299]
11371,[1]
11372,[79]
11373,[383]
11374,[21]
11375,[260]
11376,[400]
11377,[364]
11378,[97]
11379,[476]
11380,[246]
11381,[238]
11382,[382]
11383,[74]
11384,[238]
11385,[202]
11386,[79]
11387,[79]
11388,[308]
11389,[124]
11390,[79]
11391,[73]
11392,[8]
11393,[66]
11394,[42]
11395,[160]
11396,[21]
11397,[9]
11398,[84]
11399,[78]
11400,[386]
11401,[6]
11402,[110]
11403,[374]
11404,[353]
11405,[79]
11406,[214]
11407,[395]
11408,[153]
11409,[42]
11410,[120]
11411,[177]
11412,[44]
11413,[79]
11414,[238]
11415,[148]
11416,[149]
11417,[107]
11418,[89]
11419,[76]
11420,[193]
11421,[132]
11422,[273]
11423,[31]
11424,[267]
11425,[462]
11426,[314]
11427,[1]
11428,[79]
11429,[79]
11430,[59]
11431,[85]
11432,[27]
11433,[144]
11434,[101]
11435,[149]
11436,[70]
11437,[241]
11438,[321]
11439,[403]
11440,[230]
11441,[116]
11442,[292]
11443,[79]
11444,[138]
11445,[150]
11446,[374]
11447,[211]
11448,[259]
11449,[118]
11450,[45]
11451,[40]
11452,[179]
11453,[103]
11454,[110]
11455,[79]
11456,[297]
11457,[214]
11458,[192]
11459,[153]
11460,[105]
11461,[45]
11462,[44]
11463,[6]
11464,[72]
11465,[18]
11466,[44]
11467,[373]
11468,[89]
11469,[167]
11470,[74]
11471,[457]
11472,[472]
11473,[161]
11474,[77]
11475,[213]
11476,[44]
11477,[49]
11478,[71]
11479,[104]
11480,[211]
11481,[79]
11482,[138]
11483,[79]
11484,[52]
11485,[157]
11486,[168]
11487,[121]
11488,[52]
11489,[21]
11490,[98]
11491,[79]
11492,[65]
11493,[79]
11494,[165]
11495,[398]
11496,[179]
11497,[150]
11498,[9]
11499,[44]
11500,[299]
11501,[369]
11502,[363]
11503,[104]
11504,[44]
11505,[42]
11506,[410]
11507,[273]
11508,[141]
11509,[148]
11510,[380]
11511,[79]
11512,[461]
11513,[211]
11514,[234]
11515,[361]
11516,[45]
11517,[257]
11518,[461]
11519,[39]
11520,[273]
11521,[162]
11522,[157]
11523,[297]
11524,[76]
11525,[172]
11526,[198]
11527,[452]
11528,[171]
11529,[70]
11530,[79]
11531,[197]
11532,[27]
11533,[359]
11534,[131]
11535,[147]
11536,[356]
11537,[44]
11538,[102]
11539,[79]
11540,[113]
11541,[434]
11542,[325]
11543,[214]
11544,[73]
11545,[59]
11546,[171]
11547,[91]
11548,[213]
11549,[21]
11550,[42]
11551,[42]
11552,[457]
11553,[197]
11554,[68]
11555,[272]
11556,[123]
11557,[196]
11558,[127]
11559,[425]
11560,[302]
11561,[392]
11562,[267]
11563,[273]
11564,[106]
11565,[233]
11566,[380]
11567,[361]
11568,[79]
11569,[418]
11570,[79]
11571,[98]
11572,[48]
11573,[268]
11574,[215]
11575,[9]
11576,[34]
11577,[142]
11578,[110]
11579,[4]
11580,[13]
11581,[79]
11582,[146]
11583,[156]
11584,[355]
11585,[344]
11586,[206]
11587,[35]
11588,[198]
11589,[420]
11590,[122]
11591,[83]
11592,[104]
11593,[315]
11594,[64]
11595,[44]
11596,[71]
11597,[321]
11598,[117]
11599,[45]
11600,[214]
11601,[242]
11602,[34]
11603,[293]
11604,[104]
11605,[49]
11606,[34]
11607,[354]
11608,[45]
11609,[367]
11610,[382]
11611,[293]
11612,[273]
11613,[173]
11614,[238]
11615,[97]
11616,[159]
11617,[42]
11618,[118]
11619,[398]
11620,[165]
11621,[89]
11622,[421]
11623,[89]
11624,[438]
11625,[48]
11626,[277]
11627,[153]
11628,[215]
11629,[106]
11630,[44]
11631,[24]
11632,[227]
11633,[8]
11634,[102]
11635,[120]
11636,[79]
11637,[13]
11638,[90]
11639,[277]
11640,[276]
11641,[266]
11642,[103]
11643,[18]
11644,[105]
11645,[214]
11646,[149]
11647,[117]
11648,[435]
11649,[271]
11650,[21]
11651,[26]
11652,[97]
11653,[215]
11654,[34]
11655,[378]
11656,[90]
11657,[44]
11658,[213]
11659,[108]
11660,[89]
11661,[416]
11662,[78]
11663,[91]
11664,[72]
11665,[79]
11666,[168]
11667,[376]
11668,[215]
11669,[106]
11670,[367]
11671,[6]
11672,[357]
11673,[321]
11674,[52]
11675,[13]
11676,[34]
11677,[90]
11678,[325]
11679,[432]
11680,[422]
11681,[261]
11682,[429]
11683,[438]
11684,[369]
11685,[117]
11686,[476]
11687,[198]
11688,[188]
11689,[49]
11690,[277]
11691,[277]
11692,[78]
11693,[353]
11694,[167]
11695,[359]
11696,[299]
11697,[22]
11698,[251]
11699,[214]
11700,[109]
11701,[215]
11702,[166]
11703,[61]
11704,[50]
11705,[274]
11706,[9]
11707,[273]
11708,[74]
11709,[184]
11710,[112]
11711,[385]
11712,[275]
11713,[193]
11714,[435]
11715,[189]
11716,[117]
11717,[255]
11718,[363]
11719,[84]
11720,[89]
11721,[142]
11722,[461]
11723,[39]
11724,[16]
11725,[49]
11726,[127]
11727,[326]
11728,[167]
11729,[166]
11730,[213]
11731,[107]
11732,[142]
11733,[465]
11734,[273]
11735,[42]
11736,[241]
11737,[214]
11738,[233]
11739,[156]
11740,[240]
11741,[105]
11742,[50]
11743,[79]
11744,[343]
11745,[207]
11746,[356]
11747,[471]
11748,[149]
11749,[103]
11750,[40]
11751,[196]
11752,[21]
11753,[356]
11754,[149]
11755,[400]
11756,[389]
11757,[104]
11758,[245]
11759,[214]
11760,[108]
11761,[42]
11762,[55]
11763,[42]
11764,[191]
11765,[160]
11766,[79]
11767,[16]
11768,[16]
11769,[66]
11770,[139]
11771,[83]
11772,[277]
11773,[104]
11774,[41]
11775,[165]
11776,[430]
11777,[79]
11778,[104]
11779,[89]
11780,[369]
11781,[47]
11782,[149]
11783,[369]
11784,[163]
11785,[233]
11786,[194]
11787,[381]
11788,[149]
11789,[107]
11790,[77]
11791,[273]
11792,[354]
11793,[152]
11794,[274]
11795,[44]
11796,[357]
11797,[392]
11798,[158]
11799,[298]
11800,[66]
11801,[117]
11802,[70]
11803,[108]
11804,[326]
11805,[89]
11806,[77]
11807,[118]
11808,[9]
11809,[79]
11810,[44]
11811,[437]
11812,[44]
11813,[277]
11814,[68]
11815,[153]
11816,[428]
11817,[68]
11818,[336]
11819,[68]
11820,[152]
11821,[71]
11822,[181]
11823,[470]
11824,[78]
11825,[49]
11826,[45]
11827,[141]
11828,[193]
11829,[32]
11830,[357]
11831,[71]
11832,[355]
11833,[42]
11834,[13]
11835,[357]
11836,[423]
11837,[108]
11838,[89]
11839,[153]
11840,[107]
11841,[121]
11842,[90]
11843,[152]
11844,[116]
11845,[117]
11846,[288]
11847,[63]
11848,[142]
11849,[79]
11850,[282]
11851,[13]
11852,[117]
11853,[68]
11854,[381]
11855,[147]
11856,[79]
11857,[181]
11858,[13]
11859,[104]
11860,[232]
11861,[421]
11862,[107]
11863,[152]
11864,[418]
11865,[380]
11866,[49]
11867,[172]
11868,[172]
11869,[9]
11870,[422]
11871,[8]
11872,[34]
11873,[215]
11874,[297]
11875,[27]
11876,[423]
11877,[13]
11878,[296]
11879,[16]
11880,[193]
11881,[49]
11882,[181]
11883,[89]
11884,[104]
11885,[233]
11886,[160]
11887,[255]
11888,[215]
11889,[213]
11890,[45]
11891,[13]
11892,[107]
11893,[48]
11894,[191]
11895,[193]
11896,[299]
11897,[443]
11898,[196]
11899,[21]
11900,[158]
11901,[90]
11902,[179]
11903,[71]
11904,[16]
11905,[243]
11906,[392]
11907,[197]
11908,[44]
11909,[152]
11910,[277]
11911,[102]
11912,[325]
11913,[284]
11914,[152]
11915,[42]
11916,[74]
11917,[150]
11918,[9]
11919,[290]
11920,[131]
11921,[55]
11922,[160]
11923,[78]
11924,[214]
11925,[359]
11926,[96]
11927,[64]
11928,[297]
11929,[275]
11930,[331]
11931,[171]
11932,[401]
11933,[214]
11934,[270]
11935,[259]
11936,[186]
11937,[89]
11938,[381]
11939,[464]
11940,[466]
11941,[43]
11942,[42]
11943,[165]
11944,[266]
11945,[210]
11946,[76]
11947,[79]
11948,[233]
11949,[45]
11950,[109]
11951,[110]
11952,[159]
11953,[417]
11954,[461]
11955,[299]
11956,[346]
11957,[117]
11958,[70]
11959,[110]
11960,[235]
11961,[104]
11962,[181]
11963,[12]
11964,[277]
11965,[71]
11966,[48]
11967,[79]
11968,[356]
11969,[42]
11970,[47]
11971,[6]
11972,[55]
11973,[371]
11974,[356]
11975,[73]
11976,[149]
11977,[456]
11978,[151]
11979,[48]
11980,[118]
11981,[90]
11982,[276]
11983,[479]
11984,[160]
11985,[238]
11986,[111]
11987,[149]
11988,[155]
11989,[118]
11990,[399]
11991,[138]
11992,[5]
11993,[127]
11994,[16]
11995,[194]
11996,[49]
11997,[115]
11998,[13]
11999,[63]
12000,[193]
12001,[108]
12002,[193]
12003,[153]
12004,[13]
12005,[28]
12006,[116]
12007,[30]
12008,[153]
12009,[103]
12010,[89]
12011,[179]
12012,[42]
12013,[73]
12014,[416]
12015,[376]
12016,[296]
12017,[131]
12018,[408]
12019,[286]
12020,[73]
12021,[374]
12022,[79]
12023,[24]
12024,[45]
12025,[107]
12026,[193]
12027,[44]
12028,[310]
12029,[3]
12030,[100]
12031,[243]
12032,[383]
12033,[39]
12034,[239]
12035,[90]
12036,[284]
12037,[245]
12038,[25]
12039,[79]
12040,[89]
12041,[303]
12042,[242]
12043,[27]
12044,[104]
12045,[114]
12046,[238]
12047,[142]
12048,[244]
12049,[239]
12050,[90]
12051,[105]
12052,[152]
12053,[42]
12054,[21]
12055,[83]
12056,[287]
12057,[376]
12058,[79]
12059,[104]
12060,[89]
12061,[9]
12062,[235]
12063,[359]
12064,[45]
12065,[70]
12066,[435]
12067,[353]
12068,[1]
12069,[412]
12070,[108]
12071,[398]
12072,[472]
12073,[79]
12074,[17]
12075,[273]
12076,[79]
12077,[33]
12078,[424]
12079,[43]
12080,[142]
12081,[37]
12082,[198]
12083,[248]
12084,[447]
12085,[107]
12086,[330]
12087,[88]
12088,[233]
12089,[452]
12090,[16]
12091,[8]
12092,[79]
12093,[106]
12094,[382]
12095,[122]
12096,[34]
12097,[96]
12098,[44]
12099,[21]
12100,[44]
12101,[234]
12102,[79]
12103,[467]
12104,[65]
12105,[121]
12106,[48]
12107,[34]
12108,[341]
12109,[440]
12110,[45]
12111,[159]
12112,[3]
12113,[218]
12114,[454]
12115,[474]
12116,[79]
12117,[353]
12118,[356]
12119,[68]
12120,[432]
12121,[194]
12122,[153]
12123,[89]
12124,[176]
12125,[148]
12126,[235]
12127,[79]
12128,[105]
12129,[195]
12130,[357]
12131,[263]
12132,[464]
12133,[218]
12134,[85]
12135,[89]
12136,[220]
12137,[100]
12138,[55]
12139,[98]
12140,[215]
12141,[44]
12142,[13]
12143,[206]
12144,[241]
12145,[315]
12146,[42]
12147,[7]
12148,[13]
12149,[381]
12150,[90]
12151,[145]
12152,[42]
12153,[290]
12154,[400]
12155,[108]
12156,[340]
12157,[33]
12158,[383]
12159,[138]
12160,[64]
12161,[151]
12162,[141]
12163,[40]
12164,[9]
12165,[149]
12166,[233]
12167,[227]
12168,[89]
12169,[298]
12170,[66]
12171,[116]
12172,[63]
12173,[30]
12174,[338]
12175,[459]
12176,[179]
12177,[19]
12178,[107]
12179,[42]
12180,[280]
12181,[61]
12182,[26]
12183,[386]
12184,[44]
12185,[274]
12186,[197]
12187,[91]
12188,[90]
12189,[34]
12190,[214]
12191,[21]
12192,[42]
12193,[71]
12194,[277]
12195,[113]
12196,[381]
12197,[399]
12198,[380]
12199,[277]
12200,[107]
12201,[161]
12202,[13]
12203,[425]
12204,[142]
12205,[75]
12206,[326]
12207,[117]
12208,[214]
12209,[317]
12210,[357]
12211,[13]
12212,[74]
12213,[435]
12214,[89]
12215,[44]
12216,[325]
12217,[104]
12218,[277]
12219,[253]
12220,[378]
12221,[435]
12222,[106]
12223,[247]
12224,[274]
12225,[59]
12226,[41]
12227,[172]
12228,[381]
12229,[21]
12230,[470]
12231,[369]
12232,[268]
12233,[44]
12234,[398]
12235,[455]
12236,[13]
12237,[386]
12238,[377]
12239,[74]
12240,[290]
12241,[277]
12242,[165]
12243,[381]
12244,[63]
12245,[158]
12246,[108]
12247,[153]
12248,[21]
12249,[66]
12250,[277]
12251,[215]
12252,[152]
12253,[13]
12254,[357]
12255,[242]
12256,[13]
12257,[361]
12258,[84]
12259,[74]
12260,[189]
12261,[88]
12262,[213]
12263,[108]
12264,[150]
12265,[18]
12266,[154]
12267,[325]
12268,[89]
12269,[354]
12270,[382]
12271,[79]
12272,[241]
12273,[273]
12274,[178]
12275,[90]
12276,[345]
12277,[33]
12278,[114]
12279,[85]
12280,[42]
12281,[194]
12282,[75]
12283,[44]
12284,[181]
12285,[167]
12286,[197]
12287,[369]
12288,[148]
12289,[79]
12290,[234]
12291,[64]
12292,[242]
12293,[398]
12294,[13]
12295,[89]
12296,[36]
12297,[117]
12298,[126]
12299,[168]
12300,[450]
12301,[233]
12302,[233]
12303,[59]
12304,[475]
12305,[79]
12306,[359]
12307,[24]
12308,[79]
12309,[42]
12310,[386]
12311,[357]
12312,[25]
12313,[126]
12314,[159]
12315,[13]
12316,[107]
12317,[459]
12318,[74]
12319,[435]
12320,[80]
12321,[155]
12322,[229]
12323,[181]
12324,[90]
12325,[48]
12326,[6]
12327,[118]
12328,[79]
12329,[79]
12330,[79]
12331,[277]
12332,[291]
12333,[269]
12334,[48]
12335,[464]
12336,[101]
12337,[21]
12338,[277]
12339,[118]
12340,[239]
12341,[193]
12342,[45]
12343,[357]
12344,[71]
12345,[140]
12346,[1]
12347,[175]
12348,[420]
12349,[111]
12350,[103]
12351,[117]
12352,[149]
12353,[13]
12354,[42]
12355,[117]
12356,[12]
12357,[412]
12358,[282]
12359,[369]
12360,[50]
12361,[369]
12362,[108]
12363,[192]
12364,[449]
12365,[172]
12366,[203]
12367,[290]
12368,[79]
12369,[89]
12370,[24]
12371,[138]
12372,[79]
12373,[29]
12374,[359]
12375,[153]
12376,[76]
12377,[1]
12378,[16]
12379,[474]
12380,[321]
12381,[79]
12382,[357]
12383,[111]
12384,[153]
12385,[384]
12386,[118]
12387,[369]
12388,[161]
12389,[6]
12390,[68]
12391,[42]
12392,[79]
12393,[28]
12394,[98]
12395,[23]
12396,[238]
12397,[13]
12398,[49]
12399,[36]
12400,[359]
12401,[68]
12402,[79]
12403,[357]
12404,[302]
12405,[148]
12406,[89]
12407,[328]
12408,[108]
12409,[299]
12410,[6]
12411,[49]
12412,[79]
12413,[326]
12414,[359]
12415,[6]
12416,[111]
12417,[105]
12418,[376]
12419,[295]
12420,[9]
12421,[121]
12422,[79]
12423,[68]
12424,[215]
12425,[21]
12426,[175]
12427,[85]
12428,[314]
12429,[139]
12430,[273]
12431,[331]
12432,[274]
12433,[80]
12434,[213]
12435,[352]
12436,[44]
12437,[172]
12438,[79]
12439,[240]
12440,[84]
12441,[79]
12442,[386]
12443,[31]
12444,[367]
12445,[76]
12446,[68]
12447,[13]
12448,[79]
12449,[79]
12450,[55]
12451,[435]
12452,[13]
12453,[409]
12454,[213]
12455,[218]
12456,[83]
12457,[280]
12458,[239]
12459,[45]
12460,[34]
12461,[171]
12462,[286]
12463,[108]
12464,[471]
12465,[59]
12466,[357]
12467,[65]
12468,[111]
12469,[50]
12470,[359]
12471,[228]
12472,[31]
12473,[172]
12474,[76]
12475,[140]
12476,[50]
12477,[150]
12478,[238]
12479,[110]
12480,[431]
12481,[452]
12482,[35]
12483,[79]
12484,[108]
12485,[105]
12486,[233]
12487,[13]
12488,[118]
12489,[117]
12490,[465]
12491,[333]
12492,[166]
12493,[14]
12494,[89]
12495,[42]
12496,[369]
12497,[14]
12498,[290]
12499,[239]
12500,[161]
12501,[103]
12502,[239]
12503,[461]
12504,[273]
12505,[1]
12506,[45]
12507,[44]
12508,[114]
12509,[40]
12510,[277]
12511,[247]
12512,[198]
12513,[117]
12514,[107]
12515,[122]
12516,[24]
12517,[400]
12518,[105]
12519,[152]
12520,[41]
12521,[9]
12522,[363]
12523,[274]
12524,[141]
12525,[260]
12526,[24]
12527,[202]
12528,[114]
12529,[215]
12530,[374]
12531,[9]
12532,[45]
12533,[24]
12534,[42]
12535,[12]
12536,[214]
12537,[104]
12538,[45]
12539,[90]
12540,[42]
12541,[175]
12542,[9]
12543,[13]
12544,[258]
12545,[89]
12546,[353]
12547,[49]
12548,[172]
12549,[242]
12550,[31]
12551,[333]
12552,[79]
12553,[70]
12554,[57]
12555,[207]
12556,[114]
12557,[79]
12558,[55]
12559,[17]
12560,[380]
12561,[224]
12562,[24]
12563,[205]
12564,[205]
12565,[110]
12566,[116]
12567,[189]
12568,[435]
12569,[117]
12570,[79]
12571,[248]
12572,[35]
12573,[123]
12574,[46]
12575,[389]
12576,[79]
12577,[45]
12578,[464]
12579,[169]
12580,[331]
12581,[242]
12582,[398]
12583,[13]
12584,[326]
12585,[214]
12586,[40]
12587,[44]
12588,[336]
12589,[42]
12590,[104]
12591,[171]
12592,[16]
12593,[124]
12594,[273]
12595,[320]
12596,[177]
12597,[13]
12598,[42]
12599,[406]
12600,[278]
12601,[3]
12602,[389]
12603,[290]
12604,[408]
12605,[107]
12606,[120]
12607,[105]
12608,[127]
12609,[99]
12610,[54]
12611,[13]
12612,[277]
12613,[464]
12614,[79]
12615,[111]
12616,[416]
12617,[79]
12618,[112]
12619,[13]
12620,[75]
12621,[21]
12622,[116]
12623,[130]
12624,[9]
12625,[180]
12626,[277]
12627,[357]
12628,[104]
12629,[270]
12630,[215]
12631,[357]
12632,[242]
12633,[161]
12634,[374]
12635,[430]
12636,[424]
12637,[315]
12638,[34]
12639,[193]
12640,[266]
12641,[160]
12642,[77]
12643,[213]
12644,[61]
12645,[79]
12646,[73]
12647,[75]
12648,[197]
12649,[45]
12650,[50]
12651,[44]
12652,[107]
12653,[295]
12654,[127]
12655,[456]
12656,[22]
12657,[148]
12658,[26]
12659,[42]
12660,[79]
12661,[373]
12662,[74]
12663,[60]
12664,[98]
12665,[72]
12666,[141]
12667,[79]
12668,[185]
12669,[40]
12670,[428]
12671,[413]
12672,[359]
12673,[277]
12674,[194]
12675,[74]
12676,[197]
12677,[79]
12678,[71]
12679,[149]
12680,[20]
12681,[275]
12682,[44]
12683,[275]
12684,[85]
12685,[277]
12686,[44]
12687,[105]
12688,[263]
12689,[49]
12690,[359]
12691,[427]
12692,[263]
12693,[461]
12694,[148]
12695,[105]
12696,[85]
12697,[117]
12698,[147]
12699,[194]
12700,[42]
12701,[147]
12702,[8]
12703,[21]
12704,[45]
12705,[140]
12706,[277]
12707,[161]
12708,[24]
12709,[357]
12710,[3]
12711,[376]
12712,[476]
12713,[351]
12714,[196]
12715,[42]
12716,[157]
12717,[97]
12718,[242]
12719,[415]
12720,[142]
12721,[37]
12722,[104]
12723,[90]
12724,[41]
12725,[66]
12726,[13]
12727,[374]
12728,[184]
12729,[89]
12730,[118]
12731,[58]
12732,[398]
12733,[75]
12734,[344]
12735,[283]
12736,[353]
12737,[89]
12738,[21]
12739,[374]
12740,[108]
12741,[3]
12742,[76]
12743,[76]
12744,[16]
12745,[161]
12746,[45]
12747,[273]
12748,[465]
12749,[64]
12750,[432]
12751,[117]
12752,[179]
12753,[319]
12754,[423]
12755,[422]
12756,[327]
12757,[9]
12758,[101]
12759,[381]
12760,[304]
12761,[435]
12762,[49]
12763,[54]
12764,[123]
12765,[83]
12766,[214]
12767,[16]
12768,[157]
12769,[34]
12770,[396]
12771,[42]
12772,[40]
12773,[50]
12774,[342]
12775,[79]
12776,[282]
12777,[13]
12778,[119]
12779,[303]
12780,[64]
12781,[157]
12782,[77]
12783,[105]
12784,[20]
12785,[381]
12786,[157]
12787,[427]
12788,[13]
12789,[141]
12790,[424]
12791,[277]
12792,[117]
12793,[42]
12794,[41]
12795,[421]
12796,[42]
12797,[57]
12798,[9]
12799,[242]
12800,[45]
12801,[471]
12802,[319]
12803,[26]
12804,[335]
12805,[107]
12806,[45]
12807,[376]
12808,[377]
12809,[104]
12810,[152]
12811,[215]
12812,[157]
12813,[364]
12814,[64]
12815,[421]
12816,[233]
12817,[355]
12818,[153]
12819,[34]
12820,[73]
12821,[31]
12822,[117]
12823,[299]
12824,[76]
12825,[197]
12826,[153]
12827,[9]
12828,[182]
12829,[367]
12830,[108]
12831,[79]
12832,[414]
12833,[36]
12834,[343]
12835,[107]
12836,[214]
12837,[452]
12838,[118]
12839,[92]
12840,[333]
12841,[50]
12842,[404]
12843,[44]
12844,[297]
12845,[127]
12846,[67]
12847,[66]
12848,[18]
12849,[191]
12850,[359]
12851,[50]
12852,[394]
12853,[109]
12854,[154]
12855,[71]
12856,[273]
12857,[79]
12858,[79]
12859,[214]
12860,[119]
12861,[117]
12862,[90]
12863,[3]
12864,[46]
12865,[246]
12866,[79]
12867,[147]
12868,[369]
12869,[217]
12870,[213]
12871,[105]
12872,[169]
12873,[193]
12874,[21]
12875,[44]
12876,[214]
12877,[149]
12878,[50]
12879,[153]
12880,[383]
12881,[366]
12882,[16]
12883,[139]
12884,[143]
12885,[75]
12886,[331]
12887,[205]
12888,[16]
12889,[214]
12890,[121]
12891,[156]
12892,[40]
12893,[377]
12894,[16]
12895,[108]
12896,[110]
12897,[286]
12898,[61]
12899,[374]
12900,[67]
12901,[24]
12902,[346]
12903,[44]
12904,[324]
12905,[166]
12906,[72]
12907,[149]
12908,[13]
12909,[374]
12910,[13]
12911,[358]
12912,[79]
12913,[170]
12914,[79]
12915,[219]
12916,[45]
12917,[13]
12918,[325]
12919,[359]
12920,[153]
12921,[68]
12922,[396]
12923,[66]
12924,[73]
12925,[80]
12926,[89]
12927,[314]
12928,[50]
12929,[259]
12930,[96]
12931,[293]
12932,[13]
12933,[75]
12934,[9]
12935,[74]
12936,[79]
12937,[242]
12938,[184]
12939,[476]
12940,[13]
12941,[18]
12942,[325]
12943,[89]
12944,[3]
12945,[168]
12946,[380]
12947,[41]
12948,[305]
12949,[7]
12950,[71]
12951,[156]
12952,[19]
12953,[277]
12954,[158]
12955,[423]
12956,[186]
12957,[138]
12958,[34]
12959,[79]
12960,[117]
12961,[299]
12962,[107]
12963,[124]
12964,[24]
12965,[185]
12966,[42]
12967,[9]
12968,[386]
12969,[195]
12970,[435]
12971,[52]
12972,[79]
12973,[376]
12974,[214]
12975,[105]
12976,[3]
12977,[380]
12978,[198]
12979,[50]
12980,[274]
12981,[198]
12982,[77]
12983,[79]
12984,[386]
12985,[381]
12986,[233]
12987,[376]
12988,[277]
12989,[127]
12990,[403]
12991,[138]
12992,[457]
12993,[106]
12994,[165]
12995,[453]
12996,[381]
12997,[359]
12998,[8]
12999,[12]
13000,[160]
13001,[79]
13002,[214]
13003,[383]
13004,[452]
13005,[234]
13006,[327]
13007,[34]
13008,[3]
13009,[89]
13010,[369]
13011,[359]
13012,[377]
13013,[97]
13014,[42]
13015,[376]
13016,[104]
13017,[189]
13018,[451]
13019,[45]
13020,[157]
13021,[44]
13022,[98]
13023,[68]
13024,[107]
13025,[26]
13026,[165]
13027,[13]
13028,[35]
13029,[359]
13030,[186]
13031,[42]
13032,[83]
13033,[49]
13034,[237]
13035,[131]
13036,[293]
13037,[88]
13038,[13]
13039,[91]
13040,[396]
13041,[75]
13042,[120]
13043,[467]
13044,[170]
13045,[306]
13046,[302]
13047,[165]
13048,[239]
13049,[242]
13050,[240]
13051,[13]
13052,[45]
13053,[375]
13054,[158]
13055,[39]
13056,[13]
13057,[55]
13058,[117]
13059,[369]
13060,[8]
13061,[44]
13062,[154]
13063,[210]
13064,[106]
13065,[214]
13066,[382]
13067,[98]
13068,[461]
13069,[165]
13070,[273]
13071,[312]
13072,[288]
13073,[297]
13074,[118]
13075,[100]
13076,[300]
13077,[100]
13078,[44]
13079,[57]
13080,[331]
13081,[215]
13082,[374]
13083,[321]
13084,[104]
13085,[148]
13086,[281]
13087,[277]
13088,[42]
13089,[108]
13090,[117]
13091,[90]
13092,[178]
13093,[39]
13094,[101]
13095,[9]
13096,[195]
13097,[111]
13098,[461]
13099,[470]
13100,[107]
13101,[111]
13102,[6]
13103,[214]
13104,[427]
13105,[104]
13106,[423]
13107,[198]
13108,[297]
13109,[331]
13110,[88]
13111,[233]
13112,[117]
13113,[102]
13114,[173]
13115,[114]
13116,[293]
13117,[97]
13118,[368]
13119,[161]
13120,[170]
13121,[229]
13122,[24]
13123,[63]
13124,[105]
13125,[104]
13126,[376]
13127,[386]
13128,[369]
13129,[21]
13130,[369]
13131,[160]
13132,[97]
13133,[3]
13134,[218]
13135,[302]
13136,[475]
13137,[90]
13138,[33]
13139,[455]
13140,[217]
13141,[21]
13142,[149]
13143,[293]
13144,[282]
13145,[101]
13146,[104]
13147,[464]
13148,[4]
13149,[395]
13150,[122]
13151,[242]
13152,[82]
13153,[417]
13154,[21]
13155,[68]
13156,[111]
13157,[377]
13158,[104]
13159,[189]
13160,[153]
13161,[185]
13162,[156]
13163,[462]
13164,[392]
13165,[193]
13166,[243]
13167,[50]
13168,[117]
13169,[35]
13170,[369]
13171,[290]
13172,[79]
13173,[9]
13174,[161]
13175,[78]
13176,[141]
13177,[325]
13178,[389]
13179,[188]
13180,[42]
13181,[181]
13182,[389]
13183,[261]
13184,[197]
13185,[79]
13186,[273]
13187,[215]
13188,[452]
13189,[74]
13190,[189]
13191,[13]
13192,[33]
13193,[106]
13194,[193]
13195,[383]
13196,[280]
13197,[246]
13198,[108]
13199,[64]
13200,[248]
13201,[42]
13202,[55]
13203,[167]
13204,[432]
13205,[86]
13206,[13]
13207,[160]
13208,[105]
13209,[19]
13210,[471]
13211,[36]
13212,[196]
13213,[90]
13214,[79]
13215,[171]
13216,[40]
13217,[104]
13218,[49]
13219,[285]
13220,[42]
13221,[71]
13222,[326]
13223,[69]
13224,[42]
13225,[84]
13226,[76]
13227,[6]
13228,[42]
13229,[68]
13230,[173]
13231,[366]
13232,[42]
13233,[108]
13234,[214]
13235,[423]
13236,[44]
13237,[467]
13238,[214]
13239,[110]
13240,[236]
13241,[159]
13242,[299]
13243,[242]
13244,[13]
13245,[91]
13246,[56]
13247,[99]
13248,[89]
13249,[79]
13250,[169]
13251,[152]
13252,[104]
13253,[408]
13254,[79]
13255,[304]
13256,[66]
13257,[291]
13258,[331]
13259,[161]
13260,[79]
13261,[357]
13262,[21]
13263,[79]
13264,[122]
13265,[441]
13266,[157]
13267,[50]
13268,[30]
13269,[357]
13270,[13]
13271,[73]
13272,[13]
13273,[233]
13274,[318]
13275,[103]
13276,[277]
13277,[89]
13278,[238]
13279,[124]
13280,[422]
13281,[359]
13282,[34]
13283,[39]
13284,[460]
13285,[61]
13286,[153]
13287,[175]
13288,[243]
13289,[295]
13290,[79]
13291,[374]
13292,[290]
13293,[60]
13294,[423]
13295,[65]
13296,[243]
13297,[105]
13298,[115]
13299,[14]
13300,[181]
13301,[149]
13302,[105]
13303,[118]
13304,[9]
13305,[344]
13306,[89]
13307,[21]
13308,[344]
13309,[353]
13310,[395]
13311,[326]
13312,[118]
13313,[451]
13314,[406]
13315,[88]
13316,[63]
13317,[339]
13318,[79]
13319,[216]
13320,[333]
13321,[66]
13322,[152]
13323,[131]
13324,[273]
13325,[105]
13326,[110]
13327,[106]
13328,[304]
13329,[152]
13330,[161]
13331,[73]
13332,[78]
13333,[9]
13334,[279]
13335,[42]
13336,[211]
13337,[89]
13338,[117]
13339,[458]
13340,[47]
13341,[117]
13342,[107]
13343,[470]
13344,[117]
13345,[34]
13346,[408]
13347,[470]
13348,[6]
13349,[233]
13350,[435]
13351,[264]
13352,[467]
13353,[50]
13354,[289]
13355,[71]
13356,[137]
13357,[114]
13358,[175]
13359,[396]
13360,[91]
13361,[321]
13362,[320]
13363,[139]
13364,[424]
13365,[263]
13366,[84]
13367,[200]
13368,[48]
13369,[79]
13370,[215]
13371,[79]
13372,[79]
13373,[214]
13374,[79]
13375,[354]
13376,[114]
13377,[364]
13378,[325]
13379,[395]
13380,[188]
13381,[56]
13382,[382]
13383,[355]
13384,[20]
13385,[92]
13386,[42]
13387,[295]
13388,[78]
13389,[89]
13390,[89]
13391,[233]
13392,[13]
13393,[118]
13394,[167]
13395,[20]
13396,[74]
13397,[89]
13398,[198]
13399,[44]
13400,[285]
13401,[21]
13402,[299]
13403,[214]
13404,[380]
13405,[128]
13406,[47]
13407,[374]
13408,[213]
13409,[64]
13410,[79]
13411,[83]
13412,[186]
13413,[433]
13414,[118]
13415,[165]
13416,[355]
13417,[457]
13418,[73]
13419,[42]
13420,[21]
13421,[369]
13422,[228]
13423,[474]
13424,[105]
13425,[453]
13426,[100]
13427,[255]
13428,[73]
13429,[215]
13430,[44]
13431,[24]
13432,[310]
13433,[130]
13434,[3]
13435,[31]
13436,[122]
13437,[73]
13438,[106]
13439,[4]
13440,[48]
13441,[216]
13442,[229]
13443,[357]
13444,[427]
13445,[76]
13446,[4]
13447,[188]
13448,[55]
13449,[14]
13450,[109]
13451,[75]
13452,[196]
13453,[90]
13454,[72]
13455,[471]
13456,[107]
13457,[117]
13458,[181]
13459,[448]
13460,[76]
13461,[170]
13462,[90]
13463,[276]
13464,[68]
13465,[79]
13466,[97]
13467,[152]
13468,[293]
13469,[160]
13470,[66]
13471,[148]
13472,[13]
13473,[210]
13474,[157]
13475,[206]
13476,[97]
13477,[327]
13478,[380]
13479,[104]
13480,[104]
13481,[281]
13482,[376]
13483,[228]
13484,[302]
13485,[138]
13486,[35]
13487,[14]
13488,[351]
13489,[68]
13490,[100]
13491,[121]
13492,[453]
13493,[68]
13494,[141]
13495,[359]
13496,[274]
13497,[13]
13498,[165]
13499,[181]
13500,[44]
13501,[290]
13502,[44]
13503,[57]
13504,[456]
13505,[235]
13506,[13]
13507,[457]
13508,[217]
13509,[197]
13510,[118]
13511,[381]
13512,[44]
13513,[107]
13514,[90]
13515,[68]
13516,[213]
13517,[21]
13518,[353]
13519,[211]
13520,[301]
13521,[383]
13522,[309]
13523,[42]
13524,[455]
13525,[273]
13526,[158]
13527,[16]
13528,[142]
13529,[344]
13530,[9]
13531,[3]
13532,[363]
13533,[22]
13534,[299]
13535,[408]
13536,[97]
13537,[188]
13538,[117]
13539,[273]
13540,[152]
13541,[1]
13542,[40]
13543,[74]
13544,[73]
13545,[217]
13546,[161]
13547,[89]
13548,[337]
13549,[148]
13550,[389]
13551,[274]
13552,[428]
13553,[357]
13554,[89]
13555,[89]
13556,[198]
13557,[259]
13558,[197]
13559,[179]
13560,[168]
13561,[12]
13562,[76]
13563,[117]
13564,[79]
13565,[48]
13566,[160]
13567,[474]
13568,[79]
13569,[401]
13570,[236]
13571,[196]
13572,[45]
13573,[13]
13574,[186]
13575,[153]
13576,[277]
13577,[461]
13578,[359]
13579,[58]
13580,[277]
13581,[21]
13582,[44]
13583,[1]
13584,[108]
13585,[396]
13586,[44]
13587,[9]
13588,[270]
13589,[275]
13590,[12]
13591,[171]
13592,[471]
13593,[153]
13594,[3]
13595,[203]
13596,[325]
13597,[170]
13598,[20]
13599,[45]
13600,[66]
13601,[77]
13602,[21]
13603,[193]
13604,[461]
13605,[66]
13606,[79]
13607,[101]
13608,[111]
13609,[111]
13610,[41]
13611,[188]
13612,[423]
13613,[277]
13614,[153]
13615,[273]
13616,[105]
13617,[68]
13618,[470]
13619,[111]
13620,[459]
13621,[153]
13622,[181]
13623,[211]
13624,[196]
13625,[41]
13626,[277]
13627,[285]
13628,[171]
13629,[75]
13630,[193]
13631,[357]
13632,[381]
13633,[79]
13634,[49]
13635,[173]
13636,[21]
13637,[76]
13638,[45]
13639,[213]
13640,[165]
13641,[89]
13642,[476]
13643,[170]
13644,[220]
13645,[326]
13646,[20]
13647,[79]
13648,[148]
13649,[247]
13650,[90]
13651,[89]
13652,[66]
13653,[171]
13654,[216]
13655,[361]
13656,[476]
13657,[21]
13658,[266]
13659,[50]
13660,[247]
13661,[102]
13662,[24]
13663,[386]
13664,[142]
13665,[208]
13666,[457]
13667,[76]
13668,[185]
13669,[215]
13670,[7]
13671,[127]
13672,[211]
13673,[32]
13674,[408]
13675,[79]
13676,[369]
13677,[381]
13678,[101]
13679,[328]
13680,[381]
13681,[42]
13682,[89]
13683,[344]
13684,[44]
13685,[45]
13686,[139]
13687,[150]
13688,[8]
13689,[123]
13690,[386]
13691,[369]
13692,[4]
13693,[152]
13694,[298]
13695,[165]
13696,[326]
13697,[105]
13698,[117]
13699,[396]
13700,[171]
13701,[159]
13702,[381]
13703,[127]
13704,[48]
13705,[13]
13706,[148]
13707,[233]
13708,[435]
13709,[9]
13710,[56]
13711,[20]
13712,[127]
13713,[59]
13714,[97]
13715,[127]
13716,[287]
13717,[369]
13718,[39]
13719,[413]
13720,[44]
13721,[39]
13722,[160]
13723,[292]
13724,[92]
13725,[316]
13726,[114]
13727,[401]
13728,[41]
13729,[173]
13730,[270]
13731,[392]
13732,[197]
13733,[242]
13734,[193]
13735,[34]
13736,[156]
13737,[21]
13738,[247]
13739,[71]
13740,[108]
13741,[52]
13742,[90]
13743,[435]
13744,[15]
13745,[60]
13746,[44]
13747,[79]
13748,[215]
13749,[78]
13750,[453]
13751,[116]
13752,[50]
13753,[89]
13754,[44]
13755,[479]
13756,[79]
13757,[34]
13758,[292]
13759,[357]
13760,[177]
13761,[331]
13762,[153]
13763,[104]
13764,[110]
13765,[79]
13766,[383]
13767,[50]
13768,[130]
13769,[181]
13770,[290]
13771,[381]
13772,[93]
13773,[193]
13774,[44]
13775,[23]
13776,[149]
13777,[90]
13778,[42]
13779,[25]
13780,[68]
13781,[54]
13782,[153]
13783,[170]
13784,[215]
13785,[161]
13786,[160]
13787,[34]
13788,[280]
13789,[124]
13790,[9]
13791,[374]
13792,[172]
13793,[4]
13794,[349]
13795,[44]
13796,[101]
13797,[377]
13798,[18]
13799,[105]
13800,[79]
13801,[359]
13802,[79]
13803,[42]
13804,[13]
13805,[421]
13806,[19]
13807,[74]
13808,[410]
13809,[9]
13810,[42]
13811,[153]
13812,[159]
13813,[270]
13814,[381]
13815,[13]
13816,[394]
13817,[262]
13818,[450]
13819,[77]
13820,[178]
13821,[118]
13822,[47]
13823,[9]
13824,[355]
13825,[161]
13826,[13]
13827,[108]
13828,[193]
13829,[424]
13830,[148]
13831,[13]
13832,[193]
13833,[390]
13834,[299]
13835,[423]
13836,[297]
13837,[116]
13838,[49]
13839,[44]
13840,[295]
13841,[353]
13842,[193]
13843,[127]
13844,[117]
13845,[108]
13846,[213]
13847,[40]
13848,[79]
13849,[152]
13850,[168]
13851,[376]
13852,[96]
13853,[216]
13854,[90]
13855,[103]
13856,[42]
13857,[50]
13858,[130]
13859,[356]
13860,[142]
13861,[21]
13862,[282]
13863,[169]
13864,[42]
13865,[104]
13866,[233]
13867,[234]
13868,[364]
13869,[142]
13870,[44]
13871,[198]
13872,[49]
13873,[50]
13874,[42]
13875,[79]
13876,[392]
13877,[21]
13878,[104]
13879,[160]
13880,[214]
13881,[8]
13882,[9]
13883,[55]
13884,[344]
13885,[435]
13886,[228]
13887,[141]
13888,[225]
13889,[181]
13890,[361]
13891,[125]
13892,[242]
13893,[39]
13894,[158]
13895,[149]
13896,[277]
13897,[55]
13898,[50]
13899,[24]
13900,[102]
13901,[44]
13902,[80]
13903,[181]
13904,[13]
13905,[107]
13906,[9]
13907,[222]
13908,[353]
13909,[169]
13910,[156]
13911,[358]
13912,[9]
13913,[197]
13914,[213]
13915,[79]
13916,[471]
13917,[193]
13918,[274]
13919,[167]
13920,[13]
13921,[21]
13922,[140]
13923,[214]
13924,[23]
13925,[273]
13926,[79]
13927,[117]
13928,[44]
13929,[242]
13930,[89]
13931,[171]
13932,[279]
13933,[255]
13934,[290]
13935,[116]
13936,[55]
13937,[213]
13938,[101]
13939,[42]
13940,[143]
13941,[25]
13942,[143]
13943,[79]
13944,[406]
13945,[451]
13946,[65]
13947,[66]
13948,[147]
13949,[329]
13950,[461]
13951,[198]
13952,[331]
13953,[13]
13954,[50]
13955,[36]
13956,[235]
13957,[181]
13958,[290]
13959,[121]
13960,[101]
13961,[451]
13962,[16]
13963,[110]
13964,[169]
13965,[173]
13966,[153]
13967,[117]
13968,[143]
13969,[136]
13970,[53]
13971,[44]
13972,[222]
13973,[395]
13974,[122]
13975,[198]
13976,[59]
13977,[268]
13978,[60]
13979,[366]
13980,[50]
13981,[126]
13982,[71]
13983,[275]
13984,[9]
13985,[353]
13986,[89]
13987,[9]
13988,[21]
13989,[233]
13990,[23]
13991,[97]
13992,[328]
13993,[15]
13994,[197]
13995,[331]
13996,[181]
13997,[125]
13998,[385]
13999,[400]
14000,[293]
14001,[105]
14002,[105]
14003,[356]
14004,[376]
14005,[242]
14006,[381]
14007,[152]
14008,[383]
14009,[56]
14010,[49]
14011,[97]
14012,[179]
14013,[50]
14014,[39]
14015,[205]
14016,[61]
14017,[233]
14018,[111]
14019,[326]
14020,[359]
14021,[13]
14022,[451]
14023,[74]
14024,[146]
14025,[66]
14026,[457]
14027,[361]
14028,[115]
14029,[218]
14030,[193]
14031,[18]
14032,[198]
14033,[64]
14034,[401]
14035,[236]
14036,[66]
14037,[307]
14038,[299]
14039,[50]
14040,[106]
14041,[381]
14042,[68]
14043,[316]
14044,[238]
14045,[153]
14046,[328]
14047,[138]
14048,[173]
14049,[195]
14050,[40]
14051,[295]
14052,[7]
14053,[13]
14054,[110]
14055,[142]
14056,[105]
14057,[45]
14058,[32]
14059,[325]
14060,[13]
14061,[341]
14062,[98]
14063,[16]
14064,[142]
14065,[77]
14066,[108]
14067,[291]
14068,[9]
14069,[89]
14070,[214]
14071,[13]
14072,[39]
14073,[234]
14074,[40]
14075,[13]
14076,[4]
14077,[184]
14078,[13]
14079,[374]
14080,[242]
14081,[117]
14082,[157]
14083,[148]
14084,[65]
14085,[74]
14086,[73]
14087,[381]
14088,[153]
14089,[55]
14090,[394]
14091,[392]
14092,[88]
14093,[44]
14094,[177]
14095,[77]
14096,[89]
14097,[79]
14098,[31]
14099,[398]
14100,[76]
14101,[125]
14102,[49]
14103,[13]
14104,[215]
14105,[200]
14106,[211]
14107,[376]
14108,[153]
14109,[41]
14110,[75]
14111,[277]
14112,[79]
14113,[353]
14114,[381]
14115,[242]
14116,[25]
14117,[131]
14118,[225]
14119,[166]
14120,[44]
14121,[259]
14122,[13]
14123,[102]
14124,[79]
14125,[55]
14126,[13]
14127,[401]
14128,[1]
14129,[370]
14130,[140]
14131,[172]
14132,[395]
14133,[435]
14134,[105]
14135,[79]
14136,[465]
14137,[150]
14138,[400]
14139,[9]
14140,[44]
14141,[413]
14142,[214]
14143,[383]
14144,[198]
14145,[288]
14146,[215]
14147,[279]
14148,[102]
14149,[246]
14150,[89]
14151,[20]
14152,[48]
14153,[205]
14154,[9]
14155,[9]
14156,[359]
14157,[471]
14158,[79]
14159,[54]
14160,[446]
14161,[84]
14162,[79]
14163,[45]
14164,[471]
14165,[117]
14166,[296]
14167,[20]
14168,[74]
14169,[19]
14170,[116]
14171,[66]
14172,[275]
14173,[9]
14174,[77]
14175,[161]
14176,[108]
14177,[75]
14178,[364]
14179,[205]
14180,[72]
14181,[243]
14182,[116]
14183,[461]
14184,[79]
14185,[214]
14186,[275]
14187,[117]
14188,[107]
14189,[54]
14190,[160]
14191,[197]
14192,[197]
14193,[102]
14194,[161]
14195,[68]
14196,[21]
14197,[125]
14198,[400]
14199,[260]
14200,[185]
14201,[41]
14202,[345]
14203,[246]
14204,[471]
14205,[33]
14206,[89]
14207,[85]
14208,[89]
14209,[56]
14210,[359]
14211,[9]
14212,[383]
14213,[370]
14214,[359]
14215,[354]
14216,[304]
14217,[83]
14218,[211]
14219,[14]
14220,[21]
14221,[290]
14222,[79]
14223,[153]
14224,[79]
14225,[435]
14226,[79]
14227,[160]
14228,[288]
14229,[295]
14230,[116]
14231,[281]
14232,[170]
14233,[43]
14234,[233]
14235,[117]
14236,[352]
14237,[202]
14238,[47]
14239,[211]
14240,[89]
14241,[275]
14242,[291]
14243,[13]
14244,[327]
14245,[383]
14246,[9]
14247,[198]
14248,[89]
14249,[290]
14250,[304]
14251,[79]
14252,[45]
14253,[106]
14254,[4]
14255,[369]
14256,[349]
14257,[337]
14258,[118]
14259,[71]
14260,[246]
14261,[409]
14262,[395]
14263,[9]
14264,[20]
14265,[188]
14266,[138]
14267,[247]
14268,[76]
14269,[438]
14270,[45]
14271,[13]
14272,[68]
14273,[79]
14274,[35]
14275,[185]
14276,[248]
14277,[413]
14278,[139]
14279,[128]
14280,[315]
14281,[50]
14282,[83]
14283,[297]
14284,[96]
14285,[117]
14286,[392]
14287,[35]
14288,[438]
14289,[290]
14290,[48]
14291,[103]
14292,[403]
14293,[44]
14294,[357]
14295,[215]
14296,[169]
14297,[414]
14298,[385]
14299,[42]
14300,[222]
14301,[202]
14302,[84]
14303,[42]
14304,[238]
14305,[127]
14306,[461]
14307,[40]
14308,[48]
14309,[12]
14310,[118]
14311,[73]
14312,[472]
14313,[41]
14314,[98]
14315,[427]
14316,[210]
14317,[376]
14318,[285]
14319,[389]
14320,[16]
14321,[407]
14322,[75]
14323,[98]
14324,[403]
14325,[35]
14326,[64]
14327,[268]
14328,[41]
14329,[249]
14330,[292]
14331,[424]
14332,[44]
14333,[415]
14334,[114]
14335,[41]
14336,[89]
14337,[117]
14338,[118]
14339,[297]
14340,[210]
14341,[34]
14342,[117]
14343,[193]
14344,[77]
14345,[42]
14346,[13]
14347,[149]
14348,[277]
14349,[432]
14350,[105]
14351,[386]
14352,[106]
14353,[32]
14354,[116]
14355,[424]
14356,[112]
14357,[105]
14358,[277]
14359,[374]
14360,[197]
14361,[213]
14362,[66]
14363,[274]
14364,[374]
14365,[214]
14366,[13]
14367,[383]
14368,[140]
14369,[142]
14370,[42]
14371,[13]
14372,[79]
14373,[116]
14374,[89]
14375,[215]
14376,[179]
14377,[400]
14378,[107]
14379,[328]
14380,[170]
14381,[61]
14382,[16]
14383,[216]
14384,[218]
14385,[35]
14386,[456]
14387,[73]
14388,[161]
14389,[299]
14390,[233]
14391,[438]
14392,[98]
14393,[351]
14394,[186]
14395,[85]
14396,[242]
14397,[295]
14398,[44]
14399,[8]
14400,[117]
14401,[76]
14402,[426]
14403,[381]
14404,[275]
14405,[34]
14406,[45]
14407,[105]
14408,[275]
14409,[25]
14410,[42]
14411,[6]
14412,[161]
14413,[288]
14414,[79]
14415,[91]
14416,[33]
14417,[13]
14418,[42]
14419,[50]
14420,[48]
14421,[392]
14422,[50]
14423,[193]
14424,[105]
14425,[161]
14426,[161]
14427,[40]
14428,[273]
14429,[181]
14430,[91]
14431,[236]
14432,[162]
14433,[89]
14434,[326]
14435,[60]
14436,[123]
14437,[221]
14438,[208]
14439,[104]
14440,[193]
14441,[389]
14442,[84]
14443,[153]
14444,[44]
14445,[107]
14446,[461]
14447,[77]
14448,[344]
14449,[153]
14450,[103]
14451,[272]
14452,[225]
14453,[34]
14454,[165]
14455,[214]
14456,[435]
14457,[42]
14458,[148]
14459,[79]
14460,[79]
14461,[127]
14462,[395]
14463,[159]
14464,[263]
14465,[295]
14466,[41]
14467,[476]
14468,[79]
14469,[61]
14470,[6]
14471,[44]
14472,[181]
14473,[215]
14474,[111]
14475,[291]
14476,[21]
14477,[25]
14478,[9]
14479,[64]
14480,[89]
14481,[380]
14482,[116]
14483,[18]
14484,[146]
14485,[73]
14486,[60]
14487,[73]
14488,[79]
14489,[88]
14490,[385]
14491,[89]
14492,[77]
14493,[84]
14494,[111]
14495,[302]
14496,[239]
14497,[45]
14498,[375]
14499,[117]
14500,[206]
14501,[343]
14502,[116]
14503,[21]
14504,[3]
14505,[273]
14506,[438]
14507,[107]
14508,[314]
14509,[208]
14510,[127]
14511,[74]
14512,[193]
14513,[13]
14514,[273]
14515,[121]
14516,[461]
14517,[381]
14518,[367]
14519,[327]
14520,[68]
14521,[279]
14522,[90]
14523,[39]
14524,[461]
14525,[131]
14526,[8]
14527,[291]
14528,[47]
14529,[46]
14530,[170]
14531,[101]
14532,[79]
14533,[90]
14534,[117]
14535,[295]
14536,[233]
14537,[294]
14538,[9]
14539,[58]
14540,[157]
14541,[277]
14542,[89]
14543,[452]
14544,[79]
14545,[167]
14546,[442]
14547,[122]
14548,[45]
14549,[193]
14550,[9]
14551,[68]
14552,[296]
14553,[89]
14554,[42]
14555,[18]
14556,[277]
14557,[243]
14558,[148]
14559,[116]
14560,[471]
14561,[40]
14562,[77]
14563,[153]
14564,[274]
14565,[40]
14566,[21]
14567,[77]
14568,[209]
14569,[117]
14570,[42]
14571,[78]
14572,[56]
14573,[196]
14574,[9]
14575,[105]
14576,[193]
14577,[107]
14578,[98]
14579,[37]
14580,[195]
14581,[103]
14582,[193]
14583,[103]
14584,[107]
14585,[193]
14586,[105]
14587,[357]
14588,[104]
14589,[21]
14590,[280]
14591,[277]
14592,[117]
14593,[22]
14594,[60]
14595,[108]
14596,[89]
14597,[79]
14598,[275]
14599,[386]
14600,[9]
14601,[427]
14602,[117]
14603,[42]
14604,[9]
14605,[152]
14606,[202]
14607,[90]
14608,[198]
14609,[68]
14610,[149]
14611,[367]
14612,[9]
14613,[107]
14614,[149]
14615,[21]
14616,[193]
14617,[296]
14618,[24]
14619,[117]
14620,[213]
14621,[45]
14622,[381]
14623,[93]
14624,[118]
14625,[21]
14626,[367]
14627,[40]
14628,[138]
14629,[30]
14630,[452]
14631,[233]
14632,[72]
14633,[89]
14634,[105]
14635,[155]
14636,[75]
14637,[114]
14638,[42]
14639,[424]
14640,[344]
14641,[367]
14642,[118]
14643,[79]
14644,[98]
14645,[124]
14646,[331]
14647,[50]
14648,[104]
14649,[153]
14650,[114]
14651,[21]
14652,[181]
14653,[160]
14654,[279]
14655,[89]
14656,[77]
14657,[40]
14658,[73]
14659,[50]
14660,[82]
14661,[48]
14662,[448]
14663,[159]
14664,[198]
14665,[167]
14666,[40]
14667,[44]
14668,[79]
14669,[41]
14670,[18]
14671,[85]
14672,[381]
14673,[287]
14674,[116]
14675,[125]
14676,[160]
14677,[471]
14678,[395]
14679,[149]
14680,[68]
14681,[114]
14682,[77]
14683,[89]
14684,[9]
14685,[40]
14686,[193]
14687,[90]
14688,[44]
14689,[148]
14690,[418]
14691,[42]
14692,[141]
14693,[180]
14694,[55]
14695,[211]
14696,[193]
14697,[111]
14698,[132]
14699,[186]
14700,[465]
14701,[71]
14702,[40]
14703,[79]
14704,[185]
14705,[66]
14706,[90]
14707,[48]
14708,[189]
14709,[8]
14710,[274]
14711,[148]
14712,[42]
14713,[478]
14714,[394]
14715,[357]
14716,[471]
14717,[49]
14718,[203]
14719,[153]
14720,[79]
14721,[270]
14722,[240]
14723,[247]
14724,[89]
14725,[181]
14726,[215]
14727,[319]
14728,[79]
14729,[299]
14730,[108]
14731,[331]
14732,[42]
14733,[220]
14734,[50]
14735,[105]
14736,[34]
14737,[42]
14738,[348]
14739,[104]
14740,[70]
14741,[168]
14742,[8]
14743,[461]
14744,[117]
14745,[79]
14746,[413]
14747,[79]
14748,[461]
14749,[45]
14750,[197]
14751,[233]
14752,[42]
14753,[166]
14754,[395]
14755,[132]
14756,[56]
14757,[8]
14758,[432]
14759,[101]
14760,[56]
14761,[408]
14762,[103]
14763,[147]
14764,[117]
14765,[327]
14766,[53]
14767,[211]
14768,[384]
14769,[381]
14770,[107]
14771,[68]
14772,[79]
14773,[207]
14774,[9]
14775,[171]
14776,[110]
14777,[42]
14778,[89]
14779,[196]
14780,[256]
14781,[89]
14782,[141]
14783,[9]
14784,[144]
14785,[386]
14786,[9]
14787,[374]
14788,[238]
14789,[4]
14790,[198]
14791,[290]
14792,[406]
14793,[21]
14794,[13]
14795,[79]
14796,[121]
14797,[13]
14798,[228]
14799,[25]
14800,[42]
14801,[235]
14802,[104]
14803,[44]
14804,[194]
14805,[153]
14806,[70]
14807,[66]
14808,[275]
14809,[50]
14810,[149]
14811,[193]
14812,[50]
14813,[89]
14814,[21]
14815,[290]
14816,[77]
14817,[207]
14818,[171]
14819,[279]
14820,[123]
14821,[141]
14822,[238]
14823,[317]
14824,[153]
14825,[73]
14826,[13]
14827,[273]
14828,[118]
14829,[47]
14830,[456]
14831,[89]
14832,[214]
14833,[6]
14834,[9]
14835,[79]
14836,[44]
14837,[141]
14838,[316]
14839,[281]
14840,[215]
14841,[186]
14842,[105]
14843,[359]
14844,[89]
14845,[452]
14846,[161]
14847,[90]
14848,[79]
14849,[13]
14850,[89]
14851,[413]
14852,[461]
14853,[400]
14854,[217]
14855,[49]
14856,[296]
14857,[118]
14858,[413]
14859,[377]
14860,[132]
14861,[147]
14862,[421]
14863,[193]
14864,[114]
14865,[213]
14866,[90]
14867,[48]
14868,[211]
14869,[85]
14870,[40]
14871,[21]
14872,[33]
14873,[45]
14874,[77]
14875,[208]
14876,[105]
14877,[117]
14878,[152]
14879,[73]
14880,[173]
14881,[22]
14882,[16]
14883,[44]
14884,[43]
14885,[66]
14886,[34]
14887,[211]
14888,[178]
14889,[151]
14890,[18]
14891,[185]
14892,[106]
14893,[242]
14894,[71]
14895,[111]
14896,[299]
14897,[359]
14898,[15]
14899,[123]
14900,[262]
14901,[381]
14902,[141]
14903,[401]
14904,[153]
14905,[89]
14906,[90]
14907,[277]
14908,[242]
14909,[111]
14910,[152]
14911,[90]
14912,[456]
14913,[70]
14914,[23]
14915,[68]
14916,[46]
14917,[281]
14918,[90]
14919,[96]
14920,[356]
14921,[142]
14922,[9]
14923,[60]
14924,[89]
14925,[233]
14926,[149]
14927,[290]
14928,[160]
14929,[44]
14930,[210]
14931,[159]
14932,[415]
14933,[211]
14934,[361]
14935,[40]
14936,[385]
14937,[273]
14938,[153]
14939,[233]
14940,[155]
14941,[49]
14942,[300]
14943,[396]
14944,[305]
14945,[72]
14946,[335]
14947,[66]
14948,[158]
14949,[149]
14950,[277]
14951,[79]
14952,[100]
14953,[23]
14954,[35]
14955,[148]
14956,[138]
14957,[315]
14958,[39]
14959,[158]
14960,[367]
14961,[89]
14962,[136]
14963,[73]
14964,[452]
14965,[72]
14966,[293]
14967,[121]
14968,[194]
14969,[412]
14970,[79]
14971,[233]
14972,[321]
14973,[189]
14974,[44]
14975,[105]
14976,[44]
14977,[86]
14978,[101]
14979,[215]
14980,[255]
14981,[471]
14982,[273]
14983,[59]
14984,[48]
14985,[65]
14986,[90]
14987,[65]
14988,[71]
14989,[8]
14990,[376]
14991,[79]
14992,[431]
14993,[79]
14994,[97]
14995,[116]
14996,[382]
14997,[242]
14998,[384]
14999,[389]
15000,[286]
15001,[41]
15002,[116]
15003,[461]
15004,[64]
15005,[47]
15006,[153]
15007,[41]
15008,[48]
15009,[79]
15010,[13]
15011,[45]
15012,[6]
15013,[104]
15014,[440]
15015,[132]
15016,[124]
15017,[42]
15018,[147]
15019,[49]
15020,[381]
15021,[121]
15022,[165]
15023,[52]
15024,[383]
15025,[149]
15026,[319]
15027,[42]
15028,[41]
15029,[101]
15030,[209]
15031,[79]
15032,[104]
15033,[42]
15034,[443]
15035,[273]
15036,[359]
15037,[50]
15038,[9]
15039,[376]
15040,[34]
15041,[73]
15042,[33]
15043,[277]
15044,[160]
15045,[170]
15046,[140]
15047,[13]
15048,[273]
15049,[1]
15050,[79]
15051,[1]
15052,[124]
15053,[193]
15054,[238]
15055,[33]
15056,[275]
15057,[208]
15058,[232]
15059,[289]
15060,[59]
15061,[85]
15062,[166]
15063,[152]
15064,[44]
15065,[15]
15066,[40]
15067,[142]
15068,[102]
15069,[117]
15070,[234]
15071,[106]
15072,[105]
15073,[107]
15074,[361]
15075,[172]
15076,[79]
15077,[78]
15078,[116]
15079,[21]
15080,[353]
15081,[277]
15082,[339]
15083,[465]
15084,[45]
15085,[79]
15086,[40]
15087,[233]
15088,[173]
15089,[277]
15090,[47]
15091,[260]
15092,[286]
15093,[158]
15094,[103]
15095,[9]
15096,[105]
15097,[357]
15098,[47]
15099,[42]
15100,[193]
15101,[79]
15102,[457]
15103,[68]
15104,[206]
15105,[297]
15106,[233]
15107,[217]
15108,[79]
15109,[68]
15110,[42]
15111,[47]
15112,[472]
15113,[328]
15114,[167]
15115,[148]
15116,[89]
15117,[116]
15118,[461]
15119,[63]
15120,[148]
15121,[326]
15122,[45]
15123,[88]
15124,[423]
15125,[131]
15126,[161]
15127,[126]
15128,[359]
15129,[13]
15130,[461]
15131,[268]
15132,[433]
15133,[9]
15134,[277]
15135,[317]
15136,[247]
15137,[290]
15138,[188]
15139,[45]
15140,[54]
15141,[97]
15142,[475]
15143,[10]
15144,[79]
15145,[214]
15146,[277]
15147,[163]
15148,[452]
15149,[13]
15150,[453]
15151,[438]
15152,[153]
15153,[242]
15154,[218]
15155,[50]
15156,[100]
15157,[10]
15158,[138]
15159,[245]
15160,[77]
15161,[104]
15162,[66]
15163,[186]
15164,[44]
15165,[126]
15166,[9]
15167,[89]
15168,[449]
15169,[107]
15170,[106]
15171,[149]
15172,[159]
15173,[471]
15174,[293]
15175,[376]
15176,[59]
15177,[79]
15178,[124]
15179,[273]
15180,[49]
15181,[117]
15182,[376]
15183,[385]
15184,[43]
15185,[16]
15186,[359]
15187,[465]
15188,[153]
15189,[213]
15190,[242]
15191,[472]
15192,[448]
15193,[440]
15194,[147]
15195,[475]
15196,[34]
15197,[26]
15198,[401]
15199,[42]
15200,[48]
15201,[98]
15202,[27]
15203,[79]
15204,[74]
15205,[50]
15206,[344]
15207,[110]
15208,[48]
15209,[86]
15210,[74]
15211,[426]
15212,[103]
15213,[369]
15214,[141]
15215,[163]
15216,[47]
15217,[64]
15218,[69]
15219,[277]
15220,[71]
15221,[65]
15222,[9]
15223,[359]
15224,[58]
15225,[242]
15226,[118]
15227,[46]
15228,[45]
15229,[106]
15230,[475]
15231,[34]
15232,[242]
15233,[153]
15234,[31]
15235,[270]
15236,[42]
15237,[42]
15238,[215]
15239,[99]
15240,[127]
15241,[44]
15242,[172]
15243,[16]
15244,[161]
15245,[101]
15246,[71]
15247,[117]
15248,[68]
15249,[394]
15250,[117]
15251,[44]
15252,[44]
15253,[211]
15254,[277]
15255,[111]
15256,[8]
15257,[89]
15258,[181]
15259,[89]
15260,[79]
15261,[282]
15262,[13]
15263,[34]
15264,[9]
15265,[173]
15266,[44]
15267,[142]
15268,[471]
15269,[260]
15270,[373]
15271,[71]
15272,[66]
15273,[155]
15274,[206]
15275,[138]
15276,[161]
15277,[109]
15278,[104]
15279,[213]
15280,[111]
15281,[399]
15282,[18]
15283,[13]
15284,[383]
15285,[215]
15286,[214]
15287,[471]
15288,[89]
15289,[432]
15290,[104]
15291,[48]
15292,[41]
15293,[457]
15294,[165]
15295,[40]
15296,[315]
15297,[103]
15298,[47]
15299,[42]
15300,[170]
15301,[440]
15302,[294]
15303,[86]
15304,[473]
15305,[218]
15306,[45]
15307,[202]
15308,[205]
15309,[296]
15310,[275]
15311,[54]
15312,[326]
15313,[114]
15314,[76]
15315,[74]
15316,[198]
15317,[9]
15318,[401]
15319,[166]
15320,[181]
15321,[64]
15322,[299]
15323,[89]
15324,[367]
15325,[213]
15326,[100]
15327,[54]
15328,[13]
15329,[116]
15330,[45]
15331,[149]
15332,[451]
15333,[44]
15334,[105]
15335,[301]
15336,[195]
15337,[435]
15338,[79]
15339,[246]
15340,[65]
15341,[208]
15342,[48]
15343,[55]
15344,[277]
15345,[473]
15346,[55]
15347,[105]
15348,[188]
15349,[12]
15350,[50]
15351,[117]
15352,[475]
15353,[24]
15354,[89]
15355,[128]
15356,[89]
15357,[150]
15358,[264]
15359,[117]
15360,[329]
15361,[292]
15362,[44]
15363,[90]
15364,[21]
15365,[44]
15366,[325]
15367,[141]
15368,[157]
15369,[126]
15370,[44]
15371,[143]
15372,[71]
15373,[42]
15374,[9]
15375,[217]
15376,[73]
15377,[15]
15378,[93]
15379,[50]
15380,[331]
15381,[12]
15382,[381]
15383,[152]
15384,[79]
15385,[423]
15386,[197]
15387,[349]
15388,[160]
15389,[13]
15390,[48]
15391,[297]
15392,[471]
15393,[128]
15394,[110]
15395,[79]
15396,[403]
15397,[39]
15398,[116]
15399,[453]
15400,[283]
15401,[79]
15402,[149]
15403,[48]
15404,[50]
15405,[394]
15406,[335]
15407,[381]
15408,[13]
15409,[79]
15410,[383]
15411,[268]
15412,[290]
15413,[172]
15414,[79]
15415,[63]
15416,[374]
15417,[240]
15418,[171]
15419,[465]
15420,[105]
15421,[109]
15422,[172]
15423,[369]
15424,[79]
15425,[242]
15426,[184]
15427,[344]
15428,[247]
15429,[89]
15430,[291]
15431,[219]
15432,[376]
15433,[383]
15434,[131]
15435,[166]
15436,[105]
15437,[90]
15438,[32]
15439,[158]
15440,[153]
15441,[20]
15442,[40]
15443,[272]
15444,[3]
15445,[79]
15446,[219]
15447,[326]
15448,[267]
15449,[97]
15450,[74]
15451,[41]
15452,[218]
15453,[208]
15454,[110]
15455,[166]
15456,[359]
15457,[273]
15458,[163]
15459,[297]
15460,[457]
15461,[337]
15462,[105]
15463,[41]
15464,[50]
15465,[50]
15466,[72]
15467,[42]
15468,[142]
15469,[243]
15470,[44]
15471,[405]
15472,[280]
15473,[270]
15474,[238]
15475,[61]
15476,[48]
15477,[13]
15478,[235]
15479,[8]
15480,[165]
15481,[148]
15482,[13]
15483,[297]
15484,[75]
15485,[108]
15486,[234]
15487,[72]
15488,[140]
15489,[48]
15490,[49]
15491,[13]
15492,[301]
15493,[9]
15494,[9]
15495,[425]
15496,[76]
15497,[48]
15498,[287]
15499,[142]
15500,[193]
15501,[42]
15502,[426]
15503,[76]
15504,[107]
15505,[279]
15506,[152]
15507,[160]
15508,[325]
15509,[290]
15510,[114]
15511,[435]
15512,[295]
15513,[105]
15514,[374]
15515,[105]
15516,[471]
15517,[291]
15518,[34]
15519,[383]
15520,[9]
15521,[273]
15522,[78]
15523,[21]
15524,[295]
15525,[359]
15526,[155]
15527,[58]
15528,[84]
15529,[73]
15530,[33]
15531,[24]
15532,[118]
15533,[101]
15534,[104]
15535,[386]
15536,[238]
15537,[208]
15538,[79]
15539,[89]
15540,[45]
15541,[158]
15542,[152]
15543,[33]
15544,[177]
15545,[218]
15546,[85]
15547,[317]
15548,[9]
15549,[35]
15550,[44]
15551,[286]
15552,[374]
15553,[76]
15554,[214]
15555,[23]
15556,[115]
15557,[45]
15558,[359]
15559,[387]
15560,[381]
15561,[9]
15562,[45]
15563,[171]
15564,[233]
15565,[18]
15566,[359]
15567,[117]
15568,[205]
15569,[83]
15570,[7]
15571,[104]
15572,[194]
15573,[83]
15574,[120]
15575,[24]
15576,[376]
15577,[83]
15578,[45]
15579,[457]
15580,[255]
15581,[84]
15582,[148]
15583,[54]
15584,[359]
15585,[105]
15586,[142]
15587,[371]
15588,[173]
15589,[290]
15590,[421]
15591,[81]
15592,[116]
15593,[127]
15594,[217]
15595,[328]
15596,[351]
15597,[177]
15598,[277]
15599,[153]
15600,[136]
15601,[21]
15602,[436]
15603,[142]
15604,[42]
15605,[44]
15606,[440]
15607,[159]
15608,[169]
15609,[68]
15610,[435]
15611,[238]
15612,[270]
15613,[118]
15614,[79]
15615,[13]
15616,[34]
15617,[66]
15618,[106]
15619,[381]
15620,[44]
15621,[97]
15622,[142]
15623,[178]
15624,[247]
15625,[127]
15626,[49]
15627,[153]
15628,[242]
15629,[98]
15630,[107]
15631,[113]
15632,[76]
15633,[79]
15634,[118]
15635,[42]
15636,[91]
15637,[42]
15638,[101]
15639,[460]
15640,[79]
15641,[13]
15642,[3]
15643,[76]
15644,[273]
15645,[44]
15646,[105]
15647,[98]
15648,[478]
15649,[41]
15650,[340]
15651,[41]
15652,[261]
15653,[119]
15654,[417]
15655,[34]
15656,[357]
15657,[220]
15658,[331]
15659,[376]
15660,[42]
15661,[215]
15662,[371]
15663,[167]
15664,[101]
15665,[66]
15666,[106]
15667,[153]
15668,[108]
15669,[90]
15670,[61]
15671,[50]
15672,[34]
15673,[131]
15674,[89]
15675,[381]
15676,[50]
15677,[73]
15678,[438]
15679,[127]
15680,[48]
15681,[60]
15682,[89]
15683,[197]
15684,[115]
15685,[172]
15686,[439]
15687,[79]
15688,[104]
15689,[275]
15690,[451]
15691,[428]
15692,[89]
15693,[302]
15694,[369]
15695,[34]
15696,[13]
15697,[461]
15698,[42]
15699,[148]
15700,[44]
15701,[79]
15702,[260]
15703,[117]
15704,[73]
15705,[79]
15706,[246]
15707,[303]
15708,[79]
15709,[117]
15710,[225]
15711,[255]
15712,[149]
15713,[44]
15714,[165]
15715,[357]
15716,[118]
15717,[13]
15718,[14]
15719,[445]
15720,[41]
15721,[206]
15722,[148]
15723,[354]
15724,[215]
15725,[22]
15726,[268]
15727,[189]
15728,[79]
15729,[108]
15730,[150]
15731,[165]
15732,[382]
15733,[266]
15734,[25]
15735,[104]
15736,[152]
15737,[165]
15738,[84]
15739,[44]
15740,[185]
15741,[44]
15742,[273]
15743,[165]
15744,[6]
15745,[117]
15746,[406]
15747,[34]
15748,[424]
15749,[400]
15750,[255]
15751,[61]
15752,[71]
15753,[165]
15754,[374]
15755,[103]
15756,[222]
15757,[107]
15758,[34]
15759,[285]
15760,[92]
15761,[21]
15762,[248]
15763,[50]
15764,[475]
15765,[354]
15766,[160]
15767,[121]
15768,[427]
15769,[385]
15770,[44]
15771,[13]
15772,[44]
15773,[359]
15774,[6]
15775,[157]
15776,[108]
15777,[196]
15778,[103]
15779,[193]
15780,[236]
15781,[108]
15782,[56]
15783,[121]
15784,[206]
15785,[408]
15786,[181]
15787,[150]
15788,[15]
15789,[152]
15790,[34]
15791,[383]
15792,[13]
15793,[111]
15794,[41]
15795,[181]
15796,[118]
15797,[157]
15798,[107]
15799,[299]
15800,[91]
15801,[84]
15802,[108]
15803,[198]
15804,[42]
15805,[168]
15806,[160]
15807,[190]
15808,[277]
15809,[79]
15810,[64]
15811,[75]
15812,[79]
15813,[27]
15814,[79]
15815,[76]
15816,[275]
15817,[125]
15818,[89]
15819,[369]
15820,[117]
15821,[198]
15822,[115]
15823,[16]
15824,[50]
15825,[90]
15826,[357]
15827,[142]
15828,[57]
15829,[89]
15830,[275]
15831,[215]
15832,[420]
15833,[50]
15834,[130]
15835,[68]
15836,[419]
15837,[113]
15838,[42]
15839,[443]
15840,[42]
15841,[197]
15842,[16]
15843,[42]
15844,[89]
15845,[107]
15846,[369]
15847,[40]
15848,[74]
15849,[314]
15850,[6]
15851,[16]
15852,[246]
15853,[75]
15854,[127]
15855,[291]
15856,[45]
15857,[269]
15858,[181]
15859,[171]
15860,[116]
15861,[394]
15862,[235]
15863,[79]
15864,[171]
15865,[43]
15866,[273]
15867,[301]
15868,[214]
15869,[79]
15870,[83]
15871,[165]
15872,[366]
15873,[79]
15874,[189]
15875,[66]
15876,[21]
15877,[132]
15878,[66]
15879,[105]
15880,[148]
15881,[399]
15882,[295]
15883,[387]
15884,[471]
15885,[41]
15886,[357]
15887,[385]
15888,[172]
15889,[325]
15890,[13]
15891,[235]
15892,[165]
15893,[66]
15894,[20]
15895,[79]
15896,[213]
15897,[234]
15898,[179]
15899,[369]
15900,[368]
15901,[42]
15902,[170]
15903,[173]
15904,[386]
15905,[41]
15906,[153]
15907,[79]
15908,[273]
15909,[156]
15910,[83]
15911,[35]
15912,[369]
15913,[118]
15914,[8]
15915,[234]
15916,[242]
15917,[376]
15918,[48]
15919,[3]
15920,[105]
15921,[181]
15922,[50]
15923,[326]
15924,[79]
15925,[185]
15926,[389]
15927,[153]
15928,[389]
15929,[72]
15930,[369]
15931,[63]
15932,[44]
15933,[219]
15934,[127]
15935,[383]
15936,[233]
15937,[361]
15938,[395]
15939,[273]
15940,[111]
15941,[100]
15942,[79]
15943,[354]
15944,[471]
15945,[3]
15946,[79]
15947,[158]
15948,[159]
15949,[147]
15950,[89]
15951,[68]
15952,[274]
15953,[104]
15954,[104]
15955,[13]
15956,[89]
15957,[407]
15958,[255]
15959,[34]
15960,[276]
15961,[101]
15962,[40]
15963,[386]
15964,[42]
15965,[188]
15966,[186]
15967,[105]
15968,[19]
15969,[428]
15970,[412]
15971,[259]
15972,[189]
15973,[117]
15974,[456]
15975,[333]
15976,[104]
15977,[100]
15978,[79]
15979,[103]
15980,[316]
15981,[408]
15982,[357]
15983,[472]
15984,[161]
15985,[13]
15986,[200]
15987,[48]
15988,[113]
15989,[64]
15990,[357]
15991,[149]
15992,[88]
15993,[273]
15994,[275]
15995,[148]
15996,[367]
15997,[55]
15998,[47]
15999,[21]
16000,[194]
16001,[21]
16002,[194]
16003,[334]
16004,[40]
16005,[105]
16006,[455]
16007,[419]
16008,[243]
16009,[439]
16010,[165]
16011,[352]
16012,[148]
16013,[34]
16014,[376]
16015,[42]
16016,[388]
16017,[42]
16018,[48]
16019,[108]
16020,[141]
16021,[180]
16022,[290]
16023,[357]
16024,[116]
16025,[421]
16026,[435]
16027,[79]
16028,[277]
16029,[326]
16030,[105]
16031,[84]
16032,[299]
16033,[427]
16034,[65]
16035,[98]
16036,[117]
16037,[384]
16038,[107]
16039,[83]
16040,[157]
16041,[34]
16042,[284]
16043,[52]
16044,[162]
16045,[158]
16046,[242]
16047,[153]
16048,[382]
16049,[179]
16050,[173]
16051,[68]
16052,[160]
16053,[105]
16054,[6]
16055,[334]
16056,[143]
16057,[374]
16058,[21]
16059,[13]
16060,[206]
16061,[303]
16062,[238]
16063,[321]
16064,[193]
16065,[92]
16066,[161]
16067,[79]
16068,[127]
16069,[197]
16070,[331]
16071,[193]
16072,[45]
16073,[225]
16074,[35]
16075,[41]
16076,[104]
16077,[111]
16078,[172]
16079,[192]
16080,[472]
16081,[105]
16082,[40]
16083,[71]
16084,[21]
16085,[68]
16086,[132]
16087,[177]
16088,[193]
16089,[359]
16090,[273]
16091,[404]
16092,[44]
16093,[9]
16094,[109]
16095,[303]
16096,[21]
16097,[74]
16098,[459]
16099,[79]
16100,[149]
16101,[185]
16102,[277]
16103,[326]
16104,[167]
16105,[89]
16106,[26]
16107,[227]
16108,[73]
16109,[157]
16110,[211]
16111,[343]
16112,[105]
16113,[49]
16114,[14]
16115,[165]
16116,[277]
16117,[25]
16118,[263]
16119,[73]
16120,[146]
16121,[24]
16122,[44]
16123,[193]
16124,[374]
16125,[66]
16126,[26]
16127,[277]
16128,[214]
16129,[150]
16130,[79]
16131,[66]
16132,[198]
16133,[105]
16134,[277]
16135,[50]
16136,[427]
16137,[251]
16138,[20]
16139,[118]
16140,[366]
16141,[461]
16142,[196]
16143,[298]
16144,[408]
16145,[233]
16146,[211]
16147,[242]
16148,[213]
16149,[170]
16150,[88]
16151,[357]
16152,[140]
16153,[45]
16154,[117]
16155,[383]
16156,[42]
16157,[255]
16158,[42]
16159,[122]
16160,[79]
16161,[9]
16162,[155]
16163,[8]
16164,[172]
16165,[427]
16166,[117]
16167,[68]
16168,[4]
16169,[238]
16170,[83]
16171,[79]
16172,[213]
16173,[158]
16174,[242]
16175,[142]
16176,[108]
16177,[56]
16178,[34]
16179,[242]
16180,[24]
16181,[233]
16182,[18]
16183,[245]
16184,[193]
16185,[273]
16186,[290]
16187,[105]
16188,[70]
16189,[79]
16190,[101]
16191,[108]
16192,[155]
16193,[356]
16194,[88]
16195,[75]
16196,[179]
16197,[153]
16198,[476]
16199,[78]
16200,[89]
16201,[361]
16202,[158]
16203,[100]
16204,[6]
16205,[47]
16206,[213]
16207,[116]
16208,[148]
16209,[79]
16210,[382]
16211,[158]
16212,[170]
16213,[461]
16214,[398]
16215,[42]
16216,[359]
16217,[230]
16218,[89]
16219,[452]
16220,[215]
16221,[293]
16222,[7]
16223,[101]
16224,[277]
16225,[9]
16226,[104]
16227,[416]
16228,[78]
16229,[44]
16230,[89]
16231,[42]
16232,[75]
16233,[320]
16234,[105]
16235,[470]
16236,[233]
16237,[290]
16238,[85]
16239,[40]
16240,[143]
16241,[127]
16242,[171]
16243,[220]
16244,[79]
16245,[455]
16246,[331]
16247,[74]
16248,[12]
16249,[47]
16250,[91]
16251,[438]
16252,[21]
16253,[274]
16254,[135]
16255,[98]
16256,[424]
16257,[333]
16258,[215]
16259,[45]
16260,[91]
16261,[52]
16262,[354]
16263,[149]
16264,[50]
16265,[194]
16266,[418]
16267,[29]
16268,[150]
16269,[239]
16270,[120]
16271,[459]
16272,[240]
16273,[297]
16274,[73]
16275,[106]
16276,[160]
16277,[356]
16278,[327]
16279,[13]
16280,[68]
16281,[107]
16282,[309]
16283,[54]
16284,[13]
16285,[211]
16286,[90]
16287,[105]
16288,[8]
16289,[58]
16290,[160]
16291,[49]
16292,[126]
16293,[44]
16294,[84]
16295,[195]
16296,[9]
16297,[203]
16298,[105]
16299,[35]
16300,[314]
16301,[214]
16302,[321]
16303,[328]
16304,[13]
16305,[389]
16306,[273]
16307,[31]
16308,[220]
16309,[158]
16310,[44]
16311,[104]
16312,[42]
16313,[323]
16314,[78]
16315,[60]
16316,[28]
16317,[45]
16318,[344]
16319,[118]
16320,[107]
16321,[247]
16322,[55]
16323,[364]
16324,[198]
16325,[30]
16326,[148]
16327,[104]
16328,[61]
16329,[465]
16330,[117]
16331,[89]
16332,[354]
16333,[64]
16334,[167]
16335,[300]
16336,[105]
16337,[79]
16338,[124]
16339,[193]
16340,[233]
16341,[45]
16342,[315]
16343,[68]
16344,[56]
16345,[297]
16346,[48]
16347,[47]
16348,[167]
16349,[79]
16350,[357]
16351,[152]
16352,[78]
16353,[170]
16354,[26]
16355,[24]
16356,[78]
16357,[44]
16358,[49]
16359,[68]
16360,[364]
16361,[367]
16362,[334]
16363,[3]
16364,[215]
16365,[275]
16366,[299]
16367,[89]
16368,[374]
16369,[123]
16370,[261]
16371,[247]
16372,[44]
16373,[33]
16374,[273]
16375,[48]
16376,[20]
16377,[44]
16378,[68]
16379,[275]
16380,[108]
16381,[108]
16382,[6]
16383,[117]
16384,[287]
16385,[171]
16386,[273]
16387,[381]
16388,[317]
16389,[283]
16390,[14]
16391,[185]
16392,[263]
16393,[167]
16394,[79]
16395,[61]
16396,[153]
16397,[45]
16398,[79]
16399,[181]
16400,[33]
16401,[319]
16402,[159]
16403,[184]
16404,[79]
16405,[40]
16406,[50]
16407,[242]
16408,[140]
16409,[54]
16410,[45]
16411,[71]
16412,[153]
16413,[89]
16414,[45]
16415,[43]
16416,[185]
16417,[42]
16418,[26]
16419,[335]
16420,[157]
16421,[423]
16422,[13]
16423,[20]
16424,[322]
16425,[48]
16426,[142]
16427,[273]
16428,[369]
16429,[161]
16430,[323]
16431,[108]
16432,[112]
16433,[89]
16434,[9]
16435,[386]
16436,[91]
16437,[9]
16438,[317]
16439,[225]
16440,[153]
16441,[49]
16442,[410]
16443,[381]
16444,[109]
16445,[116]
16446,[76]
16447,[408]
16448,[141]
16449,[424]
16450,[207]
16451,[148]
16452,[132]
16453,[168]
16454,[465]
16455,[475]
16456,[374]
16457,[77]
16458,[233]
16459,[9]
16460,[89]
16461,[218]
16462,[173]
16463,[42]
16464,[79]
16465,[104]
16466,[277]
16467,[374]
16468,[299]
16469,[79]
16470,[56]
16471,[79]
16472,[89]
16473,[79]
16474,[412]
16475,[92]
16476,[136]
16477,[41]
16478,[98]
16479,[369]
16480,[50]
16481,[45]
16482,[181]
16483,[73]
16484,[404]
16485,[175]
16486,[241]
16487,[250]
16488,[83]
16489,[185]
16490,[349]
16491,[273]
16492,[153]
16493,[50]
16494,[326]
16495,[424]
16496,[140]
16497,[75]
16498,[15]
16499,[194]
16500,[18]
16501,[26]
16502,[41]
16503,[40]
16504,[70]
16505,[331]
16506,[40]
16507,[262]
16508,[148]
16509,[8]
16510,[16]
16511,[158]
16512,[103]
16513,[152]
16514,[386]
16515,[453]
16516,[401]
16517,[369]
16518,[37]
16519,[33]
16520,[89]
16521,[21]
16522,[89]
16523,[83]
16524,[104]
16525,[105]
16526,[50]
16527,[335]
16528,[196]
16529,[160]
16530,[31]
16531,[381]
16532,[44]
16533,[8]
16534,[3]
16535,[79]
16536,[79]
16537,[180]
16538,[68]
16539,[103]
16540,[42]
16541,[79]
16542,[84]
16543,[89]
16544,[73]
16545,[21]
16546,[69]
16547,[214]
16548,[243]
16549,[114]
16550,[225]
16551,[100]
16552,[110]
16553,[79]
16554,[107]
16555,[180]
16556,[443]
16557,[42]
16558,[408]
16559,[90]
16560,[143]
16561,[42]
16562,[233]
16563,[86]
16564,[154]
16565,[73]
16566,[386]
16567,[74]
16568,[455]
16569,[59]
16570,[73]
16571,[213]
16572,[367]
16573,[117]
16574,[150]
16575,[9]
16576,[42]
16577,[117]
16578,[239]
16579,[275]
16580,[193]
16581,[109]
16582,[457]
16583,[415]
16584,[72]
16585,[405]
16586,[41]
16587,[462]
16588,[268]
16589,[161]
16590,[143]
16591,[367]
16592,[153]
16593,[124]
16594,[60]
16595,[233]
16596,[68]
16597,[277]
16598,[42]
16599,[104]
16600,[35]
16601,[121]
16602,[277]
16603,[333]
16604,[53]
16605,[141]
16606,[105]
16607,[193]
16608,[9]
16609,[154]
16610,[101]
16611,[117]
16612,[42]
16613,[397]
16614,[461]
16615,[359]
16616,[121]
16617,[54]
16618,[369]
16619,[5]
16620,[382]
16621,[214]
16622,[248]
16623,[317]
16624,[33]
16625,[123]
16626,[148]
16627,[438]
16628,[344]
16629,[163]
16630,[152]
16631,[50]
16632,[56]
16633,[50]
16634,[104]
16635,[34]
16636,[349]
16637,[173]
16638,[45]
16639,[458]
16640,[14]
16641,[66]
16642,[298]
16643,[84]
16644,[105]
16645,[198]
16646,[173]
16647,[107]
16648,[105]
16649,[55]
16650,[398]
16651,[361]
16652,[66]
16653,[8]
16654,[21]
16655,[91]
16656,[313]
16657,[100]
16658,[262]
16659,[395]
16660,[117]
16661,[161]
16662,[105]
16663,[181]
16664,[153]
16665,[16]
16666,[47]
16667,[436]
16668,[64]
16669,[370]
16670,[367]
16671,[42]
16672,[366]
16673,[50]
16674,[301]
16675,[331]
16676,[281]
16677,[73]
16678,[465]
16679,[369]
16680,[272]
16681,[203]
16682,[71]
16683,[42]
16684,[214]
16685,[101]
16686,[153]
16687,[121]
16688,[48]
16689,[50]
16690,[189]
16691,[471]
16692,[107]
16693,[371]
16694,[16]
16695,[84]
16696,[353]
16697,[64]
16698,[33]
16699,[316]
16700,[39]
16701,[66]
16702,[79]
16703,[233]
16704,[104]
16705,[103]
16706,[394]
16707,[105]
16708,[202]
16709,[44]
16710,[47]
16711,[138]
16712,[357]
16713,[111]
16714,[152]
16715,[400]
16716,[105]
16717,[35]
16718,[105]
16719,[320]
16720,[217]
16721,[274]
16722,[89]
16723,[89]
16724,[315]
16725,[89]
16726,[105]
16727,[247]
16728,[177]
16729,[72]
16730,[107]
16731,[34]
16732,[108]
16733,[79]
16734,[273]
16735,[166]
16736,[104]
16737,[376]
16738,[35]
16739,[44]
16740,[462]
16741,[188]
16742,[211]
16743,[419]
16744,[116]
16745,[104]
16746,[215]
16747,[177]
16748,[104]
16749,[138]
16750,[181]
16751,[383]
16752,[70]
16753,[50]
16754,[148]
16755,[152]
16756,[209]
16757,[412]
16758,[153]
16759,[263]
16760,[84]
16761,[112]
16762,[121]
16763,[233]
16764,[418]
16765,[359]
16766,[453]
16767,[73]
16768,[137]
16769,[6]
16770,[42]
16771,[89]
16772,[104]
16773,[31]
16774,[98]
16775,[4]
16776,[66]
16777,[273]
16778,[13]
16779,[386]
16780,[275]
16781,[355]
16782,[117]
16783,[389]
16784,[272]
16785,[108]
16786,[79]
16787,[272]
16788,[13]
16789,[118]
16790,[281]
16791,[105]
16792,[465]
16793,[127]
16794,[141]
16795,[447]
16796,[52]
16797,[450]
16798,[354]
16799,[122]
16800,[107]
16801,[13]
16802,[277]
16803,[44]
16804,[84]
16805,[369]
16806,[105]
16807,[293]
16808,[44]
16809,[203]
16810,[466]
16811,[79]
16812,[114]
16813,[89]
16814,[50]
16815,[376]
16816,[300]
16817,[128]
16818,[79]
16819,[15]
16820,[45]
16821,[386]
16822,[177]
16823,[80]
16824,[89]
16825,[277]
16826,[107]
16827,[79]
16828,[79]
16829,[473]
16830,[90]
16831,[79]
16832,[310]
16833,[73]
16834,[13]
16835,[104]
16836,[44]
16837,[99]
16838,[13]
16839,[45]
16840,[9]
16841,[52]
16842,[455]
16843,[383]
16844,[13]
16845,[432]
16846,[315]
16847,[321]
16848,[235]
16849,[440]
16850,[117]
16851,[325]
16852,[376]
16853,[153]
16854,[351]
16855,[151]
16856,[304]
16857,[192]
16858,[21]
16859,[165]
16860,[380]
16861,[376]
16862,[297]
16863,[213]
16864,[101]
16865,[45]
16866,[50]
16867,[6]
16868,[92]
16869,[357]
16870,[101]
16871,[296]
16872,[171]
16873,[165]
16874,[71]
16875,[363]
16876,[34]
16877,[269]
16878,[197]
16879,[336]
16880,[84]
16881,[138]
16882,[75]
16883,[110]
16884,[198]
16885,[155]
16886,[394]
16887,[139]
16888,[367]
16889,[178]
16890,[42]
16891,[296]
16892,[122]
16893,[126]
16894,[453]
16895,[111]
16896,[354]
16897,[45]
16898,[84]
16899,[42]
16900,[59]
16901,[51]
16902,[166]
16903,[79]
16904,[21]
16905,[148]
16906,[218]
16907,[79]
16908,[140]
16909,[214]
16910,[117]
16911,[197]
16912,[22]
16913,[102]
16914,[457]
16915,[148]
16916,[269]
16917,[42]
16918,[54]
16919,[151]
16920,[104]
16921,[20]
16922,[68]
16923,[251]
16924,[170]
16925,[396]
16926,[107]
16927,[23]
16928,[215]
16929,[364]
16930,[242]
16931,[81]
16932,[66]
16933,[233]
16934,[76]
16935,[151]
16936,[45]
16937,[131]
16938,[104]
16939,[42]
16940,[74]
16941,[193]
16942,[44]
16943,[302]
16944,[408]
16945,[49]
16946,[432]
16947,[71]
16948,[381]
16949,[385]
16950,[344]
16951,[8]
16952,[33]
16953,[142]
16954,[373]
16955,[108]
16956,[9]
16957,[419]
16958,[49]
16959,[288]
16960,[213]
16961,[261]
16962,[89]
16963,[214]
16964,[395]
16965,[79]
16966,[275]
16967,[121]
16968,[273]
16969,[50]
16970,[88]
16971,[334]
16972,[68]
16973,[163]
16974,[78]
16975,[32]
16976,[44]
16977,[30]
16978,[273]
16979,[35]
16980,[55]
16981,[118]
16982,[156]
16983,[79]
16984,[42]
16985,[331]
16986,[292]
16987,[3]
16988,[389]
16989,[90]
16990,[408]
16991,[52]
16992,[177]
16993,[275]
16994,[381]
16995,[214]
16996,[21]
16997,[107]
16998,[182]
16999,[472]
17000,[381]
17001,[34]
17002,[21]
17003,[239]
17004,[42]
17005,[68]
17006,[186]
17007,[63]
17008,[79]
17009,[108]
17010,[138]
17011,[79]
17012,[79]
17013,[16]
17014,[238]
17015,[461]
17016,[293]
17017,[376]
17018,[401]
17019,[195]
17020,[230]
17021,[418]
17022,[275]
17023,[5]
17024,[233]
17025,[214]
17026,[273]
17027,[101]
17028,[338]
17029,[434]
17030,[89]
17031,[466]
17032,[296]
17033,[7]
17034,[358]
17035,[290]
17036,[46]
17037,[41]
17038,[9]
17039,[13]
17040,[72]
17041,[66]
17042,[66]
17043,[453]
17044,[42]
17045,[461]
17046,[153]
17047,[376]
17048,[86]
17049,[275]
17050,[172]
17051,[369]
17052,[79]
17053,[104]
17054,[471]
17055,[381]
17056,[6]
17057,[351]
17058,[213]
17059,[114]
17060,[455]
17061,[116]
17062,[381]
17063,[228]
17064,[165]
17065,[9]
17066,[77]
17067,[121]
17068,[79]
17069,[277]
17070,[452]
17071,[73]
17072,[383]
17073,[163]
17074,[356]
17075,[381]
17076,[44]
17077,[118]
17078,[149]
17079,[281]
17080,[142]
17081,[297]
17082,[64]
17083,[104]
17084,[141]
17085,[104]
17086,[248]
17087,[79]
17088,[296]
17089,[243]
17090,[119]
17091,[50]
17092,[381]
17093,[369]
17094,[121]
17095,[13]
17096,[79]
17097,[79]
17098,[112]
17099,[324]
17100,[79]
17101,[78]
17102,[179]
17103,[475]
17104,[118]
17105,[160]
17106,[73]
17107,[42]
17108,[425]
17109,[200]
17110,[197]
17111,[73]
17112,[153]
17113,[13]
17114,[42]
17115,[233]
17116,[113]
17117,[356]
17118,[351]
17119,[161]
17120,[107]
17121,[108]
17122,[275]
17123,[104]
17124,[248]
17125,[60]
17126,[98]
17127,[13]
17128,[392]
17129,[132]
17130,[473]
17131,[79]
17132,[110]
17133,[375]
17134,[79]
17135,[86]
17136,[61]
17137,[90]
17138,[48]
17139,[104]
17140,[60]
17141,[44]
17142,[324]
17143,[214]
17144,[79]
17145,[79]
17146,[158]
17147,[12]
17148,[110]
17149,[1]
17150,[413]
17151,[383]
17152,[376]
17153,[73]
17154,[89]
17155,[68]
17156,[89]
17157,[103]
17158,[448]
17159,[74]
17160,[97]
17161,[8]
17162,[21]
17163,[90]
17164,[79]
17165,[341]
17166,[79]
17167,[66]
17168,[198]
17169,[15]
17170,[75]
17171,[153]
17172,[48]
17173,[107]
17174,[159]
17175,[189]
17176,[162]
17177,[475]
17178,[66]
17179,[452]
17180,[79]
17181,[140]
17182,[233]
17183,[68]
17184,[281]
17185,[254]
17186,[110]
17187,[42]
17188,[213]
17189,[160]
17190,[59]
17191,[361]
17192,[64]
17193,[75]
17194,[466]
17195,[331]
17196,[79]
17197,[79]
17198,[296]
17199,[33]
17200,[9]
17201,[79]
17202,[83]
17203,[113]
17204,[158]
17205,[172]
17206,[79]
17207,[110]
17208,[233]
17209,[144]
17210,[381]
17211,[33]
17212,[197]
17213,[288]
17214,[68]
17215,[31]
17216,[66]
17217,[23]
17218,[15]
17219,[238]
17220,[225]
17221,[13]
17222,[12]
17223,[26]
17224,[105]
17225,[100]
17226,[24]
17227,[77]
17228,[148]
17229,[435]
17230,[144]
17231,[150]
17232,[90]
17233,[117]
17234,[41]
17235,[49]
17236,[233]
17237,[103]
17238,[111]
17239,[452]
17240,[423]
17241,[117]
17242,[471]
17243,[105]
17244,[172]
17245,[328]
17246,[34]
17247,[273]
17248,[68]
17249,[111]
17250,[63]
17251,[187]
17252,[39]
17253,[340]
17254,[31]
17255,[211]
17256,[89]
17257,[207]
17258,[1]
17259,[406]
17260,[160]
17261,[153]
17262,[6]
17263,[297]
17264,[89]
17265,[90]
17266,[158]
17267,[273]
17268,[139]
17269,[193]
17270,[435]
17271,[3]
17272,[281]
17273,[42]
17274,[193]
17275,[197]
17276,[401]
17277,[384]
17278,[40]
17279,[149]
17280,[79]
17281,[359]
17282,[235]
17283,[197]
17284,[106]
17285,[90]
17286,[26]
17287,[275]
17288,[73]
17289,[159]
17290,[143]
17291,[193]
17292,[9]
17293,[27]
17294,[41]
17295,[417]
17296,[156]
17297,[193]
17298,[92]
17299,[306]
17300,[233]
17301,[158]
17302,[423]
17303,[171]
17304,[367]
17305,[196]
17306,[117]
17307,[213]
17308,[132]
17309,[374]
17310,[42]
17311,[403]
17312,[76]
17313,[398]
17314,[14]
17315,[50]
17316,[218]
17317,[8]
17318,[13]
17319,[161]
17320,[398]
17321,[104]
17322,[24]
17323,[71]
17324,[408]
17325,[79]
17326,[12]
17327,[180]
17328,[353]
17329,[88]
17330,[217]
17331,[457]
17332,[235]
17333,[56]
17334,[114]
17335,[143]
17336,[132]
17337,[42]
17338,[50]
17339,[153]
17340,[98]
17341,[117]
17342,[44]
17343,[277]
17344,[188]
17345,[148]
17346,[193]
17347,[359]
17348,[104]
17349,[395]
17350,[13]
17351,[41]
17352,[277]
17353,[119]
17354,[107]
17355,[57]
17356,[304]
17357,[389]
17358,[290]
17359,[74]
17360,[74]
17361,[79]
17362,[89]
17363,[60]
17364,[333]
17365,[383]
17366,[33]
17367,[44]
17368,[34]
17369,[181]
17370,[255]
17371,[21]
17372,[40]
17373,[89]
17374,[6]
17375,[297]
17376,[44]
17377,[44]
17378,[156]
17379,[116]
17380,[14]
17381,[457]
17382,[90]
17383,[317]
17384,[324]
17385,[111]
17386,[110]
17387,[60]
17388,[90]
17389,[357]
17390,[273]
17391,[293]
17392,[151]
17393,[149]
17394,[13]
17395,[79]
17396,[77]
17397,[118]
17398,[83]
17399,[105]
17400,[194]
17401,[92]
17402,[374]
17403,[13]
17404,[117]
17405,[85]
17406,[55]
17407,[108]
17408,[79]
17409,[176]
17410,[13]
17411,[385]
17412,[45]
17413,[413]
17414,[152]
17415,[45]
17416,[380]
17417,[142]
17418,[153]
17419,[168]
17420,[90]
17421,[121]
17422,[6]
17423,[141]
17424,[12]
17425,[54]
17426,[195]
17427,[156]
17428,[303]
17429,[79]
17430,[197]
17431,[470]
17432,[299]
17433,[73]
17434,[55]
17435,[277]
17436,[79]
17437,[79]
17438,[104]
17439,[111]
17440,[40]
17441,[66]
17442,[142]
17443,[41]
17444,[79]
17445,[241]
17446,[143]
17447,[234]
17448,[13]
17449,[96]
17450,[193]
17451,[44]
17452,[249]
17453,[44]
17454,[105]
17455,[179]
17456,[79]
17457,[138]
17458,[236]
17459,[461]
17460,[435]
17461,[13]
17462,[189]
17463,[314]
17464,[273]
17465,[111]
17466,[89]
17467,[42]
17468,[118]
17469,[64]
17470,[65]
17471,[90]
17472,[455]
17473,[48]
17474,[384]
17475,[105]
17476,[42]
17477,[260]
17478,[462]
17479,[78]
17480,[377]
17481,[104]
17482,[49]
17483,[151]
17484,[9]
17485,[376]
17486,[148]
17487,[432]
17488,[44]
17489,[101]
17490,[473]
17491,[357]
17492,[412]
17493,[44]
17494,[30]
17495,[104]
17496,[122]
17497,[165]
17498,[290]
17499,[63]
17500,[275]
17501,[79]
17502,[357]
17503,[50]
17504,[3]
17505,[435]
17506,[23]
17507,[78]
17508,[65]
17509,[115]
17510,[99]
17511,[21]
17512,[408]
17513,[399]
17514,[42]
17515,[148]
17516,[13]
17517,[304]
17518,[9]
17519,[295]
17520,[149]
17521,[104]
17522,[198]
17523,[233]
17524,[197]
17525,[275]
17526,[304]
17527,[207]
17528,[142]
17529,[357]
17530,[471]
17531,[49]
17532,[161]
17533,[50]
17534,[42]
17535,[26]
17536,[50]
17537,[298]
17538,[35]
17539,[90]
17540,[32]
17541,[331]
17542,[439]
17543,[121]
17544,[55]
17545,[101]
17546,[281]
17547,[92]
17548,[43]
17549,[52]
17550,[430]
17551,[193]
17552,[121]
17553,[333]
17554,[353]
17555,[79]
17556,[344]
17557,[39]
17558,[9]
17559,[277]
17560,[273]
17561,[42]
17562,[179]
17563,[289]
17564,[21]
17565,[473]
17566,[383]
17567,[193]
17568,[64]
17569,[452]
17570,[275]
17571,[78]
17572,[153]
17573,[267]
17574,[18]
17575,[152]
17576,[60]
17577,[149]
17578,[475]
17579,[192]
17580,[465]
17581,[359]
17582,[9]
17583,[68]
17584,[471]
17585,[177]
17586,[384]
17587,[89]
17588,[126]
17589,[381]
17590,[22]
17591,[158]
17592,[277]
17593,[118]
17594,[60]
17595,[117]
17596,[42]
17597,[114]
17598,[213]
17599,[462]
17600,[4]
17601,[104]
17602,[13]
17603,[352]
17604,[83]
17605,[40]
17606,[104]
17607,[243]
17608,[89]
17609,[42]
17610,[150]
17611,[215]
17612,[412]
17613,[376]
17614,[42]
17615,[211]
17616,[377]
17617,[77]
17618,[290]
17619,[13]
17620,[78]
17621,[104]
17622,[462]
17623,[60]
17624,[45]
17625,[386]
17626,[208]
17627,[114]
17628,[42]
17629,[172]
17630,[181]
17631,[9]
17632,[79]
17633,[9]
17634,[84]
17635,[273]
17636,[42]
17637,[269]
17638,[364]
17639,[192]
17640,[79]
17641,[85]
17642,[79]
17643,[390]
17644,[300]
17645,[151]
17646,[359]
17647,[48]
17648,[9]
17649,[281]
17650,[426]
17651,[21]
17652,[159]
17653,[353]
17654,[42]
17655,[117]
17656,[44]
17657,[153]
17658,[359]
17659,[181]
17660,[240]
17661,[70]
17662,[44]
17663,[259]
17664,[76]
17665,[427]
17666,[107]
17667,[301]
17668,[117]
17669,[89]
17670,[63]
17671,[396]
17672,[435]
17673,[68]
17674,[148]
17675,[42]
17676,[50]
17677,[103]
17678,[117]
17679,[118]
17680,[205]
17681,[47]
17682,[79]
17683,[136]
17684,[99]
17685,[153]
17686,[233]
17687,[42]
17688,[181]
17689,[357]
17690,[50]
17691,[108]
17692,[104]
17693,[104]
17694,[233]
17695,[152]
17696,[9]
17697,[106]
17698,[219]
17699,[131]
17700,[361]
17701,[215]
17702,[13]
17703,[146]
17704,[55]
17705,[104]
17706,[213]
17707,[79]
17708,[78]
17709,[395]
17710,[277]
17711,[13]
17712,[89]
17713,[42]
17714,[421]
17715,[104]
17716,[127]
17717,[105]
17718,[435]
17719,[177]
17720,[36]
17721,[277]
17722,[24]
17723,[138]
17724,[155]
17725,[156]
17726,[214]
17727,[50]
17728,[9]
17729,[193]
17730,[110]
17731,[125]
17732,[399]
17733,[152]
17734,[404]
17735,[197]
17736,[170]
17737,[18]
17738,[195]
17739,[101]
17740,[325]
17741,[21]
17742,[89]
17743,[461]
17744,[44]
17745,[381]
17746,[79]
17747,[225]
17748,[180]
17749,[44]
17750,[110]
17751,[50]
17752,[33]
17753,[262]
17754,[214]
17755,[21]
17756,[74]
17757,[275]
17758,[138]
17759,[6]
17760,[198]
17761,[78]
17762,[246]
17763,[369]
17764,[266]
17765,[193]
17766,[66]
17767,[401]
17768,[461]
17769,[152]
17770,[217]
17771,[141]
17772,[213]
17773,[142]
17774,[21]
17775,[80]
17776,[152]
17777,[32]
17778,[50]
17779,[146]
17780,[45]
17781,[44]
17782,[279]
17783,[238]
17784,[78]
17785,[277]
17786,[39]
17787,[193]
17788,[381]
17789,[308]
17790,[295]
17791,[193]
17792,[24]
17793,[8]
17794,[105]
17795,[161]
17796,[99]
17797,[275]
17798,[383]
17799,[27]
17800,[20]
17801,[381]
17802,[145]
17803,[400]
17804,[180]
17805,[89]
17806,[110]
17807,[13]
17808,[302]
17809,[198]
17810,[9]
17811,[425]
17812,[44]
17813,[77]
17814,[107]
17815,[326]
17816,[176]
17817,[149]
17818,[238]
17819,[124]
17820,[303]
17821,[23]
17822,[389]
17823,[279]
17824,[34]
17825,[277]
17826,[249]
17827,[165]
17828,[178]
17829,[79]
17830,[13]
17831,[88]
17832,[273]
17833,[160]
17834,[471]
17835,[461]
17836,[34]
17837,[141]
17838,[90]
17839,[45]
17840,[357]
17841,[406]
17842,[45]
17843,[78]
17844,[66]
17845,[152]
17846,[240]
17847,[113]
17848,[68]
17849,[369]
17850,[44]
17851,[13]
17852,[74]
17853,[153]
17854,[475]
17855,[290]
17856,[14]
17857,[327]
17858,[4]
17859,[79]
17860,[45]
17861,[248]
17862,[60]
17863,[205]
17864,[79]
17865,[343]
17866,[193]
17867,[68]
17868,[123]
17869,[418]
17870,[13]
17871,[152]
17872,[79]
17873,[240]
17874,[302]
17875,[179]
17876,[77]
17877,[242]
17878,[180]
17879,[9]
17880,[9]
17881,[259]
17882,[66]
17883,[20]
17884,[102]
17885,[44]
17886,[60]
17887,[219]
17888,[215]
17889,[44]
17890,[374]
17891,[369]
17892,[193]
17893,[74]
17894,[42]
17895,[247]
17896,[452]
17897,[301]
17898,[15]
17899,[66]
17900,[317]
17901,[114]
17902,[218]
17903,[96]
17904,[141]
17905,[89]
17906,[42]
17907,[104]
17908,[23]
17909,[247]
17910,[203]
17911,[382]
17912,[193]
17913,[331]
17914,[328]
17915,[18]
17916,[121]
17917,[45]
17918,[342]
17919,[381]
17920,[89]
17921,[31]
17922,[331]
17923,[261]
17924,[277]
17925,[107]
17926,[230]
17927,[474]
17928,[153]
17929,[45]
17930,[21]
17931,[381]
17932,[326]
17933,[351]
17934,[400]
17935,[42]
17936,[326]
17937,[44]
17938,[79]
17939,[79]
17940,[181]
17941,[108]
17942,[180]
17943,[55]
17944,[290]
17945,[68]
17946,[107]
17947,[76]
17948,[42]
17949,[369]
17950,[13]
17951,[298]
17952,[153]
17953,[376]
17954,[149]
17955,[185]
17956,[380]
17957,[44]
17958,[156]
17959,[152]
17960,[406]
17961,[132]
17962,[158]
17963,[127]
17964,[71]
17965,[40]
17966,[104]
17967,[55]
17968,[152]
17969,[108]
17970,[149]
17971,[24]
17972,[376]
17973,[111]
17974,[285]
17975,[89]
17976,[44]
17977,[24]
17978,[381]
17979,[195]
17980,[7]
17981,[148]
17982,[124]
17983,[302]
17984,[270]
17985,[405]
17986,[374]
17987,[451]
17988,[424]
17989,[273]
17990,[473]
17991,[161]
17992,[106]
17993,[370]
17994,[79]
17995,[34]
17996,[45]
17997,[159]
17998,[196]
17999,[381]
18000,[118]
18001,[33]
18002,[42]
18003,[16]
18004,[18]
18005,[9]
18006,[243]
18007,[215]
18008,[300]
18009,[196]
18010,[461]
18011,[79]
18012,[359]
18013,[36]
18014,[44]
18015,[116]
18016,[42]
18017,[23]
18018,[39]
18019,[428]
18020,[90]
18021,[299]
18022,[318]
18023,[173]
18024,[117]
18025,[16]
18026,[154]
18027,[219]
18028,[79]
18029,[79]
18030,[359]
18031,[22]
18032,[66]
18033,[299]
18034,[61]
18035,[325]
18036,[132]
18037,[55]
18038,[346]
18039,[161]
18040,[344]
18041,[23]
18042,[68]
18043,[111]
18044,[151]
18045,[8]
18046,[214]
18047,[186]
18048,[21]
18049,[27]
18050,[102]
18051,[71]
18052,[8]
18053,[214]
18054,[104]
18055,[268]
18056,[328]
18057,[326]
18058,[65]
18059,[374]
18060,[148]
18061,[277]
18062,[466]
18063,[386]
18064,[79]
18065,[471]
18066,[118]
18067,[151]
18068,[24]
18069,[104]
18070,[146]
18071,[104]
18072,[45]
18073,[435]
18074,[153]
18075,[180]
18076,[233]
18077,[424]
18078,[71]
18079,[152]
18080,[223]
18081,[461]
18082,[84]
18083,[227]
18084,[423]
18085,[89]
18086,[148]
18087,[247]
18088,[161]
18089,[273]
18090,[275]
18091,[284]
18092,[117]
18093,[21]
18094,[104]
18095,[389]
18096,[68]
18097,[105]
18098,[79]
18099,[305]
18100,[102]
18101,[357]
18102,[44]
18103,[89]
18104,[79]
18105,[136]
18106,[131]
18107,[315]
18108,[79]
18109,[439]
18110,[242]
18111,[283]
18112,[68]
18113,[239]
18114,[127]
18115,[152]
18116,[79]
18117,[9]
18118,[298]
18119,[181]
18120,[79]
18121,[123]
18122,[138]
18123,[79]
18124,[42]
18125,[158]
18126,[290]
18127,[117]
18128,[64]
18129,[240]
18130,[167]
18131,[115]
18132,[182]
18133,[198]
18134,[217]
18135,[44]
18136,[238]
18137,[9]
18138,[157]
18139,[359]
18140,[374]
18141,[8]
18142,[250]
18143,[44]
18144,[71]
18145,[45]
18146,[338]
18147,[56]
18148,[16]
18149,[457]
18150,[277]
18151,[89]
18152,[57]
18153,[90]
18154,[140]
18155,[311]
18156,[33]
18157,[295]
18158,[73]
18159,[167]
18160,[89]
18161,[217]
18162,[90]
18163,[165]
18164,[118]
18165,[79]
18166,[383]
18167,[45]
18168,[331]
18169,[169]
18170,[21]
18171,[90]
18172,[161]
18173,[59]
18174,[118]
18175,[73]
18176,[79]
18177,[159]
18178,[22]
18179,[91]
18180,[242]
18181,[361]
18182,[195]
18183,[79]
18184,[261]
18185,[76]
18186,[374]
18187,[372]
18188,[461]
18189,[386]
18190,[425]
18191,[132]
18192,[462]
18193,[270]
18194,[34]
18195,[79]
18196,[453]
18197,[60]
18198,[97]
18199,[401]
18200,[471]
18201,[141]
18202,[277]
18203,[105]
18204,[73]
18205,[65]
18206,[359]
18207,[21]
18208,[45]
18209,[150]
18210,[278]
18211,[1]
18212,[105]
18213,[24]
18214,[465]
18215,[97]
18216,[374]
18217,[157]
18218,[355]
18219,[305]
18220,[21]
18221,[170]
18222,[299]
18223,[142]
18224,[113]
18225,[79]
18226,[42]
18227,[248]
18228,[181]
18229,[108]
18230,[221]
18231,[13]
18232,[108]
18233,[130]
18234,[185]
18235,[275]
18236,[214]
18237,[105]
18238,[50]
18239,[10]
18240,[159]
18241,[461]
18242,[217]
18243,[165]
18244,[18]
18245,[55]
18246,[451]
18247,[42]
18248,[240]
18249,[296]
18250,[92]
18251,[180]
18252,[104]
18253,[240]
18254,[369]
18255,[274]
18256,[125]
18257,[233]
18258,[114]
18259,[50]
18260,[42]
18261,[277]
18262,[328]
18263,[73]
18264,[34]
18265,[331]
18266,[105]
18267,[181]
18268,[374]
18269,[262]
18270,[188]
18271,[45]
18272,[383]
18273,[392]
18274,[364]
18275,[116]
18276,[44]
18277,[47]
18278,[211]
18279,[83]
18280,[294]
18281,[79]
18282,[449]
18283,[387]
18284,[42]
18285,[105]
18286,[59]
18287,[55]
18288,[117]
18289,[273]
18290,[147]
18291,[153]
18292,[413]
18293,[165]
18294,[395]
18295,[286]
18296,[454]
18297,[116]
18298,[110]
18299,[89]
18300,[13]
18301,[336]
18302,[275]
18303,[6]
18304,[109]
18305,[68]
18306,[234]
18307,[234]
18308,[108]
18309,[12]
18310,[84]
18311,[234]
18312,[152]
18313,[374]
18314,[107]
18315,[161]
18316,[44]
18317,[89]
18318,[101]
18319,[192]
18320,[76]
18321,[13]
18322,[84]
18323,[9]
18324,[146]
18325,[142]
18326,[153]
18327,[435]
18328,[79]
18329,[240]
18330,[289]
18331,[142]
18332,[68]
18333,[273]
18334,[101]
18335,[121]
18336,[141]
18337,[165]
18338,[381]
18339,[392]
18340,[467]
18341,[98]
18342,[26]
18343,[79]
18344,[149]
18345,[465]
18346,[40]
18347,[103]
18348,[89]
18349,[285]
18350,[44]
18351,[132]
18352,[218]
18353,[21]
18354,[73]
18355,[34]
18356,[464]
18357,[359]
18358,[66]
18359,[328]
18360,[42]
18361,[108]
18362,[47]
18363,[270]
18364,[68]
18365,[124]
18366,[90]
18367,[357]
18368,[108]
18369,[344]
18370,[110]
18371,[14]
18372,[32]
18373,[171]
18374,[90]
18375,[412]
18376,[3]
18377,[116]
18378,[55]
18379,[395]
18380,[18]
18381,[152]
18382,[21]
18383,[308]
18384,[269]
18385,[152]
18386,[172]
18387,[263]
18388,[42]
18389,[105]
18390,[116]
18391,[75]
18392,[42]
18393,[42]
18394,[357]
18395,[149]
18396,[79]
18397,[30]
18398,[116]
18399,[192]
18400,[358]
18401,[372]
18402,[357]
18403,[32]
18404,[44]
18405,[1]
18406,[9]
18407,[398]
18408,[84]
18409,[116]
18410,[8]
18411,[246]
18412,[83]
18413,[381]
18414,[357]
18415,[288]
18416,[215]
18417,[141]
18418,[63]
18419,[261]
18420,[142]
18421,[45]
18422,[110]
18423,[44]
18424,[90]
18425,[151]
18426,[167]
18427,[255]
18428,[50]
18429,[21]
18430,[436]
18431,[420]
18432,[338]
18433,[49]
18434,[225]
18435,[107]
18436,[222]
18437,[108]
18438,[383]
18439,[214]
18440,[173]
18441,[89]
18442,[150]
18443,[44]
18444,[13]
18445,[77]
18446,[395]
18447,[79]
18448,[400]
18449,[193]
18450,[39]
18451,[107]
18452,[289]
18453,[159]
18454,[165]
18455,[21]
18456,[3]
18457,[45]
18458,[233]
18459,[9]
18460,[47]
18461,[31]
18462,[42]
18463,[186]
18464,[381]
18465,[185]
18466,[299]
18467,[101]
18468,[268]
18469,[244]
18470,[104]
18471,[353]
18472,[211]
18473,[66]
18474,[104]
18475,[138]
18476,[66]
18477,[455]
18478,[131]
18479,[357]
18480,[65]
18481,[104]
18482,[153]
18483,[110]
18484,[79]
18485,[24]
18486,[243]
18487,[314]
18488,[435]
18489,[197]
18490,[152]
18491,[151]
18492,[89]
18493,[33]
18494,[415]
18495,[79]
18496,[79]
18497,[40]
18498,[377]
18499,[462]
18500,[234]
18501,[214]
18502,[104]
18503,[6]
18504,[89]
18505,[89]
18506,[301]
18507,[50]
18508,[45]
18509,[247]
18510,[383]
18511,[71]
18512,[270]
18513,[45]
18514,[172]
18515,[443]
18516,[76]
18517,[71]
18518,[331]
18519,[182]
18520,[193]
18521,[21]
18522,[323]
18523,[70]
18524,[79]
18525,[182]
18526,[110]
18527,[122]
18528,[421]
18529,[78]
18530,[111]
18531,[89]
18532,[78]
18533,[142]
18534,[4]
18535,[142]
18536,[14]
18537,[85]
18538,[242]
18539,[26]
18540,[9]
18541,[376]
18542,[304]
18543,[303]
18544,[196]
18545,[369]
18546,[299]
18547,[77]
18548,[155]
18549,[413]
18550,[359]
18551,[389]
18552,[376]
18553,[123]
18554,[79]
18555,[200]
18556,[89]
18557,[357]
18558,[63]
18559,[274]
18560,[157]
18561,[459]
18562,[73]
18563,[42]
18564,[72]
18565,[79]
18566,[89]
18567,[50]
18568,[429]
18569,[474]
18570,[214]
18571,[9]
18572,[90]
18573,[374]
18574,[79]
18575,[228]
18576,[85]
18577,[110]
18578,[297]
18579,[260]
18580,[326]
18581,[42]
18582,[44]
18583,[74]
18584,[418]
18585,[33]
18586,[127]
18587,[172]
18588,[110]
18589,[273]
18590,[108]
18591,[338]
18592,[21]
18593,[159]
18594,[55]
18595,[233]
18596,[117]
18597,[28]
18598,[404]
18599,[90]
18600,[50]
18601,[118]
18602,[215]
18603,[79]
18604,[146]
18605,[277]
18606,[299]
18607,[14]
18608,[336]
18609,[338]
18610,[471]
18611,[12]
18612,[412]
18613,[196]
18614,[165]
18615,[105]
18616,[66]
18617,[170]
18618,[359]
18619,[153]
18620,[357]
18621,[242]
18622,[89]
18623,[121]
18624,[251]
18625,[40]
18626,[83]
18627,[220]
18628,[41]
18629,[319]
18630,[60]
18631,[42]
18632,[105]
18633,[90]
18634,[166]
18635,[141]
18636,[181]
18637,[167]
18638,[45]
18639,[238]
18640,[45]
18641,[89]
18642,[359]
18643,[117]
18644,[380]
18645,[45]
18646,[389]
18647,[325]
18648,[180]
18649,[202]
18650,[79]
18651,[380]
18652,[105]
18653,[436]
18654,[401]
18655,[80]
18656,[79]
18657,[411]
18658,[215]
18659,[171]
18660,[89]
18661,[466]
18662,[165]
18663,[444]
18664,[42]
18665,[127]
18666,[344]
18667,[157]
18668,[104]
18669,[246]
18670,[359]
18671,[476]
18672,[193]
18673,[90]
18674,[9]
18675,[384]
18676,[142]
18677,[104]
18678,[277]
18679,[371]
18680,[26]
18681,[132]
18682,[8]
18683,[260]
18684,[153]
18685,[42]
18686,[448]
18687,[275]
18688,[89]
18689,[281]
18690,[42]
18691,[478]
18692,[193]
18693,[461]
18694,[79]
18695,[297]
18696,[121]
18697,[140]
18698,[24]
18699,[400]
18700,[13]
18701,[47]
18702,[277]
18703,[75]
18704,[290]
18705,[187]
18706,[16]
18707,[13]
18708,[408]
18709,[66]
18710,[328]
18711,[243]
18712,[24]
18713,[13]
18714,[45]
18715,[465]
18716,[233]
18717,[105]
18718,[336]
18719,[277]
18720,[270]
18721,[167]
18722,[268]
18723,[42]
18724,[42]
18725,[90]
18726,[267]
18727,[325]
18728,[157]
18729,[152]
18730,[290]
18731,[69]
18732,[23]
18733,[194]
18734,[89]
18735,[161]
18736,[198]
18737,[273]
18738,[331]
18739,[76]
18740,[52]
18741,[6]
18742,[75]
18743,[110]
18744,[142]
18745,[4]
18746,[90]
18747,[297]
18748,[116]
18749,[9]
18750,[214]
18751,[21]
18752,[90]
18753,[6]
18754,[351]
18755,[89]
18756,[71]
18757,[66]
18758,[45]
18759,[131]
18760,[79]
18761,[107]
18762,[461]
18763,[137]
18764,[198]
18765,[107]
18766,[229]
18767,[60]
18768,[156]
18769,[42]
18770,[172]
18771,[21]
18772,[98]
18773,[152]
18774,[143]
18775,[163]
18776,[79]
18777,[233]
18778,[381]
18779,[273]
18780,[200]
18781,[381]
18782,[450]
18783,[142]
18784,[361]
18785,[234]
18786,[79]
18787,[153]
18788,[42]
18789,[455]
18790,[215]
18791,[34]
18792,[452]
18793,[13]
18794,[273]
18795,[44]
18796,[233]
18797,[78]
18798,[228]
18799,[345]
18800,[166]
18801,[471]
18802,[40]
18803,[294]
18804,[44]
18805,[273]
18806,[272]
18807,[428]
18808,[55]
18809,[105]
18810,[158]
18811,[41]
18812,[225]
18813,[9]
18814,[33]
18815,[198]
18816,[457]
18817,[60]
18818,[171]
18819,[193]
18820,[77]
18821,[40]
18822,[117]
18823,[138]
18824,[153]
18825,[209]
18826,[273]
18827,[90]
18828,[14]
18829,[83]
18830,[253]
18831,[117]
18832,[198]
18833,[327]
18834,[160]
18835,[301]
18836,[196]
18837,[34]
18838,[9]
18839,[79]
18840,[66]
18841,[132]
18842,[47]
18843,[66]
18844,[117]
18845,[73]
18846,[126]
18847,[359]
18848,[48]
18849,[269]
18850,[42]
18851,[79]
18852,[20]
18853,[21]
18854,[40]
18855,[49]
18856,[89]
18857,[42]
18858,[44]
18859,[104]
18860,[436]
18861,[389]
18862,[456]
18863,[79]
18864,[42]
18865,[400]
18866,[49]
18867,[13]
18868,[303]
18869,[71]
18870,[89]
18871,[3]
18872,[63]
18873,[117]
18874,[9]
18875,[6]
18876,[79]
18877,[47]
18878,[19]
18879,[44]
18880,[141]
18881,[24]
18882,[314]
18883,[79]
18884,[354]
18885,[163]
18886,[90]
18887,[411]
18888,[73]
18889,[47]
18890,[412]
18891,[89]
18892,[116]
18893,[138]
18894,[385]
18895,[196]
18896,[374]
18897,[13]
18898,[79]
18899,[118]
18900,[89]
18901,[101]
18902,[42]
18903,[361]
18904,[341]
18905,[148]
18906,[138]
18907,[287]
18908,[213]
18909,[188]
18910,[4]
18911,[156]
18912,[286]
18913,[50]
18914,[79]
18915,[1]
18916,[42]
18917,[234]
18918,[3]
18919,[325]
18920,[79]
18921,[21]
18922,[143]
18923,[118]
18924,[71]
18925,[68]
18926,[103]
18927,[215]
18928,[42]
18929,[45]
18930,[59]
18931,[152]
18932,[155]
18933,[435]
18934,[44]
18935,[104]
18936,[331]
18937,[376]
18938,[299]
18939,[116]
18940,[273]
18941,[185]
18942,[60]
18943,[291]
18944,[290]
18945,[424]
18946,[439]
18947,[34]
18948,[45]
18949,[277]
18950,[292]
18951,[9]
18952,[381]
18953,[171]
18954,[168]
18955,[314]
18956,[42]
18957,[435]
18958,[218]
18959,[48]
18960,[358]
18961,[104]
18962,[295]
18963,[140]
18964,[407]
18965,[277]
18966,[296]
18967,[215]
18968,[5]
18969,[152]
18970,[42]
18971,[359]
18972,[331]
18973,[105]
18974,[13]
18975,[16]
18976,[42]
18977,[96]
18978,[329]
18979,[149]
18980,[210]
18981,[76]
18982,[83]
18983,[91]
18984,[35]
18985,[262]
18986,[214]
18987,[135]
18988,[117]
18989,[355]
18990,[331]
18991,[44]
18992,[49]
18993,[217]
18994,[79]
18995,[89]
18996,[233]
18997,[68]
18998,[105]
18999,[9]
19000,[148]
19001,[159]
19002,[167]
19003,[381]
19004,[125]
19005,[150]
19006,[423]
19007,[219]
19008,[50]
19009,[64]
19010,[79]
19011,[328]
19012,[353]
19013,[280]
19014,[325]
19015,[189]
19016,[423]
19017,[123]
19018,[47]
19019,[76]
19020,[8]
19021,[39]
19022,[118]
19023,[13]
19024,[107]
19025,[44]
19026,[266]
19027,[228]
19028,[121]
19029,[53]
19030,[64]
19031,[104]
19032,[89]
19033,[214]
19034,[150]
19035,[44]
19036,[127]
19037,[290]
19038,[102]
19039,[79]
19040,[42]
19041,[30]
19042,[413]
19043,[25]
19044,[452]
19045,[65]
19046,[105]
19047,[165]
19048,[233]
19049,[376]
19050,[173]
19051,[293]
19052,[9]
19053,[71]
19054,[124]
19055,[215]
19056,[117]
19057,[277]
19058,[153]
19059,[35]
19060,[384]
19061,[102]
19062,[52]
19063,[281]
19064,[108]
19065,[105]
19066,[321]
19067,[157]
19068,[354]
19069,[158]
19070,[96]
19071,[23]
19072,[13]
19073,[438]
19074,[387]
19075,[229]
19076,[110]
19077,[74]
19078,[42]
19079,[357]
19080,[55]
19081,[447]
19082,[423]
19083,[35]
19084,[193]
19085,[211]
19086,[79]
19087,[105]
19088,[344]
19089,[50]
19090,[195]
19091,[39]
19092,[42]
19093,[3]
19094,[427]
19095,[167]
19096,[167]
19097,[416]
19098,[70]
19099,[101]
19100,[435]
19101,[15]
19102,[222]
19103,[233]
19104,[19]
19105,[20]
19106,[21]
19107,[98]
19108,[328]
19109,[205]
19110,[105]
19111,[465]
19112,[107]
19113,[13]
19114,[49]
19115,[471]
19116,[104]
19117,[451]
19118,[337]
19119,[225]
19120,[118]
19121,[9]
19122,[64]
19123,[290]
19124,[413]
19125,[415]
19126,[13]
19127,[34]
19128,[243]
19129,[300]
19130,[40]
19131,[214]
19132,[153]
19133,[110]
19134,[49]
19135,[369]
19136,[424]
19137,[282]
19138,[153]
19139,[160]
19140,[40]
19141,[21]
19142,[23]
19143,[104]
19144,[79]
19145,[101]
19146,[78]
19147,[74]
19148,[128]
19149,[44]
19150,[118]
19151,[117]
19152,[47]
19153,[90]
19154,[59]
19155,[13]
19156,[152]
19157,[45]
19158,[386]
19159,[26]
19160,[149]
19161,[44]
19162,[456]
19163,[477]
19164,[314]
19165,[441]
19166,[406]
19167,[90]
19168,[16]
19169,[246]
19170,[58]
19171,[108]
19172,[294]
19173,[43]
19174,[193]
19175,[410]
19176,[16]
19177,[392]
19178,[215]
19179,[20]
19180,[48]
19181,[106]
19182,[359]
19183,[296]
19184,[146]
19185,[302]
19186,[173]
19187,[218]
19188,[153]
19189,[55]
19190,[18]
19191,[61]
19192,[79]
19193,[9]
19194,[71]
19195,[407]
19196,[333]
19197,[44]
19198,[83]
19199,[367]
19200,[50]
19201,[90]
19202,[419]
19203,[50]
19204,[34]
19205,[152]
19206,[189]
19207,[121]
19208,[389]
19209,[290]
19210,[217]
19211,[114]
19212,[25]
19213,[116]
19214,[44]
19215,[471]
19216,[299]
19217,[13]
19218,[132]
19219,[297]
19220,[71]
19221,[357]
19222,[335]
19223,[299]
19224,[45]
19225,[149]
19226,[185]
19227,[153]
19228,[165]
19229,[90]
19230,[364]
19231,[331]
19232,[138]
19233,[177]
19234,[39]
19235,[117]
19236,[293]
19237,[277]
19238,[161]
19239,[79]
19240,[272]
19241,[290]
19242,[3]
19243,[470]
19244,[160]
19245,[16]
19246,[79]
19247,[193]
19248,[331]
19249,[101]
19250,[376]
19251,[359]
19252,[184]
19253,[140]
19254,[242]
19255,[89]
19256,[66]
19257,[296]
19258,[374]
19259,[64]
19260,[50]
19261,[14]
19262,[141]
19263,[325]
19264,[343]
19265,[146]
19266,[297]
19267,[8]
19268,[466]
19269,[90]
19270,[61]
19271,[33]
19272,[107]
19273,[39]
19274,[408]
19275,[270]
19276,[19]
19277,[162]
19278,[131]
19279,[37]
19280,[466]
19281,[440]
19282,[230]
19283,[472]
19284,[89]
19285,[52]
19286,[165]
19287,[293]
19288,[213]
19289,[79]
19290,[132]
19291,[357]
19292,[42]
19293,[177]
19294,[68]
19295,[48]
19296,[105]
19297,[3]
19298,[45]
19299,[74]
19300,[474]
19301,[50]
19302,[275]
19303,[274]
19304,[242]
19305,[157]
19306,[89]
19307,[357]
19308,[297]
19309,[148]
19310,[184]
19311,[298]
19312,[273]
19313,[319]
19314,[4]
19315,[79]
19316,[189]
19317,[71]
19318,[152]
19319,[74]
19320,[364]
19321,[101]
19322,[369]
19323,[285]
19324,[18]
19325,[9]
19326,[108]
19327,[344]
19328,[327]
19329,[79]
19330,[270]
19331,[58]
19332,[57]
19333,[79]
19334,[74]
19335,[34]
19336,[14]
19337,[281]
19338,[452]
19339,[446]
19340,[22]
19341,[118]
19342,[369]
19343,[14]
19344,[91]
19345,[192]
19346,[55]
19347,[105]
19348,[158]
19349,[465]
19350,[292]
19351,[44]
19352,[412]
19353,[130]
19354,[207]
19355,[105]
19356,[147]
19357,[79]
19358,[44]
19359,[154]
19360,[149]
19361,[273]
19362,[79]
19363,[21]
19364,[170]
19365,[97]
19366,[69]
19367,[152]
19368,[73]
19369,[24]
19370,[181]
19371,[123]
19372,[21]
19373,[89]
19374,[465]
19375,[153]
19376,[341]
19377,[297]
19378,[60]
19379,[185]
19380,[49]
19381,[369]
19382,[149]
19383,[315]
19384,[151]
19385,[149]
19386,[59]
19387,[386]
19388,[115]
19389,[68]
19390,[275]
19391,[136]
19392,[55]
19393,[420]
19394,[395]
19395,[97]
19396,[452]
19397,[42]
19398,[149]
19399,[369]
19400,[193]
19401,[77]
19402,[170]
19403,[104]
19404,[274]
19405,[50]
19406,[55]
19407,[54]
19408,[42]
19409,[79]
19410,[465]
19411,[443]
19412,[212]
19413,[55]
19414,[228]
19415,[55]
19416,[475]
19417,[357]
19418,[98]
19419,[277]
19420,[290]
19421,[54]
19422,[357]
19423,[124]
19424,[13]
19425,[77]
19426,[143]
19427,[198]
19428,[142]
19429,[42]
19430,[218]
19431,[336]
19432,[105]
19433,[215]
19434,[107]
19435,[47]
19436,[105]
19437,[194]
19438,[108]
19439,[42]
19440,[471]
19441,[302]
19442,[470]
19443,[18]
19444,[56]
19445,[131]
19446,[21]
19447,[213]
19448,[89]
19449,[74]
19450,[160]
19451,[9]
19452,[256]
19453,[60]
19454,[359]
19455,[239]
19456,[214]
19457,[79]
19458,[41]
19459,[90]
19460,[33]
19461,[79]
19462,[279]
19463,[89]
19464,[42]
19465,[60]
19466,[344]
19467,[194]
19468,[42]
19469,[367]
19470,[105]
19471,[152]
19472,[20]
19473,[120]
19474,[196]
19475,[149]
19476,[42]
19477,[55]
19478,[79]
19479,[301]
19480,[141]
19481,[219]
19482,[151]
19483,[13]
19484,[59]
19485,[319]
19486,[142]
19487,[63]
19488,[56]
19489,[13]
19490,[90]
19491,[18]
19492,[189]
19493,[211]
19494,[296]
19495,[104]
19496,[299]
19497,[236]
19498,[105]
19499,[45]
19500,[135]
19501,[116]
19502,[71]
19503,[75]
19504,[273]
19505,[412]
19506,[215]
19507,[333]
19508,[118]
19509,[82]
19510,[110]
19511,[398]
19512,[203]
19513,[400]
19514,[56]
19515,[148]
19516,[42]
19517,[275]
19518,[130]
19519,[322]
19520,[354]
19521,[165]
19522,[50]
19523,[299]
19524,[116]
19525,[74]
19526,[227]
19527,[290]
19528,[21]
19529,[73]
19530,[326]
19531,[352]
19532,[140]
19533,[408]
19534,[34]
19535,[399]
19536,[403]
19537,[317]
19538,[177]
19539,[9]
19540,[130]
19541,[298]
19542,[414]
19543,[273]
19544,[105]
19545,[42]
19546,[42]
19547,[104]
19548,[118]
19549,[233]
19550,[148]
19551,[116]
19552,[330]
19553,[13]
19554,[21]
19555,[297]
19556,[50]
19557,[74]
19558,[116]
19559,[142]
19560,[56]
19561,[294]
19562,[114]
19563,[357]
19564,[466]
19565,[9]
19566,[83]
19567,[222]
19568,[443]
19569,[242]
19570,[327]
19571,[79]
19572,[423]
19573,[13]
19574,[460]
19575,[44]
19576,[104]
19577,[346]
19578,[193]
19579,[49]
19580,[89]
19581,[161]
19582,[110]
19583,[359]
19584,[457]
19585,[79]
19586,[303]
19587,[78]
19588,[34]
19589,[111]
19590,[153]
19591,[218]
19592,[79]
19593,[76]
19594,[9]
19595,[6]
19596,[395]
19597,[42]
19598,[39]
19599,[331]
19600,[33]
19601,[1]
19602,[79]
19603,[58]
19604,[397]
19605,[397]
19606,[281]
19607,[108]
19608,[247]
19609,[381]
19610,[251]
19611,[9]
19612,[14]
19613,[276]
19614,[332]
19615,[435]
19616,[149]
19617,[335]
19618,[42]
19619,[79]
19620,[229]
19621,[110]
19622,[8]
19623,[359]
19624,[399]
19625,[42]
19626,[278]
19627,[125]
19628,[424]
19629,[188]
19630,[301]
19631,[13]
19632,[74]
19633,[105]
19634,[293]
19635,[100]
19636,[9]
19637,[331]
19638,[42]
19639,[197]
19640,[453]
19641,[42]
19642,[140]
19643,[104]
19644,[79]
19645,[90]
19646,[359]
19647,[215]
19648,[235]
19649,[89]
19650,[9]
19651,[104]
19652,[168]
19653,[13]
19654,[213]
19655,[369]
19656,[357]
19657,[300]
19658,[299]
19659,[50]
19660,[109]
19661,[152]
19662,[240]
19663,[275]
19664,[132]
19665,[33]
19666,[408]
19667,[34]
19668,[21]
19669,[173]
19670,[68]
19671,[79]
19672,[103]
19673,[45]
19674,[66]
19675,[277]
19676,[462]
19677,[188]
19678,[79]
19679,[45]
19680,[8]
19681,[361]
19682,[177]
19683,[377]
19684,[331]
19685,[24]
19686,[108]
19687,[42]
19688,[59]
19689,[117]
19690,[34]
19691,[273]
19692,[66]
19693,[13]
19694,[3]
19695,[118]
19696,[50]
19697,[277]
19698,[193]
19699,[214]
19700,[24]
19701,[260]
19702,[72]
19703,[397]
19704,[418]
19705,[299]
19706,[472]
19707,[26]
19708,[303]
19709,[89]
19710,[370]
19711,[68]
19712,[268]
19713,[151]
19714,[110]
19715,[79]
19716,[52]
19717,[474]
19718,[79]
19719,[295]
19720,[84]
19721,[127]
19722,[247]
19723,[105]
19724,[374]
19725,[78]
19726,[268]
19727,[459]
19728,[150]
19729,[435]
19730,[49]
19731,[181]
19732,[40]
19733,[29]
19734,[79]
19735,[48]
19736,[268]
19737,[141]
19738,[188]
19739,[369]
19740,[374]
19741,[171]
19742,[357]
19743,[236]
19744,[104]
19745,[23]
19746,[117]
19747,[353]
19748,[344]
19749,[71]
19750,[105]
19751,[48]
19752,[42]
19753,[276]
19754,[110]
19755,[34]
19756,[44]
19757,[395]
19758,[269]
19759,[39]
19760,[44]
19761,[325]
19762,[107]
19763,[401]
19764,[475]
19765,[42]
19766,[19]
19767,[153]
19768,[161]
19769,[73]
19770,[380]
19771,[117]
19772,[13]
19773,[42]
19774,[150]
19775,[9]
19776,[118]
19777,[26]
19778,[471]
19779,[9]
19780,[13]
19781,[79]
19782,[101]
19783,[239]
19784,[152]
19785,[3]
19786,[136]
19787,[383]
19788,[142]
19789,[40]
19790,[141]
19791,[64]
19792,[83]
19793,[464]
19794,[376]
19795,[116]
19796,[117]
19797,[107]
19798,[4]
19799,[74]
19800,[213]
19801,[13]
19802,[44]
19803,[47]
19804,[49]
19805,[42]
19806,[217]
19807,[66]
19808,[107]
19809,[90]
19810,[55]
19811,[57]
19812,[353]
19813,[383]
19814,[56]
19815,[138]
19816,[165]
19817,[13]
19818,[77]
19819,[369]
19820,[118]
19821,[398]
19822,[114]
19823,[422]
19824,[9]
19825,[13]
19826,[197]
19827,[97]
19828,[89]
19829,[4]
19830,[63]
19831,[60]
19832,[44]
19833,[325]
19834,[239]
19835,[106]
19836,[228]
19837,[462]
19838,[408]
19839,[131]
19840,[269]
19841,[90]
19842,[214]
19843,[241]
19844,[18]
19845,[79]
19846,[233]
19847,[383]
19848,[408]
19849,[299]
19850,[178]
19851,[193]
19852,[457]
19853,[48]
19854,[160]
19855,[170]
19856,[17]
19857,[110]
19858,[108]
19859,[48]
19860,[68]
19861,[79]
19862,[113]
19863,[11]
19864,[175]
19865,[73]
19866,[116]
19867,[214]
19868,[165]
19869,[41]
19870,[27]
19871,[116]
19872,[290]
19873,[79]
19874,[39]
19875,[58]
19876,[89]
19877,[64]
19878,[357]
19879,[399]
19880,[108]
19881,[239]
19882,[151]
19883,[260]
19884,[83]
19885,[273]
19886,[247]
19887,[420]
19888,[473]
19889,[297]
19890,[9]
19891,[99]
19892,[79]
19893,[71]
19894,[90]
19895,[45]
19896,[408]
19897,[475]
19898,[238]
19899,[218]
19900,[40]
19901,[21]
19902,[363]
19903,[79]
19904,[20]
19905,[295]
19906,[461]
19907,[359]
19908,[297]
19909,[79]
19910,[9]
19911,[79]
19912,[357]
19913,[63]
19914,[369]
19915,[21]
19916,[394]
19917,[83]
19918,[163]
19919,[115]
19920,[74]
19921,[108]
19922,[188]
19923,[417]
19924,[140]
19925,[427]
19926,[367]
19927,[42]
19928,[229]
19929,[6]
19930,[381]
19931,[131]
19932,[107]
19933,[66]
19934,[52]
19935,[228]
19936,[138]
19937,[6]
19938,[117]
19939,[161]
19940,[148]
19941,[66]
19942,[228]
19943,[215]
19944,[242]
19945,[273]
19946,[281]
19947,[216]
19948,[15]
19949,[432]
19950,[158]
19951,[66]
19952,[53]
19953,[108]
19954,[122]
19955,[13]
19956,[50]
19957,[386]
19958,[16]
19959,[75]
19960,[189]
19961,[68]
19962,[90]
19963,[39]
19964,[124]
19965,[89]
19966,[181]
19967,[68]
19968,[367]
19969,[13]
19970,[121]
19971,[117]
19972,[42]
19973,[117]
19974,[395]
19975,[69]
19976,[363]
19977,[34]
19978,[447]
19979,[126]
19980,[473]
19981,[79]
19982,[288]
19983,[277]
19984,[233]
19985,[197]
19986,[39]
19987,[328]
19988,[423]
19989,[277]
19990,[14]
19991,[253]
19992,[325]
19993,[105]
19994,[79]
19995,[121]
19996,[369]
19997,[20]
19998,[108]
19999,[13]
20000,[376]
20001,[107]
20002,[108]
20003,[374]
20004,[44]
20005,[24]
20006,[9]
20007,[303]
20008,[6]
20009,[277]
20010,[153]
20011,[42]
20012,[458]
20013,[58]
20014,[434]
20015,[118]
20016,[341]
20017,[45]
20018,[66]
20019,[160]
20020,[39]
20021,[189]
20022,[341]
20023,[155]
20024,[50]
20025,[369]
20026,[242]
20027,[181]
20028,[188]
20029,[68]
20030,[90]
20031,[260]
20032,[9]
20033,[471]
20034,[218]
20035,[118]
20036,[91]
20037,[357]
20038,[466]
20039,[424]
20040,[196]
20041,[13]
20042,[173]
20043,[79]
20044,[60]
20045,[89]
20046,[24]
20047,[273]
20048,[211]
20049,[79]
20050,[12]
20051,[142]
20052,[21]
20053,[19]
20054,[251]
20055,[105]
20056,[277]
20057,[154]
20058,[79]
20059,[42]
20060,[105]
20061,[408]
20062,[471]
20063,[84]
20064,[423]
20065,[469]
20066,[344]
20067,[399]
20068,[353]
20069,[167]
20070,[381]
20071,[63]
20072,[344]
20073,[470]
20074,[105]
20075,[198]
20076,[277]
20077,[229]
20078,[369]
20079,[353]
20080,[79]
20081,[43]
20082,[474]
20083,[104]
20084,[325]
20085,[381]
20086,[344]
20087,[48]
20088,[21]
20089,[60]
20090,[114]
20091,[170]
20092,[381]
20093,[8]
20094,[9]
20095,[273]
20096,[421]
20097,[215]
20098,[85]
20099,[79]
20100,[42]
20101,[107]
20102,[151]
20103,[296]
20104,[263]
20105,[6]
20106,[374]
20107,[35]
20108,[211]
20109,[90]
20110,[241]
20111,[45]
20112,[178]
20113,[353]
20114,[214]
20115,[233]
20116,[140]
20117,[148]
20118,[470]
20119,[229]
20120,[319]
20121,[68]
20122,[78]
20123,[356]
20124,[157]
20125,[359]
20126,[106]
20127,[126]
20128,[461]
20129,[44]
20130,[242]
20131,[14]
20132,[317]
20133,[34]
20134,[280]
20135,[38]
20136,[260]
20137,[416]
20138,[42]
20139,[118]
20140,[16]
20141,[189]
20142,[109]
20143,[111]
20144,[275]
20145,[191]
20146,[156]
20147,[39]
20148,[41]
20149,[61]
20150,[370]
20151,[305]
20152,[70]
20153,[111]
20154,[42]
20155,[214]
20156,[171]
20157,[89]
20158,[259]
20159,[3]
20160,[173]
20161,[104]
20162,[436]
20163,[160]
20164,[472]
20165,[286]
20166,[128]
20167,[193]
20168,[158]
20169,[21]
20170,[153]
20171,[274]
20172,[105]
20173,[15]
20174,[89]
20175,[233]
20176,[50]
20177,[141]
20178,[84]
20179,[269]
20180,[114]
20181,[143]
20182,[18]
20183,[151]
20184,[47]
20185,[277]
20186,[105]
20187,[3]
20188,[9]
20189,[189]
20190,[466]
20191,[381]
20192,[6]
20193,[363]
20194,[9]
20195,[85]
20196,[45]
20197,[418]
20198,[65]
20199,[147]
20200,[13]
20201,[152]
20202,[49]
20203,[8]
20204,[37]
20205,[13]
20206,[357]
20207,[168]
20208,[108]
20209,[89]
20210,[310]
20211,[167]
20212,[132]
20213,[457]
20214,[68]
20215,[41]
20216,[42]
20217,[75]
20218,[152]
20219,[127]
20220,[106]
20221,[371]
20222,[78]
20223,[46]
20224,[376]
20225,[138]
20226,[153]
20227,[418]
20228,[326]
20229,[116]
20230,[159]
20231,[78]
20232,[74]
20233,[9]
20234,[34]
20235,[79]
20236,[194]
20237,[423]
20238,[22]
20239,[24]
20240,[58]
20241,[459]
20242,[333]
20243,[3]
20244,[63]
20245,[228]
20246,[16]
20247,[117]
20248,[416]
20249,[48]
20250,[83]
20251,[357]
20252,[196]
20253,[79]
20254,[6]
20255,[435]
20256,[91]
20257,[116]
20258,[281]
20259,[121]
20260,[89]
20261,[76]
20262,[333]
20263,[154]
20264,[34]
20265,[188]
20266,[114]
20267,[117]
20268,[297]
20269,[79]
20270,[242]
20271,[181]
20272,[144]
20273,[277]
20274,[13]
20275,[359]
20276,[450]
20277,[108]
20278,[44]
20279,[214]
20280,[152]
20281,[56]
20282,[8]
20283,[151]
20284,[89]
20285,[103]
20286,[142]
20287,[162]
20288,[13]
20289,[299]
20290,[73]
20291,[89]
20292,[188]
20293,[150]
20294,[165]
20295,[22]
20296,[142]
20297,[403]
20298,[296]
20299,[33]
20300,[117]
20301,[90]
20302,[79]
20303,[359]
20304,[369]
20305,[181]
20306,[42]
20307,[290]
20308,[193]
20309,[158]
20310,[237]
20311,[471]
20312,[131]
20313,[70]
20314,[79]
20315,[41]
20316,[79]
20317,[49]
20318,[118]
20319,[45]
20320,[235]
20321,[141]
20322,[277]
20323,[66]
20324,[465]
20325,[148]
20326,[273]
20327,[248]
20328,[73]
20329,[6]
20330,[263]
20331,[181]
20332,[206]
20333,[83]
20334,[79]
20335,[178]
20336,[186]
20337,[104]
20338,[359]
20339,[415]
20340,[42]
20341,[13]
20342,[14]
20343,[242]
20344,[79]
20345,[457]
20346,[219]
20347,[195]
20348,[59]
20349,[457]
20350,[16]
20351,[294]
20352,[413]
20353,[400]
20354,[26]
20355,[258]
20356,[13]
20357,[104]
20358,[166]
20359,[167]
20360,[44]
20361,[13]
20362,[206]
20363,[141]
20364,[279]
20365,[389]
20366,[44]
20367,[79]
20368,[432]
20369,[423]
20370,[239]
20371,[9]
20372,[89]
20373,[378]
20374,[16]
20375,[42]
20376,[297]
20377,[132]
20378,[79]
20379,[91]
20380,[440]
20381,[255]
20382,[149]
20383,[142]
20384,[89]
20385,[96]
20386,[471]
20387,[49]
20388,[13]
20389,[189]
20390,[242]
20391,[277]
20392,[196]
20393,[79]
20394,[19]
20395,[153]
20396,[327]
20397,[44]
20398,[66]
20399,[140]
20400,[21]
20401,[186]
20402,[9]
20403,[299]
20404,[311]
20405,[215]
20406,[233]
20407,[49]
20408,[108]
20409,[13]
20410,[55]
20411,[238]
20412,[275]
20413,[90]
20414,[68]
20415,[238]
20416,[35]
20417,[50]
20418,[418]
20419,[79]
20420,[241]
20421,[194]
20422,[117]
20423,[419]
20424,[299]
20425,[105]
20426,[179]
20427,[277]
20428,[126]
20429,[105]
20430,[31]
20431,[273]
20432,[104]
20433,[21]
20434,[99]
20435,[107]
20436,[359]
20437,[79]
20438,[88]
20439,[21]
20440,[107]
20441,[105]
20442,[89]
20443,[65]
20444,[9]
20445,[35]
20446,[290]
20447,[223]
20448,[302]
20449,[14]
20450,[116]
20451,[383]
20452,[277]
20453,[414]
20454,[40]
20455,[262]
20456,[100]
20457,[321]
20458,[304]
20459,[148]
20460,[90]
20461,[115]
20462,[44]
20463,[49]
20464,[108]
20465,[395]
20466,[72]
20467,[50]
20468,[273]
20469,[141]
20470,[357]
20471,[181]
20472,[118]
20473,[196]
20474,[415]
20475,[24]
20476,[42]
20477,[79]
20478,[153]
20479,[152]
20480,[427]
20481,[117]
20482,[160]
20483,[47]
20484,[131]
20485,[337]
20486,[452]
20487,[63]
20488,[68]
20489,[21]
20490,[36]
20491,[13]
20492,[277]
20493,[74]
20494,[31]
20495,[169]
20496,[357]
20497,[13]
20498,[408]
20499,[402]
20500,[75]
20501,[21]
20502,[42]
20503,[305]
20504,[148]
20505,[78]
20506,[48]
20507,[370]
20508,[369]
20509,[179]
20510,[9]
20511,[21]
20512,[107]
20513,[357]
20514,[156]
20515,[14]
20516,[191]
20517,[277]
20518,[79]
20519,[45]
20520,[290]
20521,[214]
20522,[89]
20523,[292]
20524,[186]
20525,[380]
20526,[55]
20527,[118]
20528,[89]
20529,[79]
20530,[68]
20531,[105]
20532,[34]
20533,[21]
20534,[90]
20535,[268]
20536,[319]
20537,[165]
20538,[40]
20539,[143]
20540,[435]
20541,[381]
20542,[42]
20543,[306]
20544,[281]
20545,[447]
20546,[18]
20547,[260]
20548,[45]
20549,[45]
20550,[104]
20551,[214]
20552,[71]
20553,[103]
20554,[186]
20555,[39]
20556,[45]
20557,[315]
20558,[447]
20559,[4]
20560,[139]
20561,[410]
20562,[94]
20563,[79]
20564,[168]
20565,[124]
20566,[44]
20567,[79]
20568,[242]
20569,[193]
20570,[325]
20571,[179]
20572,[356]
20573,[230]
20574,[262]
20575,[238]
20576,[331]
20577,[89]
20578,[436]
20579,[54]
20580,[280]
20581,[240]
20582,[65]
20583,[34]
20584,[293]
20585,[50]
20586,[88]
20587,[194]
20588,[21]
20589,[89]
20590,[290]
20591,[90]
20592,[337]
20593,[153]
20594,[117]
20595,[13]
20596,[273]
20597,[161]
20598,[44]
20599,[16]
20600,[242]
20601,[359]
20602,[117]
20603,[117]
20604,[89]
20605,[79]
20606,[42]
20607,[16]
20608,[74]
20609,[166]
20610,[89]
20611,[193]
20612,[9]
20613,[90]
20614,[412]
20615,[108]
20616,[79]
20617,[193]
20618,[156]
20619,[45]
20620,[277]
20621,[77]
20622,[45]
20623,[353]
20624,[79]
20625,[19]
20626,[1]
20627,[107]
20628,[50]
20629,[44]
20630,[9]
20631,[188]
20632,[79]
20633,[294]
20634,[213]
20635,[34]
20636,[6]
20637,[376]
20638,[313]
20639,[357]
20640,[381]
20641,[89]
20642,[151]
20643,[193]
20644,[439]
20645,[9]
20646,[72]
20647,[47]
20648,[337]
20649,[74]
20650,[13]
20651,[79]
20652,[68]
20653,[35]
20654,[107]
20655,[148]
20656,[89]
20657,[104]
20658,[42]
20659,[21]
20660,[424]
20661,[98]
20662,[119]
20663,[55]
20664,[170]
20665,[386]
20666,[198]
20667,[299]
20668,[101]
20669,[79]
20670,[438]
20671,[45]
20672,[242]
20673,[193]
20674,[277]
20675,[101]
20676,[219]
20677,[242]
20678,[64]
20679,[113]
20680,[152]
20681,[21]
20682,[38]
20683,[202]
20684,[293]
20685,[423]
20686,[7]
20687,[213]
20688,[170]
20689,[244]
20690,[233]
20691,[30]
20692,[417]
20693,[9]
20694,[105]
20695,[155]
20696,[412]
20697,[55]
20698,[215]
20699,[238]
20700,[158]
20701,[13]
20702,[157]
20703,[117]
20704,[49]
20705,[13]
20706,[195]
20707,[335]
20708,[275]
20709,[44]
20710,[79]
20711,[275]
20712,[392]
20713,[386]
20714,[79]
20715,[90]
20716,[363]
20717,[108]
20718,[1]
20719,[65]
20720,[105]
20721,[27]
20722,[357]
20723,[386]
20724,[85]
20725,[90]
20726,[275]
20727,[183]
20728,[141]
20729,[461]
20730,[69]
20731,[171]
20732,[9]
20733,[386]
20734,[153]
20735,[336]
20736,[84]
20737,[383]
20738,[16]
20739,[453]
20740,[79]
20741,[34]
20742,[160]
20743,[406]
20744,[66]
20745,[25]
20746,[358]
20747,[44]
20748,[211]
20749,[181]
20750,[432]
20751,[1]
20752,[71]
20753,[260]
20754,[107]
20755,[268]
20756,[14]
20757,[118]
20758,[295]
20759,[294]
20760,[116]
20761,[331]
20762,[359]
20763,[68]
20764,[336]
20765,[66]
20766,[404]
20767,[13]
20768,[193]
20769,[42]
20770,[9]
20771,[97]
20772,[117]
20773,[235]
20774,[198]
20775,[79]
20776,[78]
20777,[98]
20778,[60]
20779,[136]
20780,[100]
20781,[353]
20782,[198]
20783,[178]
20784,[42]
20785,[55]
20786,[156]
20787,[79]
20788,[75]
20789,[79]
20790,[240]
20791,[213]
20792,[50]
20793,[21]
20794,[31]
20795,[159]
20796,[357]
20797,[42]
20798,[394]
20799,[277]
20800,[9]
20801,[90]
20802,[181]
20803,[146]
20804,[270]
20805,[140]
20806,[42]
20807,[34]
20808,[1]
20809,[79]
20810,[299]
20811,[61]
20812,[44]
20813,[172]
20814,[117]
20815,[24]
20816,[114]
20817,[4]
20818,[359]
20819,[197]
20820,[376]
20821,[21]
20822,[89]
20823,[277]
20824,[349]
20825,[380]
20826,[205]
20827,[68]
20828,[98]
20829,[103]
20830,[369]
20831,[332]
20832,[217]
20833,[90]
20834,[157]
20835,[376]
20836,[121]
20837,[255]
20838,[374]
20839,[148]
20840,[13]
20841,[314]
20842,[196]
20843,[79]
20844,[3]
20845,[336]
20846,[106]
20847,[84]
20848,[48]
20849,[79]
20850,[266]
20851,[196]
20852,[64]
20853,[6]
20854,[34]
20855,[13]
20856,[74]
20857,[50]
20858,[425]
20859,[277]
20860,[73]
20861,[177]
20862,[400]
20863,[42]
20864,[55]
20865,[452]
20866,[357]
20867,[90]
20868,[128]
20869,[11]
20870,[77]
20871,[44]
20872,[238]
20873,[104]
20874,[77]
20875,[404]
20876,[8]
20877,[59]
20878,[187]
20879,[45]
20880,[50]
20881,[114]
20882,[170]
20883,[239]
20884,[153]
20885,[399]
20886,[83]
20887,[55]
20888,[49]
20889,[161]
20890,[79]
20891,[167]
20892,[195]
20893,[49]
20894,[117]
20895,[308]
20896,[9]
20897,[75]
20898,[50]
20899,[42]
20900,[9]
20901,[173]
20902,[380]
20903,[319]
20904,[193]
20905,[179]
20906,[369]
20907,[79]
20908,[41]
20909,[42]
20910,[104]
20911,[246]
20912,[277]
20913,[101]
20914,[366]
20915,[169]
20916,[277]
20917,[195]
20918,[4]
20919,[427]
20920,[314]
20921,[211]
20922,[117]
20923,[101]
20924,[389]
20925,[252]
20926,[101]
20927,[273]
20928,[21]
20929,[83]
20930,[203]
20931,[386]
20932,[359]
20933,[16]
20934,[336]
20935,[68]
20936,[273]
20937,[117]
20938,[104]
20939,[471]
20940,[340]
20941,[126]
20942,[163]
20943,[178]
20944,[74]
20945,[89]
20946,[13]
20947,[21]
20948,[214]
20949,[398]
20950,[121]
20951,[354]
20952,[84]
20953,[153]
20954,[45]
20955,[48]
20956,[42]
20957,[21]
20958,[120]
20959,[461]
20960,[141]
20961,[54]
20962,[76]
20963,[242]
20964,[381]
20965,[33]
20966,[197]
20967,[4]
20968,[417]
20969,[152]
20970,[153]
20971,[13]
20972,[104]
20973,[175]
20974,[167]
20975,[277]
20976,[117]
20977,[68]
20978,[374]
20979,[104]
20980,[9]
20981,[248]
20982,[196]
20983,[79]
20984,[101]
20985,[331]
20986,[215]
20987,[9]
20988,[49]
20989,[167]
20990,[21]
20991,[297]
20992,[60]
20993,[50]
20994,[168]
20995,[322]
20996,[153]
20997,[138]
20998,[150]
20999,[214]
21000,[447]
21001,[381]
21002,[364]
21003,[435]
21004,[130]
21005,[471]
21006,[50]
21007,[13]
21008,[120]
21009,[44]
21010,[117]
21011,[381]
21012,[13]
21013,[148]
21014,[285]
21015,[188]
21016,[33]
21017,[444]
21018,[33]
21019,[13]
21020,[179]
21021,[215]
21022,[461]
21023,[45]
21024,[161]
21025,[361]
21026,[157]
21027,[214]
21028,[238]
21029,[161]
21030,[72]
21031,[9]
21032,[20]
21033,[79]
21034,[435]
21035,[213]
21036,[383]
21037,[42]
21038,[275]
21039,[238]
21040,[64]
21041,[63]
21042,[118]
21043,[84]
21044,[20]
21045,[148]
21046,[85]
21047,[290]
21048,[361]
21049,[214]
21050,[213]
21051,[193]
21052,[111]
21053,[160]
21054,[195]
21055,[42]
21056,[13]
21057,[130]
21058,[317]
21059,[235]
21060,[50]
21061,[31]
21062,[18]
21063,[64]
21064,[410]
21065,[33]
21066,[45]
21067,[157]
21068,[58]
21069,[296]
21070,[435]
21071,[85]
21072,[107]
21073,[152]
21074,[61]
21075,[41]
21076,[276]
21077,[42]
21078,[49]
21079,[89]
21080,[286]
21081,[142]
21082,[395]
21083,[142]
21084,[245]
21085,[384]
21086,[149]
21087,[141]
21088,[9]
21089,[170]
21090,[14]
21091,[13]
21092,[424]
21093,[6]
21094,[158]
21095,[233]
21096,[383]
21097,[461]
21098,[106]
21099,[79]
21100,[93]
21101,[79]
21102,[9]
21103,[121]
21104,[6]
21105,[403]
21106,[16]
21107,[104]
21108,[42]
21109,[403]
21110,[20]
21111,[108]
21112,[88]
21113,[275]
21114,[132]
21115,[44]
21116,[466]
21117,[79]
21118,[61]
21119,[8]
21120,[143]
21121,[92]
21122,[261]
21123,[21]
21124,[49]
21125,[118]
21126,[108]
21127,[108]
21128,[89]
21129,[55]
21130,[90]
21131,[74]
21132,[39]
21133,[85]
21134,[79]
21135,[42]
21136,[153]
21137,[66]
21138,[45]
21139,[6]
21140,[352]
21141,[142]
21142,[284]
21143,[105]
21144,[83]
21145,[13]
21146,[91]
21147,[132]
21148,[9]
21149,[42]
21150,[79]
21151,[79]
21152,[34]
21153,[468]
21154,[44]
21155,[118]
21156,[152]
21157,[255]
21158,[79]
21159,[40]
21160,[371]
21161,[72]
21162,[109]
21163,[7]
21164,[472]
21165,[284]
21166,[473]
21167,[108]
21168,[192]
21169,[16]
21170,[161]
21171,[45]
21172,[153]
21173,[34]
21174,[131]
21175,[166]
21176,[81]
21177,[193]
21178,[24]
21179,[45]
21180,[104]
21181,[89]
21182,[9]
21183,[369]
21184,[214]
21185,[132]
21186,[462]
21187,[437]
21188,[44]
21189,[20]
21190,[93]
21191,[39]
21192,[194]
21193,[68]
21194,[247]
21195,[158]
21196,[459]
21197,[225]
21198,[101]
21199,[34]
21200,[450]
21201,[44]
21202,[34]
21203,[273]
21204,[75]
21205,[161]
21206,[14]
21207,[418]
21208,[44]
21209,[122]
21210,[173]
21211,[243]
21212,[116]
21213,[171]
21214,[255]
21215,[79]
21216,[8]
21217,[65]
21218,[351]
21219,[45]
21220,[89]
21221,[142]
21222,[290]
21223,[461]
21224,[13]
21225,[299]
21226,[198]
21227,[277]
21228,[243]
21229,[42]
21230,[158]
21231,[84]
21232,[423]
21233,[233]
21234,[140]
21235,[357]
21236,[89]
21237,[42]
21238,[50]
21239,[52]
21240,[215]
21241,[242]
21242,[55]
21243,[401]
21244,[153]
21245,[159]
21246,[190]
21247,[255]
21248,[350]
21249,[76]
21250,[64]
21251,[352]
21252,[321]
21253,[79]
21254,[21]
21255,[116]
21256,[173]
21257,[247]
21258,[408]
21259,[432]
21260,[69]
21261,[277]
21262,[33]
21263,[306]
21264,[66]
21265,[14]
21266,[359]
21267,[172]
21268,[102]
21269,[13]
21270,[50]
21271,[103]
21272,[13]
21273,[239]
21274,[170]
21275,[90]
21276,[293]
21277,[270]
21278,[143]
21279,[98]
21280,[161]
21281,[100]
21282,[44]
21283,[21]
21284,[52]
21285,[113]
21286,[146]
21287,[104]
21288,[281]
21289,[294]
21290,[89]
21291,[213]
21292,[50]
21293,[299]
21294,[45]
21295,[101]
21296,[107]
21297,[232]
21298,[79]
21299,[381]
21300,[86]
21301,[158]
21302,[78]
21303,[49]
21304,[60]
21305,[111]
21306,[281]
21307,[64]
21308,[351]
21309,[159]
21310,[114]
21311,[66]
21312,[159]
21313,[39]
21314,[117]
21315,[8]
21316,[268]
21317,[229]
21318,[90]
21319,[368]
21320,[73]
21321,[202]
21322,[457]
21323,[121]
21324,[412]
21325,[354]
21326,[13]
21327,[386]
21328,[89]
21329,[45]
21330,[384]
21331,[263]
21332,[457]
21333,[152]
21334,[160]
21335,[42]
21336,[188]
21337,[197]
21338,[151]
21339,[461]
21340,[374]
21341,[216]
21342,[145]
21343,[79]
21344,[277]
21345,[473]
21346,[277]
21347,[8]
21348,[78]
21349,[21]
21350,[79]
21351,[16]
21352,[435]
21353,[104]
21354,[472]
21355,[40]
21356,[71]
21357,[27]
21358,[77]
21359,[259]
21360,[24]
21361,[263]
21362,[74]
21363,[423]
21364,[89]
21365,[117]
21366,[45]
21367,[418]
21368,[117]
21369,[44]
21370,[104]
21371,[263]
21372,[20]
21373,[327]
21374,[213]
21375,[214]
21376,[369]
21377,[167]
21378,[153]
21379,[72]
21380,[161]
21381,[403]
21382,[44]
21383,[9]
21384,[197]
21385,[117]
21386,[389]
21387,[115]
21388,[79]
21389,[217]
21390,[29]
21391,[215]
21392,[361]
21393,[154]
21394,[279]
21395,[185]
21396,[273]
21397,[197]
21398,[255]
21399,[70]
21400,[381]
21401,[48]
21402,[345]
21403,[16]
21404,[165]
21405,[90]
21406,[173]
21407,[242]
21408,[225]
21409,[353]
21410,[389]
21411,[153]
21412,[321]
21413,[64]
21414,[105]
21415,[242]
21416,[45]
21417,[357]
21418,[14]
21419,[171]
21420,[44]
21421,[116]
21422,[165]
21423,[21]
21424,[60]
21425,[196]
21426,[420]
21427,[79]
21428,[331]
21429,[195]
21430,[68]
21431,[89]
21432,[114]
21433,[301]
21434,[16]
21435,[117]
21436,[225]
21437,[104]
21438,[66]
21439,[116]
21440,[317]
21441,[21]
21442,[177]
21443,[399]
21444,[447]
21445,[107]
21446,[63]
21447,[55]
21448,[191]
21449,[206]
21450,[273]
21451,[79]
21452,[75]
21453,[110]
21454,[277]
21455,[293]
21456,[29]
21457,[193]
21458,[282]
21459,[90]
21460,[79]
21461,[198]
21462,[130]
21463,[355]
21464,[9]
21465,[293]
21466,[79]
21467,[105]
21468,[42]
21469,[9]
21470,[233]
21471,[107]
21472,[126]
21473,[8]
21474,[356]
21475,[213]
21476,[150]
21477,[70]
21478,[42]
21479,[42]
21480,[41]
21481,[117]
21482,[116]
21483,[225]
21484,[153]
21485,[46]
21486,[79]
21487,[266]
21488,[301]
21489,[388]
21490,[160]
21491,[14]
21492,[404]
21493,[23]
21494,[161]
21495,[44]
21496,[170]
21497,[466]
21498,[142]
21499,[79]
21500,[151]
21501,[23]
21502,[41]
21503,[76]
21504,[247]
21505,[233]
21506,[374]
21507,[211]
21508,[64]
21509,[367]
21510,[44]
21511,[44]
21512,[181]
21513,[123]
21514,[376]
21515,[84]
21516,[86]
21517,[181]
21518,[364]
21519,[45]
21520,[149]
21521,[50]
21522,[173]
21523,[357]
21524,[461]
21525,[9]
21526,[56]
21527,[247]
21528,[149]
21529,[68]
21530,[33]
21531,[353]
21532,[44]
21533,[13]
21534,[167]
21535,[277]
21536,[177]
21537,[208]
21538,[104]
21539,[277]
21540,[371]
21541,[281]
21542,[153]
21543,[75]
21544,[351]
21545,[441]
21546,[152]
21547,[55]
21548,[79]
21549,[435]
21550,[77]
21551,[165]
21552,[114]
21553,[45]
21554,[117]
21555,[44]
21556,[56]
21557,[70]
21558,[61]
21559,[139]
21560,[284]
21561,[27]
21562,[65]
21563,[111]
21564,[461]
21565,[450]
21566,[79]
21567,[273]
21568,[84]
21569,[21]
21570,[123]
21571,[34]
21572,[315]
21573,[49]
21574,[21]
21575,[277]
21576,[381]
21577,[152]
21578,[376]
21579,[457]
21580,[70]
21581,[349]
21582,[40]
21583,[415]
21584,[9]
21585,[158]
21586,[376]
21587,[274]
21588,[215]
21589,[82]
21590,[79]
21591,[185]
21592,[465]
21593,[268]
21594,[147]
21595,[90]
21596,[105]
21597,[60]
21598,[89]
21599,[193]
21600,[275]
21601,[297]
21602,[181]
21603,[359]
21604,[79]
21605,[297]
21606,[77]
21607,[9]
21608,[190]
21609,[196]
21610,[229]
21611,[188]
21612,[465]
21613,[189]
21614,[44]
21615,[253]
21616,[34]
21617,[291]
21618,[8]
21619,[14]
21620,[195]
21621,[8]
21622,[161]
21623,[104]
21624,[233]
21625,[461]
21626,[59]
21627,[296]
21628,[175]
21629,[412]
21630,[22]
21631,[189]
21632,[165]
21633,[41]
21634,[382]
21635,[91]
21636,[361]
21637,[104]
21638,[108]
21639,[206]
21640,[66]
21641,[45]
21642,[213]
21643,[236]
21644,[377]
21645,[105]
21646,[319]
21647,[344]
21648,[381]
21649,[16]
21650,[357]
21651,[165]
21652,[461]
21653,[153]
21654,[104]
21655,[84]
21656,[367]
21657,[196]
21658,[74]
21659,[45]
21660,[349]
21661,[79]
21662,[48]
21663,[20]
21664,[158]
21665,[172]
21666,[79]
21667,[29]
21668,[284]
21669,[150]
21670,[107]
21671,[50]
21672,[395]
21673,[12]
21674,[10]
21675,[295]
21676,[193]
21677,[13]
21678,[300]
21679,[65]
21680,[4]
21681,[357]
21682,[165]
21683,[180]
21684,[172]
21685,[30]
21686,[85]
21687,[6]
21688,[260]
21689,[34]
21690,[123]
21691,[13]
21692,[172]
21693,[79]
21694,[189]
21695,[152]
21696,[380]
21697,[89]
21698,[259]
21699,[275]
21700,[44]
21701,[206]
21702,[42]
21703,[264]
21704,[73]
21705,[40]
21706,[185]
21707,[114]
21708,[475]
21709,[332]
21710,[44]
21711,[153]
21712,[198]
21713,[288]
21714,[233]
21715,[116]
21716,[105]
21717,[98]
21718,[13]
21719,[71]
21720,[108]
21721,[13]
21722,[206]
21723,[214]
21724,[277]
21725,[340]
21726,[475]
21727,[189]
21728,[273]
21729,[213]
21730,[101]
21731,[439]
21732,[173]
21733,[34]
21734,[105]
21735,[13]
21736,[79]
21737,[102]
21738,[228]
21739,[42]
21740,[148]
21741,[16]
21742,[88]
21743,[255]
21744,[233]
21745,[369]
21746,[395]
21747,[41]
21748,[117]
21749,[302]
21750,[13]
21751,[56]
21752,[42]
21753,[9]
21754,[443]
21755,[55]
21756,[15]
21757,[42]
21758,[121]
21759,[74]
21760,[359]
21761,[214]
21762,[77]
21763,[66]
21764,[475]
21765,[144]
21766,[33]
21767,[149]
21768,[448]
21769,[326]
21770,[297]
21771,[42]
21772,[42]
21773,[89]
21774,[46]
21775,[21]
21776,[9]
21777,[250]
21778,[273]
21779,[425]
21780,[325]
21781,[453]
21782,[79]
21783,[34]
21784,[238]
21785,[286]
21786,[206]
21787,[349]
21788,[160]
21789,[438]
21790,[385]
21791,[126]
21792,[42]
21793,[42]
21794,[68]
21795,[66]
21796,[55]
21797,[238]
21798,[145]
21799,[275]
21800,[325]
21801,[261]
21802,[9]
21803,[381]
21804,[104]
21805,[13]
21806,[78]
21807,[13]
21808,[44]
21809,[111]
21810,[416]
21811,[179]
21812,[68]
21813,[375]
21814,[68]
21815,[49]
21816,[40]
21817,[386]
21818,[421]
21819,[21]
21820,[270]
21821,[110]
21822,[22]
21823,[161]
21824,[21]
21825,[71]
21826,[299]
21827,[89]
21828,[185]
21829,[443]
21830,[153]
21831,[270]
21832,[20]
21833,[34]
21834,[384]
21835,[149]
21836,[79]
21837,[42]
21838,[247]
21839,[193]
21840,[21]
21841,[288]
21842,[213]
21843,[438]
21844,[79]
21845,[79]
21846,[158]
21847,[158]
21848,[13]
21849,[63]
21850,[297]
21851,[211]
21852,[345]
21853,[153]
21854,[213]
21855,[127]
21856,[16]
21857,[5]
21858,[34]
21859,[369]
21860,[79]
21861,[9]
21862,[275]
21863,[68]
21864,[118]
21865,[96]
21866,[33]
21867,[114]
21868,[22]
21869,[408]
21870,[21]
21871,[21]
21872,[89]
21873,[197]
21874,[44]
21875,[149]
21876,[111]
21877,[9]
21878,[49]
21879,[148]
21880,[127]
21881,[273]
21882,[14]
21883,[359]
21884,[167]
21885,[447]
21886,[202]
21887,[248]
21888,[138]
21889,[121]
21890,[66]
21891,[193]
21892,[154]
21893,[9]
21894,[385]
21895,[40]
21896,[34]
21897,[73]
21898,[90]
21899,[133]
21900,[369]
21901,[438]
21902,[381]
21903,[461]
21904,[44]
21905,[16]
21906,[14]
21907,[73]
21908,[73]
21909,[79]
21910,[369]
21911,[158]
21912,[117]
21913,[153]
21914,[9]
21915,[16]
21916,[79]
21917,[21]
21918,[74]
21919,[44]
21920,[66]
21921,[299]
21922,[273]
21923,[79]
21924,[181]
21925,[240]
21926,[39]
21927,[154]
21928,[299]
21929,[267]
21930,[218]
21931,[89]
21932,[374]
21933,[98]
21934,[13]
21935,[161]
21936,[69]
21937,[72]
21938,[408]
21939,[398]
21940,[142]
21941,[13]
21942,[102]
21943,[45]
21944,[153]
21945,[128]
21946,[9]
21947,[71]
21948,[79]
21949,[177]
21950,[79]
21951,[374]
21952,[232]
21953,[122]
21954,[79]
21955,[390]
21956,[362]
21957,[90]
21958,[13]
21959,[320]
21960,[90]
21961,[434]
21962,[233]
21963,[68]
21964,[44]
21965,[15]
21966,[403]
21967,[101]
21968,[240]
21969,[438]
21970,[214]
21971,[26]
21972,[473]
21973,[218]
21974,[40]
21975,[9]
21976,[53]
21977,[243]
21978,[371]
21979,[195]
21980,[438]
21981,[165]
21982,[40]
21983,[161]
21984,[42]
21985,[192]
21986,[9]
21987,[381]
21988,[317]
21989,[369]
21990,[55]
21991,[16]
21992,[232]
21993,[191]
21994,[89]
21995,[78]
21996,[107]
21997,[153]
21998,[385]
21999,[165]
22000,[66]
22001,[49]
22002,[416]
22003,[89]
22004,[79]
22005,[215]
22006,[277]
22007,[116]
22008,[71]
22009,[101]
22010,[117]
22011,[319]
22012,[74]
22013,[299]
22014,[159]
22015,[357]
22016,[275]
22017,[277]
22018,[392]
22019,[277]
22020,[127]
22021,[143]
22022,[88]
22023,[42]
22024,[461]
22025,[381]
22026,[460]
22027,[54]
22028,[9]
22029,[140]
22030,[70]
22031,[211]
22032,[107]
22033,[383]
22034,[198]
22035,[117]
22036,[79]
22037,[291]
22038,[182]
22039,[66]
22040,[122]
22041,[366]
22042,[70]
22043,[120]
22044,[214]
22045,[161]
22046,[107]
22047,[104]
22048,[3]
22049,[400]
22050,[68]
22051,[79]
22052,[127]
22053,[273]
22054,[248]
22055,[68]
22056,[126]
22057,[50]
22058,[108]
22059,[44]
22060,[274]
22061,[344]
22062,[235]
22063,[277]
22064,[103]
22065,[155]
22066,[315]
22067,[83]
22068,[292]
22069,[424]
22070,[89]
22071,[197]
22072,[56]
22073,[73]
22074,[89]
22075,[274]
22076,[179]
22077,[473]
22078,[193]
22079,[31]
22080,[471]
22081,[13]
22082,[116]
22083,[27]
22084,[75]
22085,[218]
22086,[465]
22087,[399]
22088,[22]
22089,[277]
22090,[367]
22091,[239]
22092,[214]
22093,[367]
22094,[178]
22095,[253]
22096,[274]
22097,[149]
22098,[168]
22099,[165]
22100,[42]
22101,[180]
22102,[414]
22103,[384]
22104,[273]
22105,[50]
22106,[104]
22107,[35]
22108,[374]
22109,[28]
22110,[104]
22111,[176]
22112,[89]
22113,[357]
22114,[319]
22115,[33]
22116,[376]
22117,[333]
22118,[417]
22119,[157]
22120,[48]
22121,[297]
22122,[462]
22123,[32]
22124,[286]
22125,[152]
22126,[213]
22127,[229]
22128,[118]
22129,[72]
22130,[301]
22131,[432]
22132,[48]
22133,[297]
22134,[40]
22135,[242]
22136,[40]
22137,[41]
22138,[376]
22139,[467]
22140,[293]
22141,[41]
22142,[15]
22143,[79]
22144,[21]
22145,[160]
22146,[478]
22147,[9]
22148,[153]
22149,[149]
22150,[79]
22151,[163]
22152,[139]
22153,[290]
22154,[85]
22155,[56]
22156,[9]
22157,[301]
22158,[361]
22159,[149]
22160,[269]
22161,[105]
22162,[197]
22163,[77]
22164,[9]
22165,[431]
22166,[214]
22167,[9]
22168,[158]
22169,[42]
22170,[293]
22171,[117]
22172,[138]
22173,[217]
22174,[101]
22175,[275]
22176,[369]
22177,[153]
22178,[13]
22179,[44]
22180,[42]
22181,[78]
22182,[83]
22183,[376]
22184,[9]
22185,[1]
22186,[10]
22187,[105]
22188,[73]
22189,[189]
22190,[211]
22191,[79]
22192,[48]
22193,[203]
22194,[122]
22195,[215]
22196,[8]
22197,[299]
22198,[55]
22199,[73]
22200,[353]
22201,[52]
22202,[117]
22203,[317]
22204,[245]
22205,[400]
22206,[22]
22207,[76]
22208,[261]
22209,[118]
22210,[195]
22211,[63]
22212,[357]
22213,[359]
22214,[97]
22215,[125]
22216,[290]
22217,[211]
22218,[299]
22219,[470]
22220,[50]
22221,[47]
22222,[477]
22223,[79]
22224,[471]
22225,[116]
22226,[205]
22227,[107]
22228,[34]
22229,[157]
22230,[79]
22231,[47]
22232,[259]
22233,[76]
22234,[68]
22235,[50]
22236,[72]
22237,[166]
22238,[160]
22239,[165]
22240,[383]
22241,[125]
22242,[462]
22243,[247]
22244,[126]
22245,[353]
22246,[118]
22247,[83]
22248,[150]
22249,[89]
22250,[151]
22251,[90]
22252,[148]
22253,[26]
22254,[103]
22255,[215]
22256,[57]
22257,[63]
22258,[470]
22259,[448]
22260,[277]
22261,[335]
22262,[357]
22263,[13]
22264,[79]
22265,[13]
22266,[180]
22267,[9]
22268,[72]
22269,[394]
22270,[371]
22271,[211]
22272,[159]
22273,[181]
22274,[44]
22275,[392]
22276,[152]
22277,[51]
22278,[40]
22279,[44]
22280,[169]
22281,[33]
22282,[102]
22283,[117]
22284,[292]
22285,[26]
22286,[233]
22287,[157]
22288,[268]
22289,[21]
22290,[45]
22291,[66]
22292,[419]
22293,[329]
22294,[50]
22295,[4]
22296,[21]
22297,[79]
22298,[193]
22299,[239]
22300,[374]
22301,[399]
22302,[108]
22303,[63]
22304,[71]
22305,[41]
22306,[246]
22307,[271]
22308,[49]
22309,[228]
22310,[142]
22311,[157]
22312,[195]
22313,[145]
22314,[192]
22315,[40]
22316,[311]
22317,[50]
22318,[73]
22319,[16]
22320,[73]
22321,[73]
22322,[369]
22323,[235]
22324,[13]
22325,[247]
22326,[118]
22327,[40]
22328,[21]
22329,[215]
22330,[129]
22331,[130]
22332,[344]
22333,[74]
22334,[21]
22335,[118]
22336,[16]
22337,[355]
22338,[142]
22339,[185]
22340,[356]
22341,[275]
22342,[160]
22343,[66]
22344,[9]
22345,[214]
22346,[167]
22347,[274]
22348,[148]
22349,[42]
22350,[292]
22351,[42]
22352,[344]
22353,[99]
22354,[40]
22355,[153]
22356,[273]
22357,[471]
22358,[74]
22359,[89]
22360,[148]
22361,[127]
22362,[389]
22363,[400]
22364,[161]
22365,[123]
22366,[84]
22367,[89]
22368,[376]
22369,[179]
22370,[188]
22371,[21]
22372,[142]
22373,[140]
22374,[50]
22375,[275]
22376,[104]
22377,[274]
22378,[461]
22379,[105]
22380,[24]
22381,[193]
22382,[414]
22383,[21]
22384,[55]
22385,[31]
22386,[381]
22387,[9]
22388,[188]
22389,[9]
22390,[291]
22391,[143]
22392,[79]
22393,[117]
22394,[213]
22395,[74]
22396,[70]
22397,[215]
22398,[161]
22399,[168]
22400,[277]
22401,[44]
22402,[273]
22403,[242]
22404,[359]
22405,[166]
22406,[170]
22407,[47]
22408,[216]
22409,[293]
22410,[89]
22411,[114]
22412,[280]
22413,[359]
22414,[117]
22415,[233]
22416,[285]
22417,[215]
22418,[268]
22419,[27]
22420,[352]
22421,[167]
22422,[98]
22423,[369]
22424,[277]
22425,[139]
22426,[361]
22427,[408]
22428,[104]
22429,[79]
22430,[395]
22431,[118]
22432,[170]
22433,[73]
22434,[143]
22435,[83]
22436,[397]
22437,[74]
22438,[82]
22439,[151]
22440,[132]
22441,[338]
22442,[72]
22443,[123]
22444,[195]
22445,[142]
22446,[215]
22447,[194]
22448,[57]
22449,[424]
22450,[63]
22451,[111]
22452,[83]
22453,[79]
22454,[253]
22455,[159]
22456,[361]
22457,[13]
22458,[241]
22459,[154]
22460,[73]
22461,[292]
22462,[118]
22463,[274]
22464,[13]
22465,[290]
22466,[315]
22467,[369]
22468,[376]
22469,[79]
22470,[160]
22471,[381]
22472,[359]
22473,[181]
22474,[193]
22475,[247]
22476,[68]
22477,[74]
22478,[197]
22479,[34]
22480,[241]
22481,[435]
22482,[163]
22483,[417]
22484,[327]
22485,[359]
22486,[108]
22487,[153]
22488,[153]
22489,[21]
22490,[269]
22491,[79]
22492,[228]
22493,[138]
22494,[90]
22495,[179]
22496,[143]
22497,[363]
22498,[118]
22499,[47]
22500,[68]
22501,[35]
22502,[50]
22503,[64]
22504,[290]
22505,[142]
22506,[238]
22507,[214]
22508,[110]
22509,[48]
22510,[118]
22511,[190]
22512,[417]
22513,[272]
22514,[394]
22515,[103]
22516,[295]
22517,[239]
22518,[214]
22519,[9]
22520,[90]
22521,[235]
22522,[6]
22523,[197]
22524,[101]
22525,[125]
22526,[291]
22527,[140]
22528,[148]
22529,[302]
22530,[434]
22531,[138]
22532,[79]
22533,[152]
22534,[457]
22535,[21]
22536,[192]
22537,[211]
22538,[49]
22539,[136]
22540,[399]
22541,[37]
22542,[326]
22543,[105]
22544,[266]
22545,[66]
22546,[424]
22547,[44]
22548,[457]
22549,[118]
22550,[42]
22551,[173]
22552,[327]
22553,[148]
22554,[105]
22555,[353]
22556,[273]
22557,[168]
22558,[181]
22559,[148]
22560,[79]
22561,[473]
22562,[247]
22563,[74]
22564,[353]
22565,[344]
22566,[116]
22567,[381]
22568,[89]
22569,[180]
22570,[381]
22571,[331]
22572,[289]
22573,[73]
22574,[104]
22575,[36]
22576,[89]
22577,[214]
22578,[381]
22579,[45]
22580,[8]
22581,[13]
22582,[396]
22583,[200]
22584,[395]
22585,[116]
22586,[60]
22587,[64]
22588,[69]
22589,[280]
22590,[79]
22591,[142]
22592,[193]
22593,[90]
22594,[456]
22595,[49]
22596,[68]
22597,[9]
22598,[13]
22599,[78]
22600,[109]
22601,[71]
22602,[420]
22603,[166]
22604,[34]
22605,[280]
22606,[173]
22607,[90]
22608,[317]
22609,[45]
22610,[161]
22611,[268]
22612,[89]
22613,[331]
22614,[13]
22615,[104]
22616,[79]
22617,[466]
22618,[9]
22619,[214]
22620,[160]
22621,[209]
22622,[13]
22623,[154]
22624,[114]
22625,[471]
22626,[49]
22627,[202]
22628,[335]
22629,[138]
22630,[55]
22631,[74]
22632,[435]
22633,[179]
22634,[376]
22635,[42]
22636,[344]
22637,[45]
22638,[116]
22639,[79]
22640,[161]
22641,[79]
22642,[152]
22643,[89]
22644,[172]
22645,[409]
22646,[73]
22647,[79]
22648,[425]
22649,[40]
22650,[44]
22651,[13]
22652,[68]
22653,[383]
22654,[414]
22655,[50]
22656,[79]
22657,[60]
22658,[42]
22659,[127]
22660,[81]
22661,[196]
22662,[325]
22663,[18]
22664,[278]
22665,[44]
22666,[65]
22667,[16]
22668,[6]
22669,[188]
22670,[139]
22671,[274]
22672,[123]
22673,[400]
22674,[160]
22675,[63]
22676,[44]
22677,[236]
22678,[268]
22679,[219]
22680,[170]
22681,[104]
22682,[277]
22683,[457]
22684,[45]
22685,[114]
22686,[473]
22687,[293]
22688,[297]
22689,[132]
22690,[197]
22691,[35]
22692,[262]
22693,[104]
22694,[42]
22695,[118]
22696,[90]
22697,[13]
22698,[104]
22699,[34]
22700,[19]
22701,[238]
22702,[107]
22703,[369]
22704,[13]
22705,[251]
22706,[130]
22707,[76]
22708,[98]
22709,[14]
22710,[246]
22711,[160]
22712,[18]
22713,[111]
22714,[359]
22715,[107]
22716,[123]
22717,[90]
22718,[13]
22719,[213]
22720,[462]
22721,[79]
22722,[376]
22723,[352]
22724,[159]
22725,[74]
22726,[359]
22727,[34]
22728,[418]
22729,[149]
22730,[290]
22731,[290]
22732,[16]
22733,[89]
22734,[6]
22735,[105]
22736,[427]
22737,[105]
22738,[268]
22739,[408]
22740,[35]
22741,[104]
22742,[213]
22743,[66]
22744,[50]
22745,[461]
22746,[424]
22747,[21]
22748,[89]
22749,[9]
22750,[79]
22751,[42]
22752,[432]
22753,[401]
22754,[262]
22755,[270]
22756,[366]
22757,[132]
22758,[331]
22759,[213]
22760,[80]
22761,[455]
22762,[369]
22763,[90]
22764,[104]
22765,[105]
22766,[9]
22767,[40]
22768,[9]
22769,[277]
22770,[255]
22771,[188]
22772,[228]
22773,[266]
22774,[413]
22775,[49]
22776,[325]
22777,[114]
22778,[12]
22779,[151]
22780,[167]
22781,[146]
22782,[466]
22783,[295]
22784,[117]
22785,[169]
22786,[15]
22787,[213]
22788,[146]
22789,[76]
22790,[437]
22791,[451]
22792,[354]
22793,[52]
22794,[398]
22795,[6]
22796,[273]
22797,[55]
22798,[301]
22799,[8]
22800,[41]
22801,[48]
22802,[110]
22803,[157]
22804,[79]
22805,[42]
22806,[408]
22807,[53]
22808,[115]
22809,[21]
22810,[193]
22811,[291]
22812,[37]
22813,[139]
22814,[74]
22815,[42]
22816,[16]
22817,[173]
22818,[267]
22819,[297]
22820,[75]
22821,[4]
22822,[459]
22823,[238]
22824,[92]
22825,[3]
22826,[376]
22827,[79]
22828,[21]
22829,[260]
22830,[247]
22831,[42]
22832,[159]
22833,[180]
22834,[34]
22835,[44]
22836,[45]
22837,[13]
22838,[147]
22839,[374]
22840,[130]
22841,[461]
22842,[205]
22843,[79]
22844,[121]
22845,[193]
22846,[359]
22847,[172]
22848,[170]
22849,[389]
22850,[76]
22851,[277]
22852,[325]
22853,[463]
22854,[89]
22855,[159]
22856,[9]
22857,[89]
22858,[383]
22859,[80]
22860,[188]
22861,[39]
22862,[42]
22863,[16]
22864,[233]
22865,[160]
22866,[78]
22867,[149]
22868,[108]
22869,[15]
22870,[384]
22871,[45]
22872,[159]
22873,[41]
22874,[56]
22875,[233]
22876,[215]
22877,[13]
22878,[9]
22879,[235]
22880,[35]
22881,[198]
22882,[193]
22883,[104]
22884,[290]
22885,[242]
22886,[61]
22887,[96]
22888,[152]
22889,[79]
22890,[238]
22891,[225]
22892,[293]
22893,[152]
22894,[359]
22895,[75]
22896,[6]
22897,[160]
22898,[79]
22899,[277]
22900,[319]
22901,[457]
22902,[76]
22903,[239]
22904,[45]
22905,[432]
22906,[74]
22907,[242]
22908,[291]
22909,[356]
22910,[275]
22911,[172]
22912,[319]
22913,[106]
22914,[433]
22915,[40]
22916,[167]
22917,[79]
22918,[40]
22919,[108]
22920,[104]
22921,[121]
22922,[255]
22923,[175]
22924,[104]
22925,[70]
22926,[16]
22927,[241]
22928,[357]
22929,[425]
22930,[74]
22931,[411]
22932,[44]
22933,[105]
22934,[42]
22935,[49]
22936,[13]
22937,[24]
22938,[101]
22939,[114]
22940,[167]
22941,[192]
22942,[13]
22943,[97]
22944,[72]
22945,[247]
22946,[83]
22947,[44]
22948,[3]
22949,[476]
22950,[213]
22951,[23]
22952,[79]
22953,[153]
22954,[23]
22955,[60]
22956,[401]
22957,[127]
22958,[247]
22959,[79]
22960,[44]
22961,[297]
22962,[212]
22963,[180]
22964,[50]
22965,[79]
22966,[103]
22967,[89]
22968,[1]
22969,[5]
22970,[25]
22971,[132]
22972,[98]
22973,[32]
22974,[153]
22975,[193]
22976,[116]
22977,[280]
22978,[211]
22979,[44]
22980,[19]
22981,[234]
22982,[118]
22983,[9]
22984,[44]
22985,[3]
22986,[104]
22987,[61]
22988,[138]
22989,[153]
22990,[440]
22991,[89]
22992,[476]
22993,[343]
22994,[21]
22995,[191]
22996,[104]
22997,[79]
22998,[90]
22999,[351]
23000,[165]
23001,[214]
23002,[470]
23003,[143]
23004,[394]
23005,[42]
23006,[82]
23007,[73]
23008,[160]
23009,[61]
23010,[438]
23011,[242]
23012,[277]
23013,[325]
23014,[79]
23015,[277]
23016,[448]
23017,[357]
23018,[4]
23019,[157]
23020,[49]
23021,[273]
23022,[79]
23023,[152]
23024,[65]
23025,[45]
23026,[214]
23027,[71]
23028,[107]
23029,[165]
23030,[45]
23031,[291]
23032,[277]
23033,[152]
23034,[233]
23035,[118]
23036,[21]
23037,[73]
23038,[18]
23039,[221]
23040,[361]
23041,[158]
23042,[408]
23043,[247]
23044,[299]
23045,[108]
23046,[213]
23047,[473]
23048,[79]
23049,[68]
23050,[383]
23051,[111]
23052,[189]
23053,[243]
23054,[42]
23055,[190]
23056,[68]
23057,[109]
23058,[154]
23059,[383]
23060,[471]
23061,[74]
23062,[105]
23063,[152]
23064,[351]
23065,[359]
23066,[9]
23067,[20]
23068,[457]
23069,[380]
23070,[96]
23071,[104]
23072,[47]
23073,[55]
23074,[280]
23075,[88]
23076,[48]
23077,[366]
23078,[45]
23079,[416]
23080,[59]
23081,[135]
23082,[35]
23083,[107]
23084,[47]
23085,[160]
23086,[91]
23087,[79]
23088,[152]
23089,[120]
23090,[211]
23091,[465]
23092,[242]
23093,[369]
23094,[21]
23095,[277]
23096,[102]
23097,[122]
23098,[13]
23099,[45]
23100,[8]
23101,[386]
23102,[297]
23103,[140]
23104,[73]
23105,[118]
23106,[247]
23107,[48]
23108,[49]
23109,[6]
23110,[383]
23111,[188]
23112,[456]
23113,[155]
23114,[16]
23115,[84]
23116,[40]
23117,[147]
23118,[291]
23119,[55]
23120,[197]
23121,[359]
23122,[40]
23123,[9]
23124,[142]
23125,[432]
23126,[172]
23127,[215]
23128,[13]
23129,[76]
23130,[214]
23131,[8]
23132,[131]
23133,[50]
23134,[21]
23135,[243]
23136,[277]
23137,[98]
23138,[367]
23139,[472]
23140,[166]
23141,[233]
23142,[264]
23143,[450]
23144,[111]
23145,[6]
23146,[79]
23147,[89]
23148,[148]
23149,[9]
23150,[150]
23151,[152]
23152,[216]
23153,[79]
23154,[295]
23155,[215]
23156,[357]
23157,[451]
23158,[233]
23159,[79]
23160,[452]
23161,[50]
23162,[171]
23163,[152]
23164,[35]
23165,[273]
23166,[105]
23167,[85]
23168,[66]
23169,[90]
23170,[153]
23171,[317]
23172,[275]
23173,[160]
23174,[21]
23175,[63]
23176,[44]
23177,[182]
23178,[181]
23179,[21]
23180,[49]
23181,[273]
23182,[7]
23183,[274]
23184,[21]
23185,[9]
23186,[14]
23187,[76]
23188,[369]
23189,[13]
23190,[106]
23191,[84]
23192,[118]
23193,[9]
23194,[44]
23195,[143]
23196,[242]
23197,[158]
23198,[44]
23199,[117]
23200,[104]
23201,[6]
23202,[114]
23203,[359]
23204,[58]
23205,[448]
23206,[117]
23207,[116]
23208,[14]
23209,[160]
23210,[64]
23211,[34]
23212,[12]
23213,[216]
23214,[259]
23215,[344]
23216,[42]
23217,[357]
23218,[13]
23219,[417]
23220,[79]
23221,[104]
23222,[9]
23223,[124]
23224,[21]
23225,[277]
23226,[451]
23227,[20]
23228,[79]
23229,[229]
23230,[281]
23231,[66]
23232,[113]
23233,[30]
23234,[130]
23235,[356]
23236,[116]
23237,[325]
23238,[8]
23239,[16]
23240,[412]
23241,[23]
23242,[154]
23243,[211]
23244,[195]
23245,[17]
23246,[47]
23247,[8]
23248,[42]
23249,[284]
23250,[123]
23251,[461]
23252,[415]
23253,[55]
23254,[44]
23255,[248]
23256,[148]
23257,[47]
23258,[374]
23259,[173]
23260,[216]
23261,[42]
23262,[168]
23263,[79]
23264,[105]
23265,[106]
23266,[233]
23267,[272]
23268,[438]
23269,[275]
23270,[233]
23271,[128]
23272,[33]
23273,[49]
23274,[42]
23275,[369]
23276,[158]
23277,[60]
23278,[36]
23279,[207]
23280,[359]
23281,[152]
23282,[39]
23283,[63]
23284,[214]
23285,[41]
23286,[359]
23287,[154]
23288,[92]
23289,[410]
23290,[277]
23291,[40]
23292,[215]
23293,[198]
23294,[233]
23295,[50]
23296,[357]
23297,[48]
23298,[89]
23299,[464]
23300,[84]
23301,[77]
23302,[318]
23303,[8]
23304,[344]
23305,[45]
23306,[274]
23307,[55]
23308,[34]
23309,[75]
23310,[31]
23311,[79]
23312,[60]
23313,[44]
23314,[165]
23315,[425]
23316,[68]
23317,[21]
23318,[451]
23319,[36]
23320,[418]
23321,[150]
23322,[13]
23323,[9]
23324,[19]
23325,[438]
23326,[140]
23327,[77]
23328,[383]
23329,[386]
23330,[121]
23331,[374]
23332,[388]
23333,[68]
23334,[269]
23335,[153]
23336,[165]
23337,[6]
23338,[104]
23339,[73]
23340,[176]
23341,[13]
23342,[457]
23343,[13]
23344,[4]
23345,[89]
23346,[83]
23347,[110]
23348,[428]
23349,[6]
23350,[42]
23351,[117]
23352,[385]
23353,[79]
23354,[376]
23355,[235]
23356,[240]
23357,[68]
23358,[374]
23359,[104]
23360,[3]
23361,[71]
23362,[39]
23363,[131]
23364,[89]
23365,[198]
23366,[214]
23367,[3]
23368,[108]
23369,[2]
23370,[169]
23371,[331]
23372,[376]
23373,[66]
23374,[101]
23375,[114]
23376,[89]
23377,[15]
23378,[68]
23379,[272]
23380,[127]
23381,[48]
23382,[476]
23383,[152]
23384,[200]
23385,[262]
23386,[77]
23387,[246]
23388,[423]
23389,[79]
23390,[45]
23391,[277]
23392,[152]
23393,[266]
23394,[107]
23395,[392]
23396,[369]
23397,[381]
23398,[26]
23399,[400]
23400,[41]
23401,[185]
23402,[42]
23403,[40]
23404,[281]
23405,[473]
23406,[266]
23407,[73]
23408,[21]
23409,[150]
23410,[8]
23411,[90]
23412,[369]
23413,[110]
23414,[243]
23415,[48]
23416,[396]
23417,[243]
23418,[123]
23419,[108]
23420,[49]
23421,[359]
23422,[153]
23423,[153]
23424,[79]
23425,[48]
23426,[425]
23427,[142]
23428,[179]
23429,[160]
23430,[70]
23431,[301]
23432,[35]
23433,[42]
23434,[196]
23435,[92]
23436,[234]
23437,[439]
23438,[152]
23439,[13]
23440,[466]
23441,[297]
23442,[203]
23443,[370]
23444,[9]
23445,[260]
23446,[386]
23447,[193]
23448,[22]
23449,[68]
23450,[45]
23451,[148]
23452,[44]
23453,[359]
23454,[105]
23455,[9]
23456,[403]
23457,[104]
23458,[102]
23459,[386]
23460,[304]
23461,[33]
23462,[65]
23463,[42]
23464,[90]
23465,[248]
23466,[79]
23467,[266]
23468,[215]
23469,[423]
23470,[461]
23471,[21]
23472,[260]
23473,[215]
23474,[155]
23475,[42]
23476,[193]
23477,[79]
23478,[202]
23479,[158]
23480,[89]
23481,[1]
23482,[9]
23483,[138]
23484,[381]
23485,[14]
23486,[118]
23487,[9]
23488,[240]
23489,[159]
23490,[104]
23491,[293]
23492,[248]
23493,[474]
23494,[45]
23495,[366]
23496,[440]
23497,[181]
23498,[79]
23499,[90]
23500,[275]
23501,[141]
23502,[240]
23503,[106]
23504,[42]
23505,[152]
23506,[118]
23507,[275]
23508,[213]
23509,[381]
23510,[152]
23511,[412]
23512,[141]
23513,[79]
23514,[73]
23515,[77]
23516,[153]
23517,[275]
23518,[419]
23519,[117]
23520,[38]
23521,[471]
23522,[14]
23523,[44]
23524,[327]
23525,[44]
23526,[89]
23527,[238]
23528,[105]
23529,[327]
23530,[152]
23531,[79]
23532,[38]
23533,[89]
23534,[396]
23535,[215]
23536,[384]
23537,[107]
23538,[42]
23539,[117]
23540,[396]
23541,[273]
23542,[248]
23543,[68]
23544,[214]
23545,[13]
23546,[42]
23547,[451]
23548,[451]
23549,[385]
23550,[79]
23551,[369]
23552,[1]
23553,[97]
23554,[60]
23555,[24]
23556,[303]
23557,[34]
23558,[244]
23559,[165]
23560,[22]
23561,[66]
23562,[149]
23563,[180]
23564,[82]
23565,[435]
23566,[165]
23567,[233]
23568,[271]
23569,[79]
23570,[74]
23571,[118]
23572,[41]
23573,[398]
23574,[42]
23575,[127]
23576,[295]
23577,[114]
23578,[13]
23579,[90]
23580,[457]
23581,[188]
23582,[326]
23583,[79]
23584,[78]
23585,[364]
23586,[13]
23587,[377]
23588,[297]
23589,[66]
23590,[89]
23591,[392]
23592,[268]
23593,[376]
23594,[359]
23595,[355]
23596,[89]
23597,[336]
23598,[75]
23599,[403]
23600,[351]
23601,[213]
23602,[66]
23603,[234]
23604,[253]
23605,[114]
23606,[165]
23607,[42]
23608,[170]
23609,[286]
23610,[93]
23611,[128]
23612,[160]
23613,[117]
23614,[270]
23615,[357]
23616,[48]
23617,[457]
23618,[170]
23619,[473]
23620,[44]
23621,[63]
23622,[392]
23623,[104]
23624,[383]
23625,[408]
23626,[9]
23627,[325]
23628,[79]
23629,[475]
23630,[101]
23631,[79]
23632,[292]
23633,[327]
23634,[146]
23635,[172]
23636,[21]
23637,[136]
23638,[461]
23639,[136]
23640,[197]
23641,[355]
23642,[170]
23643,[79]
23644,[52]
23645,[138]
23646,[161]
23647,[223]
23648,[215]
23649,[415]
23650,[128]
23651,[448]
23652,[6]
23653,[42]
23654,[111]
23655,[48]
23656,[213]
23657,[277]
23658,[297]
23659,[118]
23660,[409]
23661,[386]
23662,[98]
23663,[216]
23664,[40]
23665,[283]
23666,[376]
23667,[114]
23668,[4]
23669,[222]
23670,[45]
23671,[434]
23672,[386]
23673,[13]
23674,[105]
23675,[423]
23676,[158]
23677,[381]
23678,[149]
23679,[104]
23680,[9]
23681,[363]
23682,[13]
23683,[390]
23684,[75]
23685,[79]
23686,[105]
23687,[141]
23688,[238]
23689,[13]
23690,[106]
23691,[148]
23692,[68]
23693,[45]
23694,[149]
23695,[273]
23696,[45]
23697,[423]
23698,[369]
23699,[471]
23700,[107]
23701,[70]
23702,[88]
23703,[106]
23704,[90]
23705,[46]
23706,[181]
23707,[472]
23708,[196]
23709,[55]
23710,[165]
23711,[191]
23712,[275]
23713,[242]
23714,[108]
23715,[303]
23716,[194]
23717,[79]
23718,[228]
23719,[60]
23720,[165]
23721,[64]
23722,[364]
23723,[251]
23724,[71]
23725,[273]
23726,[117]
23727,[104]
23728,[196]
23729,[273]
23730,[359]
23731,[438]
23732,[9]
23733,[457]
23734,[20]
23735,[359]
23736,[215]
23737,[394]
23738,[369]
23739,[181]
23740,[376]
23741,[79]
23742,[298]
23743,[50]
23744,[45]
23745,[79]
23746,[189]
23747,[64]
23748,[325]
23749,[26]
23750,[79]
23751,[462]
23752,[228]
23753,[153]
23754,[4]
23755,[64]
23756,[401]
23757,[111]
23758,[13]
23759,[344]
23760,[138]
23761,[79]
23762,[211]
23763,[197]
23764,[438]
23765,[44]
23766,[3]
23767,[275]
23768,[9]
23769,[168]
23770,[39]
23771,[274]
23772,[142]
23773,[246]
23774,[111]
23775,[467]
23776,[356]
23777,[117]
23778,[107]
23779,[9]
23780,[42]
23781,[438]
23782,[98]
23783,[471]
23784,[107]
23785,[197]
23786,[357]
23787,[88]
23788,[267]
23789,[359]
23790,[377]
23791,[44]
23792,[140]
23793,[270]
23794,[161]
23795,[98]
23796,[76]
23797,[451]
23798,[160]
23799,[474]
23800,[366]
23801,[447]
23802,[402]
23803,[214]
23804,[275]
23805,[233]
23806,[171]
23807,[109]
23808,[58]
23809,[197]
23810,[170]
23811,[116]
23812,[115]
23813,[171]
23814,[45]
23815,[89]
23816,[417]
23817,[6]
23818,[101]
23819,[131]
23820,[13]
23821,[418]
23822,[79]
23823,[148]
23824,[315]
23825,[281]
23826,[104]
23827,[90]
23828,[243]
23829,[69]
23830,[386]
23831,[41]
23832,[152]
23833,[215]
23834,[79]
23835,[42]
23836,[32]
23837,[222]
23838,[89]
23839,[83]
23840,[408]
23841,[50]
23842,[253]
23843,[68]
23844,[37]
23845,[42]
23846,[111]
23847,[152]
23848,[139]
23849,[42]
23850,[400]
23851,[233]
23852,[275]
23853,[158]
23854,[39]
23855,[475]
23856,[14]
23857,[193]
23858,[29]
23859,[79]
23860,[121]
23861,[435]
23862,[44]
23863,[36]
23864,[392]
23865,[383]
23866,[20]
23867,[165]
23868,[26]
23869,[146]
23870,[369]
23871,[233]
23872,[161]
23873,[64]
23874,[59]
23875,[79]
23876,[169]
23877,[89]
23878,[160]
23879,[462]
23880,[266]
23881,[118]
23882,[381]
23883,[370]
23884,[290]
23885,[79]
23886,[235]
23887,[34]
23888,[182]
23889,[33]
23890,[238]
23891,[267]
23892,[374]
23893,[126]
23894,[45]
23895,[104]
23896,[79]
23897,[440]
23898,[13]
23899,[106]
23900,[13]
23901,[307]
23902,[290]
23903,[64]
23904,[154]
23905,[293]
23906,[185]
23907,[358]
23908,[423]
23909,[45]
23910,[84]
23911,[304]
23912,[68]
23913,[50]
23914,[110]
23915,[9]
23916,[26]
23917,[274]
23918,[425]
23919,[66]
23920,[427]
23921,[461]
23922,[190]
23923,[274]
23924,[138]
23925,[161]
23926,[173]
23927,[89]
23928,[369]
23929,[185]
23930,[360]
23931,[50]
23932,[76]
23933,[471]
23934,[357]
23935,[77]
23936,[44]
23937,[103]
23938,[389]
23939,[242]
23940,[273]
23941,[398]
23942,[438]
23943,[9]
23944,[40]
23945,[117]
23946,[117]
23947,[380]
23948,[105]
23949,[21]
23950,[215]
23951,[13]
23952,[193]
23953,[142]
23954,[108]
23955,[66]
23956,[194]
23957,[423]
23958,[80]
23959,[325]
23960,[79]
23961,[452]
23962,[118]
23963,[374]
23964,[79]
23965,[39]
23966,[89]
23967,[450]
23968,[139]
23969,[291]
23970,[242]
23971,[104]
23972,[381]
23973,[214]
23974,[104]
23975,[124]
23976,[215]
23977,[354]
23978,[13]
23979,[185]
23980,[44]
23981,[42]
23982,[317]
23983,[79]
23984,[165]
23985,[167]
23986,[44]
23987,[105]
23988,[275]
23989,[18]
23990,[203]
23991,[233]
23992,[243]
23993,[76]
23994,[361]
23995,[345]
23996,[336]
23997,[49]
23998,[296]
23999,[367]
24000,[58]
24001,[13]
24002,[386]
24003,[10]
24004,[273]
24005,[165]
24006,[386]
24007,[79]
24008,[359]
24009,[229]
24010,[376]
24011,[290]
24012,[171]
24013,[170]
24014,[273]
24015,[163]
24016,[78]
24017,[381]
24018,[439]
24019,[384]
24020,[400]
24021,[161]
24022,[21]
24023,[299]
24024,[142]
24025,[55]
24026,[247]
24027,[260]
24028,[84]
24029,[6]
24030,[13]
24031,[116]
24032,[376]
24033,[211]
24034,[101]
24035,[293]
24036,[157]
24037,[239]
24038,[185]
24039,[27]
24040,[160]
24041,[239]
24042,[355]
24043,[253]
24044,[40]
24045,[303]
24046,[381]
24047,[299]
24048,[156]
24049,[89]
24050,[9]
24051,[50]
24052,[195]
24053,[168]
24054,[383]
24055,[338]
24056,[410]
24057,[104]
24058,[13]
24059,[461]
24060,[159]
24061,[361]
24062,[216]
24063,[230]
24064,[369]
24065,[73]
24066,[83]
24067,[98]
24068,[56]
24069,[290]
24070,[367]
24071,[27]
24072,[399]
24073,[13]
24074,[359]
24075,[85]
24076,[301]
24077,[22]
24078,[66]
24079,[48]
24080,[241]
24081,[45]
24082,[143]
24083,[247]
24084,[361]
24085,[49]
24086,[7]
24087,[1]
24088,[149]
24089,[281]
24090,[118]
24091,[136]
24092,[42]
24093,[376]
24094,[107]
24095,[390]
24096,[85]
24097,[461]
24098,[44]
24099,[383]
24100,[160]
24101,[200]
24102,[435]
24103,[317]
24104,[50]
24105,[392]
24106,[428]
24107,[324]
24108,[44]
24109,[101]
24110,[297]
24111,[450]
24112,[389]
24113,[211]
24114,[48]
24115,[297]
24116,[471]
24117,[393]
24118,[21]
24119,[156]
24120,[158]
24121,[44]
24122,[45]
24123,[89]
24124,[143]
24125,[291]
24126,[376]
24127,[43]
24128,[79]
24129,[42]
24130,[116]
24131,[160]
24132,[13]
24133,[288]
24134,[381]
24135,[105]
24136,[89]
24137,[79]
24138,[44]
24139,[117]
24140,[68]
24141,[76]
24142,[471]
24143,[105]
24144,[55]
24145,[98]
24146,[197]
24147,[105]
24148,[85]
24149,[188]
24150,[9]
24151,[239]
24152,[153]
24153,[152]
24154,[213]
24155,[123]
24156,[42]
24157,[220]
24158,[369]
24159,[76]
24160,[153]
24161,[384]
24162,[12]
24163,[64]
24164,[180]
24165,[105]
24166,[239]
24167,[275]
24168,[21]
24169,[13]
24170,[140]
24171,[117]
24172,[197]
24173,[68]
24174,[44]
24175,[331]
24176,[189]
24177,[381]
24178,[45]
24179,[12]
24180,[376]
24181,[118]
24182,[79]
24183,[262]
24184,[394]
24185,[150]
24186,[86]
24187,[374]
24188,[380]
24189,[9]
24190,[186]
24191,[225]
24192,[273]
24193,[302]
24194,[90]
24195,[33]
24196,[153]
24197,[92]
24198,[239]
24199,[79]
24200,[452]
24201,[386]
24202,[42]
24203,[277]
24204,[66]
24205,[31]
24206,[14]
24207,[111]
24208,[79]
24209,[188]
24210,[110]
24211,[61]
24212,[21]
24213,[369]
24214,[22]
24215,[104]
24216,[73]
24217,[52]
24218,[211]
24219,[277]
24220,[386]
24221,[161]
24222,[48]
24223,[16]
24224,[331]
24225,[381]
24226,[153]
24227,[79]
24228,[45]
24229,[40]
24230,[131]
24231,[93]
24232,[111]
24233,[425]
24234,[101]
24235,[297]
24236,[167]
24237,[82]
24238,[149]
24239,[317]
24240,[104]
24241,[71]
24242,[138]
24243,[79]
24244,[44]
24245,[354]
24246,[262]
24247,[214]
24248,[418]
24249,[461]
24250,[108]
24251,[9]
24252,[474]
24253,[376]
24254,[9]
24255,[233]
24256,[4]
24257,[207]
24258,[161]
24259,[177]
24260,[104]
24261,[8]
24262,[233]
24263,[42]
24264,[92]
24265,[299]
24266,[58]
24267,[439]
24268,[374]
24269,[446]
24270,[89]
24271,[13]
24272,[78]
24273,[1]
24274,[103]
24275,[172]
24276,[225]
24277,[138]
24278,[184]
24279,[107]
24280,[79]
24281,[40]
24282,[44]
24283,[189]
24284,[213]
24285,[198]
24286,[160]
24287,[122]
24288,[21]
24289,[13]
24290,[50]
24291,[79]
24292,[45]
24293,[125]
24294,[435]
24295,[74]
24296,[413]
24297,[233]
24298,[85]
24299,[85]
24300,[68]
24301,[274]
24302,[148]
24303,[452]
24304,[48]
24305,[207]
24306,[322]
24307,[476]
24308,[325]
24309,[435]
24310,[361]
24311,[108]
24312,[66]
24313,[139]
24314,[473]
24315,[136]
24316,[411]
24317,[221]
24318,[44]
24319,[357]
24320,[101]
24321,[7]
24322,[255]
24323,[273]
24324,[167]
24325,[27]
24326,[262]
24327,[117]
24328,[297]
24329,[69]
24330,[253]
24331,[231]
24332,[101]
24333,[153]
24334,[172]
24335,[286]
24336,[89]
24337,[79]
24338,[361]
24339,[76]
24340,[108]
24341,[45]
24342,[71]
24343,[475]
24344,[293]
24345,[30]
24346,[350]
24347,[304]
24348,[19]
24349,[317]
24350,[170]
24351,[89]
24352,[229]
24353,[3]
24354,[47]
24355,[13]
24356,[394]
24357,[48]
24358,[153]
24359,[214]
24360,[113]
24361,[111]
24362,[215]
24363,[376]
24364,[8]
24365,[114]
24366,[277]
24367,[83]
24368,[105]
24369,[95]
24370,[25]
24371,[236]
24372,[182]
24373,[234]
24374,[377]
24375,[27]
24376,[50]
24377,[233]
24378,[152]
24379,[44]
24380,[21]
24381,[149]
24382,[97]
24383,[79]
24384,[143]
24385,[71]
24386,[55]
24387,[354]
24388,[277]
24389,[148]
24390,[90]
24391,[425]
24392,[141]
24393,[79]
24394,[8]
24395,[161]
24396,[13]
24397,[121]
24398,[196]
24399,[465]
24400,[418]
24401,[58]
24402,[42]
24403,[427]
24404,[150]
24405,[70]
24406,[79]
24407,[286]
24408,[85]
24409,[79]
24410,[277]
24411,[105]
24412,[64]
24413,[40]
24414,[381]
24415,[236]
24416,[275]
24417,[239]
24418,[359]
24419,[89]
24420,[207]
24421,[381]
24422,[42]
24423,[42]
24424,[79]
24425,[169]
24426,[433]
24427,[79]
24428,[8]
24429,[148]
24430,[15]
24431,[247]
24432,[198]
24433,[258]
24434,[66]
24435,[461]
24436,[181]
24437,[153]
24438,[118]
24439,[42]
24440,[206]
24441,[15]
24442,[400]
24443,[34]
24444,[118]
24445,[160]
24446,[353]
24447,[107]
24448,[13]
24449,[79]
24450,[104]
24451,[49]
24452,[148]
24453,[321]
24454,[389]
24455,[71]
24456,[108]
24457,[21]
24458,[341]
24459,[41]
24460,[77]
24461,[364]
24462,[233]
24463,[325]
24464,[454]
24465,[353]
24466,[79]
24467,[206]
24468,[273]
24469,[318]
24470,[90]
24471,[438]
24472,[105]
24473,[376]
24474,[374]
24475,[359]
24476,[9]
24477,[368]
24478,[29]
24479,[383]
24480,[416]
24481,[179]
24482,[83]
24483,[236]
24484,[78]
24485,[34]
24486,[172]
24487,[275]
24488,[12]
24489,[211]
24490,[20]
24491,[56]
24492,[186]
24493,[79]
24494,[79]
24495,[166]
24496,[24]
24497,[386]
24498,[41]
24499,[40]
24500,[196]
24501,[377]
24502,[101]
24503,[105]
24504,[446]
24505,[258]
24506,[85]
24507,[338]
24508,[381]
24509,[213]
24510,[234]
24511,[394]
24512,[44]
24513,[427]
24514,[359]
24515,[110]
24516,[317]
24517,[75]
24518,[383]
24519,[49]
24520,[21]
24521,[146]
24522,[89]
24523,[233]
24524,[44]
24525,[13]
24526,[49]
24527,[152]
24528,[61]
24529,[45]
24530,[346]
24531,[291]
24532,[377]
24533,[150]
24534,[359]
24535,[441]
24536,[109]
24537,[72]
24538,[215]
24539,[36]
24540,[71]
24541,[299]
24542,[172]
24543,[34]
24544,[13]
24545,[9]
24546,[408]
24547,[49]
24548,[351]
24549,[127]
24550,[354]
24551,[34]
24552,[123]
24553,[75]
24554,[68]
24555,[389]
24556,[90]
24557,[438]
24558,[25]
24559,[79]
24560,[119]
24561,[77]
24562,[44]
24563,[139]
24564,[369]
24565,[203]
24566,[328]
24567,[117]
24568,[113]
24569,[152]
24570,[48]
24571,[225]
24572,[383]
24573,[96]
24574,[118]
24575,[68]
24576,[353]
24577,[389]
24578,[40]
24579,[45]
24580,[153]
24581,[61]
24582,[31]
24583,[14]
24584,[153]
24585,[181]
24586,[473]
24587,[24]
24588,[153]
24589,[150]
24590,[44]
24591,[6]
24592,[381]
24593,[273]
24594,[42]
24595,[103]
24596,[21]
24597,[389]
24598,[42]
24599,[50]
24600,[211]
24601,[13]
24602,[1]
24603,[89]
24604,[181]
24605,[131]
24606,[296]
24607,[104]
24608,[26]
24609,[359]
24610,[410]
24611,[55]
24612,[105]
24613,[9]
24614,[195]
24615,[275]
24616,[203]
24617,[141]
24618,[116]
24619,[158]
24620,[89]
24621,[381]
24622,[105]
24623,[42]
24624,[12]
24625,[218]
24626,[42]
24627,[294]
24628,[101]
24629,[42]
24630,[367]
24631,[381]
24632,[148]
24633,[65]
24634,[68]
24635,[104]
24636,[277]
24637,[42]
24638,[258]
24639,[104]
24640,[68]
24641,[382]
24642,[181]
24643,[89]
24644,[104]
24645,[197]
24646,[114]
24647,[383]
24648,[70]
24649,[161]
24650,[369]
24651,[15]
24652,[58]
24653,[153]
24654,[156]
24655,[44]
24656,[457]
24657,[3]
24658,[90]
24659,[108]
24660,[104]
24661,[273]
24662,[281]
24663,[111]
24664,[311]
24665,[21]
24666,[104]
24667,[9]
24668,[15]
24669,[44]
24670,[45]
24671,[12]
24672,[13]
24673,[231]
24674,[8]
24675,[128]
24676,[118]
24677,[79]
24678,[152]
24679,[438]
24680,[86]
24681,[59]
24682,[193]
24683,[262]
24684,[9]
24685,[165]
24686,[72]
24687,[40]
24688,[104]
24689,[9]
24690,[154]
24691,[46]
24692,[76]
24693,[359]
24694,[55]
24695,[160]
24696,[131]
24697,[386]
24698,[156]
24699,[335]
24700,[42]
24701,[44]
24702,[243]
24703,[42]
24704,[373]
24705,[355]
24706,[80]
24707,[70]
24708,[335]
24709,[44]
24710,[374]
24711,[44]
24712,[238]
24713,[151]
24714,[438]
24715,[333]
24716,[331]
24717,[127]
24718,[251]
24719,[117]
24720,[359]
24721,[194]
24722,[139]
24723,[9]
24724,[59]
24725,[45]
24726,[160]
24727,[151]
24728,[84]
24729,[443]
24730,[9]
24731,[153]
24732,[413]
24733,[329]
24734,[9]
24735,[8]
24736,[68]
24737,[138]
24738,[215]
24739,[193]
24740,[160]
24741,[371]
24742,[160]
24743,[229]
24744,[44]
24745,[273]
24746,[299]
24747,[19]
24748,[236]
24749,[247]
24750,[104]
24751,[90]
24752,[223]
24753,[44]
24754,[349]
24755,[68]
24756,[68]
24757,[6]
24758,[108]
24759,[170]
24760,[153]
24761,[141]
24762,[213]
24763,[66]
24764,[355]
24765,[44]
24766,[337]
24767,[47]
24768,[100]
24769,[239]
24770,[79]
24771,[153]
24772,[328]
24773,[215]
24774,[13]
24775,[6]
24776,[198]
24777,[107]
24778,[277]
24779,[24]
24780,[319]
24781,[79]
24782,[184]
24783,[450]
24784,[33]
24785,[166]
24786,[383]
24787,[195]
24788,[369]
24789,[389]
24790,[273]
24791,[13]
24792,[294]
24793,[63]
24794,[243]
24795,[435]
24796,[8]
24797,[79]
24798,[235]
24799,[151]
24800,[68]
24801,[163]
24802,[9]
24803,[6]
24804,[416]
24805,[44]
24806,[117]
24807,[158]
24808,[451]
24809,[104]
24810,[271]
24811,[47]
24812,[291]
24813,[180]
24814,[159]
24815,[382]
24816,[381]
24817,[357]
24818,[89]
24819,[48]
24820,[251]
24821,[39]
24822,[116]
24823,[13]
24824,[127]
24825,[49]
24826,[408]
24827,[105]
24828,[105]
24829,[240]
24830,[89]
24831,[471]
24832,[89]
24833,[44]
24834,[64]
24835,[374]
24836,[79]
24837,[79]
24838,[435]
24839,[214]
24840,[130]
24841,[91]
24842,[322]
24843,[79]
24844,[177]
24845,[79]
24846,[60]
24847,[77]
24848,[72]
24849,[42]
24850,[21]
24851,[394]
24852,[299]
24853,[369]
24854,[359]
24855,[13]
24856,[107]
24857,[50]
24858,[107]
24859,[9]
24860,[359]
24861,[281]
24862,[165]
24863,[233]
24864,[181]
24865,[12]
24866,[359]
24867,[436]
24868,[218]
24869,[117]
24870,[277]
24871,[79]
24872,[42]
24873,[70]
24874,[83]
24875,[435]
24876,[79]
24877,[48]
24878,[326]
24879,[101]
24880,[110]
24881,[170]
24882,[69]
24883,[148]
24884,[374]
24885,[432]
24886,[86]
24887,[171]
24888,[148]
24889,[152]
24890,[180]
24891,[181]
24892,[334]
24893,[75]
24894,[108]
24895,[44]
24896,[273]
24897,[12]
24898,[76]
24899,[367]
24900,[248]
24901,[21]
24902,[260]
24903,[44]
24904,[108]
24905,[104]
24906,[42]
24907,[273]
24908,[105]
24909,[143]
24910,[105]
24911,[97]
24912,[426]
24913,[344]
24914,[34]
24915,[213]
24916,[9]
24917,[185]
24918,[49]
24919,[478]
24920,[89]
24921,[275]
24922,[188]
24923,[70]
24924,[114]
24925,[277]
24926,[235]
24927,[149]
24928,[116]
24929,[47]
24930,[13]
24931,[331]
24932,[255]
24933,[143]
24934,[116]
24935,[13]
24936,[293]
24937,[13]
24938,[90]
24939,[421]
24940,[24]
24941,[471]
24942,[114]
24943,[90]
24944,[126]
24945,[106]
24946,[366]
24947,[302]
24948,[45]
24949,[42]
24950,[215]
24951,[107]
24952,[253]
24953,[90]
24954,[273]
24955,[229]
24956,[79]
24957,[273]
24958,[117]
24959,[303]
24960,[149]
24961,[107]
24962,[71]
24963,[30]
24964,[395]
24965,[104]
24966,[108]
24967,[142]
24968,[357]
24969,[90]
24970,[178]
24971,[269]
24972,[471]
24973,[127]
24974,[451]
24975,[273]
24976,[188]
24977,[242]
24978,[104]
24979,[44]
24980,[104]
24981,[426]
24982,[262]
24983,[273]
24984,[90]
24985,[214]
24986,[255]
24987,[466]
24988,[39]
24989,[359]
24990,[471]
24991,[89]
24992,[273]
24993,[9]
24994,[124]
24995,[192]
24996,[16]
24997,[277]
24998,[144]
24999,[89]
25000,[194]
25001,[275]
25002,[241]
25003,[39]
25004,[60]
25005,[42]
25006,[66]
25007,[84]
25008,[75]
25009,[228]
25010,[423]
25011,[107]
25012,[187]
25013,[295]
25014,[45]
25015,[131]
25016,[242]
25017,[45]
25018,[435]
25019,[41]
25020,[44]
25021,[18]
25022,[292]
25023,[82]
25024,[417]
25025,[233]
25026,[89]
25027,[21]
25028,[42]
25029,[357]
25030,[35]
25031,[228]
25032,[14]
25033,[54]
25034,[66]
25035,[9]
25036,[214]
25037,[9]
25038,[373]
25039,[180]
25040,[359]
25041,[79]
25042,[50]
25043,[89]
25044,[44]
25045,[127]
25046,[214]
25047,[182]
25048,[408]
25049,[24]
25050,[282]
25051,[134]
25052,[13]
25053,[153]
25054,[112]
25055,[278]
25056,[277]
25057,[79]
25058,[249]
25059,[14]
25060,[303]
25061,[102]
25062,[206]
25063,[196]
25064,[181]
25065,[77]
25066,[68]
25067,[471]
25068,[152]
25069,[107]
25070,[266]
25071,[148]
25072,[357]
25073,[26]
25074,[222]
25075,[90]
25076,[153]
25077,[177]
25078,[59]
25079,[459]
25080,[161]
25081,[6]
25082,[55]
25083,[71]
25084,[114]
25085,[44]
25086,[50]
25087,[108]
25088,[207]
25089,[258]
25090,[6]
25091,[386]
25092,[188]
25093,[274]
25094,[247]
25095,[8]
25096,[420]
25097,[177]
25098,[192]
25099,[114]
25100,[50]
25101,[79]
25102,[118]
25103,[233]
25104,[114]
25105,[148]
25106,[113]
25107,[51]
25108,[243]
25109,[90]
25110,[42]
25111,[79]
25112,[303]
25113,[198]
25114,[383]
25115,[98]
25116,[47]
25117,[268]
25118,[376]
25119,[214]
25120,[435]
25121,[44]
25122,[194]
25123,[42]
25124,[24]
25125,[79]
25126,[116]
25127,[8]
25128,[215]
25129,[79]
25130,[22]
25131,[143]
25132,[41]
25133,[52]
25134,[445]
25135,[149]
25136,[6]
25137,[374]
25138,[273]
25139,[292]
25140,[341]
25141,[156]
25142,[295]
25143,[66]
25144,[101]
25145,[253]
25146,[366]
25147,[331]
25148,[296]
25149,[344]
25150,[470]
25151,[73]
25152,[408]
25153,[245]
25154,[79]
25155,[171]
25156,[219]
25157,[242]
25158,[103]
25159,[400]
25160,[165]
25161,[17]
25162,[24]
25163,[242]
25164,[285]
25165,[148]
25166,[58]
25167,[50]
25168,[401]
25169,[98]
25170,[39]
25171,[21]
25172,[404]
25173,[21]
25174,[21]
25175,[215]
25176,[79]
25177,[386]
25178,[79]
25179,[8]
25180,[471]
25181,[101]
25182,[269]
25183,[369]
25184,[153]
25185,[77]
25186,[79]
25187,[228]
25188,[301]
25189,[105]
25190,[71]
25191,[152]
25192,[235]
25193,[32]
25194,[457]
25195,[408]
25196,[14]
25197,[23]
25198,[406]
25199,[466]
25200,[34]
25201,[152]
25202,[5]
25203,[47]
25204,[89]
25205,[447]
25206,[34]
25207,[116]
25208,[165]
25209,[107]
25210,[111]
25211,[147]
25212,[79]
25213,[101]
25214,[400]
25215,[471]
25216,[90]
25217,[273]
25218,[79]
25219,[13]
25220,[316]
25221,[178]
25222,[13]
25223,[50]
25224,[421]
25225,[412]
25226,[74]
25227,[21]
25228,[296]
25229,[79]
25230,[79]
25231,[104]
25232,[101]
25233,[98]
25234,[233]
25235,[111]
25236,[297]
25237,[355]
25238,[118]
25239,[42]
25240,[45]
25241,[15]
25242,[79]
25243,[225]
25244,[241]
25245,[392]
25246,[79]
25247,[50]
25248,[26]
25249,[45]
25250,[157]
25251,[428]
25252,[49]
25253,[115]
25254,[198]
25255,[78]
25256,[50]
25257,[180]
25258,[9]
25259,[104]
25260,[232]
25261,[79]
25262,[104]
25263,[118]
25264,[3]
25265,[79]
25266,[165]
25267,[142]
25268,[136]
25269,[14]
25270,[153]
25271,[246]
25272,[89]
25273,[267]
25274,[27]
25275,[149]
25276,[117]
25277,[203]
25278,[79]
25279,[74]
25280,[319]
25281,[168]
25282,[26]
25283,[131]
25284,[211]
25285,[290]
25286,[105]
25287,[78]
25288,[42]
25289,[118]
25290,[273]
25291,[213]
25292,[406]
25293,[13]
25294,[360]
25295,[45]
25296,[83]
25297,[104]
25298,[105]
25299,[242]
25300,[299]
25301,[52]
25302,[471]
25303,[44]
25304,[238]
25305,[101]
25306,[79]
25307,[16]
25308,[9]
25309,[79]
25310,[148]
25311,[33]
25312,[394]
25313,[361]
25314,[31]
25315,[290]
25316,[326]
25317,[471]
25318,[273]
25319,[398]
25320,[101]
25321,[12]
25322,[104]
25323,[167]
25324,[89]
25325,[139]
25326,[295]
25327,[77]
25328,[440]
25329,[18]
25330,[357]
25331,[34]
25332,[66]
25333,[34]
25334,[278]
25335,[9]
25336,[75]
25337,[126]
25338,[329]
25339,[211]
25340,[63]
25341,[152]
25342,[45]
25343,[234]
25344,[253]
25345,[149]
25346,[400]
25347,[233]
25348,[233]
25349,[301]
25350,[61]
25351,[326]
25352,[459]
25353,[79]
25354,[18]
25355,[60]
25356,[96]
25357,[37]
25358,[326]
25359,[79]
25360,[432]
25361,[323]
25362,[117]
25363,[45]
25364,[103]
25365,[361]
25366,[380]
25367,[374]
25368,[238]
25369,[73]
25370,[327]
25371,[338]
25372,[376]
25373,[59]
25374,[3]
25375,[8]
25376,[71]
25377,[105]
25378,[105]
25379,[380]
25380,[101]
25381,[111]
25382,[392]
25383,[112]
25384,[77]
25385,[107]
25386,[117]
25387,[356]
25388,[49]
25389,[34]
25390,[193]
25391,[111]
25392,[8]
25393,[79]
25394,[147]
25395,[418]
25396,[90]
25397,[118]
25398,[89]
25399,[21]
25400,[369]
25401,[414]
25402,[273]
25403,[147]
25404,[440]
25405,[21]
25406,[357]
25407,[234]
25408,[70]
25409,[369]
25410,[44]
25411,[45]
25412,[448]
25413,[13]
25414,[76]
25415,[24]
25416,[44]
25417,[407]
25418,[86]
25419,[351]
25420,[121]
25421,[105]
25422,[317]
25423,[401]
25424,[16]
25425,[178]
25426,[118]
25427,[400]
25428,[364]
25429,[104]
25430,[42]
25431,[98]
25432,[331]
25433,[105]
25434,[15]
25435,[335]
25436,[198]
25437,[297]
25438,[90]
25439,[153]
25440,[188]
25441,[184]
25442,[150]
25443,[120]
25444,[79]
25445,[16]
25446,[192]
25447,[45]
25448,[12]
25449,[79]
25450,[165]
25451,[160]
25452,[213]
25453,[103]
25454,[117]
25455,[25]
25456,[219]
25457,[79]
25458,[400]
25459,[415]
25460,[79]
25461,[42]
25462,[33]
25463,[60]
25464,[55]
25465,[57]
25466,[341]
25467,[39]
25468,[214]
25469,[152]
25470,[13]
25471,[233]
25472,[83]
25473,[40]
25474,[21]
25475,[142]
25476,[290]
25477,[88]
25478,[380]
25479,[101]
25480,[351]
25481,[168]
25482,[50]
25483,[46]
25484,[105]
25485,[377]
25486,[142]
25487,[70]
25488,[118]
25489,[382]
25490,[233]
25491,[453]
25492,[22]
25493,[84]
25494,[400]
25495,[10]
25496,[57]
25497,[47]
25498,[408]
25499,[30]
25500,[138]
25501,[156]
25502,[193]
25503,[68]
25504,[42]
25505,[395]
25506,[148]
25507,[173]
25508,[455]
25509,[91]
25510,[466]
25511,[77]
25512,[24]
25513,[14]
25514,[90]
25515,[104]
25516,[89]
25517,[127]
25518,[353]
25519,[203]
25520,[141]
25521,[9]
25522,[117]
25523,[84]
25524,[121]
25525,[49]
25526,[13]
25527,[152]
25528,[303]
25529,[283]
25530,[75]
25531,[114]
25532,[359]
25533,[238]
25534,[70]
25535,[289]
25536,[63]
25537,[142]
25538,[39]
25539,[154]
25540,[89]
25541,[103]
25542,[83]
25543,[46]
25544,[241]
25545,[90]
25546,[77]
25547,[357]
25548,[105]
25549,[381]
25550,[141]
25551,[105]
25552,[198]
25553,[90]
25554,[75]
25555,[9]
25556,[112]
25557,[462]
25558,[72]
25559,[389]
25560,[223]
25561,[359]
25562,[138]
25563,[192]
25564,[359]
25565,[107]
25566,[213]
25567,[364]
25568,[138]
25569,[104]
25570,[21]
25571,[277]
25572,[39]
25573,[195]
25574,[101]
25575,[273]
25576,[21]
25577,[151]
25578,[101]
25579,[214]
25580,[76]
25581,[31]
25582,[270]
25583,[152]
25584,[107]
25585,[21]
25586,[117]
25587,[68]
25588,[247]
25589,[78]
25590,[39]
25591,[273]
25592,[270]
25593,[193]
25594,[50]
25595,[214]
25596,[295]
25597,[13]
25598,[50]
25599,[277]
25600,[359]
25601,[44]
25602,[66]
25603,[71]
25604,[93]
25605,[166]
25606,[107]
25607,[20]
25608,[136]
25609,[293]
25610,[373]
25611,[374]
25612,[21]
25613,[50]
25614,[24]
25615,[189]
25616,[79]
25617,[302]
25618,[214]
25619,[118]
25620,[49]
25621,[300]
25622,[156]
25623,[105]
25624,[154]
25625,[193]
25626,[55]
25627,[13]
25628,[122]
25629,[172]
25630,[169]
25631,[21]
25632,[293]
25633,[91]
25634,[172]
25635,[79]
25636,[142]
25637,[42]
25638,[370]
25639,[168]
25640,[38]
25641,[141]
25642,[222]
25643,[422]
25644,[84]
25645,[79]
25646,[108]
25647,[40]
25648,[359]
25649,[13]
25650,[9]
25651,[9]
25652,[398]
25653,[211]
25654,[34]
25655,[42]
25656,[391]
25657,[171]
25658,[116]
25659,[359]
25660,[60]
25661,[31]
25662,[374]
25663,[275]
25664,[235]
25665,[148]
25666,[172]
25667,[45]
25668,[85]
25669,[9]
25670,[68]
25671,[9]
25672,[89]
25673,[114]
25674,[233]
25675,[68]
25676,[97]
25677,[121]
25678,[215]
25679,[89]
25680,[42]
25681,[290]
25682,[117]
25683,[188]
25684,[13]
25685,[58]
25686,[383]
25687,[214]
25688,[326]
25689,[44]
25690,[234]
25691,[66]
25692,[196]
25693,[79]
25694,[452]
25695,[193]
25696,[230]
25697,[89]
25698,[18]
25699,[331]
25700,[165]
25701,[117]
25702,[111]
25703,[48]
25704,[297]
25705,[44]
25706,[24]
25707,[165]
25708,[181]
25709,[45]
25710,[301]
25711,[42]
25712,[423]
25713,[300]
25714,[124]
25715,[194]
25716,[114]
25717,[367]
25718,[396]
25719,[181]
25720,[152]
25721,[34]
25722,[299]
25723,[83]
25724,[42]
25725,[42]
25726,[305]
25727,[107]
25728,[45]
25729,[389]
25730,[42]
25731,[117]
25732,[79]
25733,[466]
25734,[277]
25735,[50]
25736,[268]
25737,[22]
25738,[166]
25739,[68]
25740,[381]
25741,[44]
25742,[233]
25743,[382]
25744,[161]
25745,[410]
25746,[52]
25747,[349]
25748,[171]
25749,[217]
25750,[439]
25751,[215]
25752,[42]
25753,[197]
25754,[233]
25755,[104]
25756,[275]
25757,[369]
25758,[462]
25759,[50]
25760,[27]
25761,[104]
25762,[29]
25763,[472]
25764,[310]
25765,[422]
25766,[79]
25767,[151]
25768,[196]
25769,[42]
25770,[63]
25771,[242]
25772,[300]
25773,[242]
25774,[49]
25775,[273]
25776,[299]
25777,[299]
25778,[261]
25779,[9]
25780,[148]
25781,[356]
25782,[85]
25783,[49]
25784,[130]
25785,[389]
25786,[42]
25787,[464]
25788,[8]
25789,[50]
25790,[142]
25791,[58]
25792,[215]
25793,[377]
25794,[23]
25795,[439]
25796,[148]
25797,[52]
25798,[89]
25799,[419]
25800,[471]
25801,[165]
25802,[293]
25803,[297]
25804,[78]
25805,[61]
25806,[447]
25807,[104]
25808,[21]
25809,[461]
25810,[246]
25811,[90]
25812,[331]
25813,[153]
25814,[167]
25815,[20]
25816,[73]
25817,[106]
25818,[243]
25819,[274]
25820,[73]
25821,[398]
25822,[265]
25823,[177]
25824,[400]
25825,[152]
25826,[234]
25827,[464]
25828,[127]
25829,[238]
25830,[50]
25831,[13]
25832,[21]
25833,[466]
25834,[340]
25835,[83]
25836,[357]
25837,[9]
25838,[89]
25839,[230]
25840,[9]
25841,[406]
25842,[211]
25843,[105]
25844,[77]
25845,[198]
25846,[369]
25847,[423]
25848,[181]
25849,[196]
25850,[68]
25851,[79]
25852,[273]
25853,[8]
25854,[116]
25855,[195]
25856,[24]
25857,[374]
25858,[42]
25859,[346]
25860,[376]
25861,[45]
25862,[79]
25863,[9]
25864,[13]
25865,[138]
25866,[359]
25867,[9]
25868,[27]
25869,[165]
25870,[63]
25871,[230]
25872,[104]
25873,[79]
25874,[148]
25875,[9]
25876,[54]
25877,[42]
25878,[44]
25879,[6]
25880,[270]
25881,[369]
25882,[104]
25883,[411]
25884,[274]
25885,[273]
25886,[166]
25887,[77]
25888,[104]
25889,[450]
25890,[16]
25891,[160]
25892,[273]
25893,[351]
25894,[408]
25895,[423]
25896,[79]
25897,[120]
25898,[435]
25899,[18]
25900,[123]
25901,[369]
25902,[101]
25903,[396]
25904,[160]
25905,[13]
25906,[308]
25907,[471]
25908,[234]
25909,[146]
25910,[9]
25911,[118]
25912,[104]
25913,[123]
25914,[105]
25915,[6]
25916,[185]
25917,[233]
25918,[213]
25919,[105]
25920,[293]
25921,[406]
25922,[300]
25923,[182]
25924,[13]
25925,[126]
25926,[42]
25927,[273]
25928,[273]
25929,[13]
25930,[359]
25931,[131]
25932,[90]
25933,[3]
25934,[70]
25935,[31]
25936,[381]
25937,[186]
25938,[170]
25939,[192]
25940,[357]
25941,[50]
25942,[277]
25943,[15]
25944,[122]
25945,[158]
25946,[242]
25947,[292]
25948,[383]
25949,[45]
25950,[359]
25951,[117]
25952,[116]
25953,[79]
25954,[116]
25955,[13]
25956,[461]
25957,[44]
25958,[148]
25959,[146]
25960,[395]
25961,[136]
25962,[117]
25963,[369]
25964,[16]
25965,[63]
25966,[471]
25967,[274]
25968,[270]
25969,[461]
25970,[44]
25971,[13]
25972,[161]
25973,[90]
25974,[9]
25975,[381]
25976,[233]
25977,[374]
25978,[381]
25979,[32]
25980,[218]
25981,[47]
25982,[214]
25983,[76]
25984,[79]
25985,[90]
25986,[118]
25987,[109]
25988,[349]
25989,[85]
25990,[79]
25991,[117]
25992,[49]
25993,[41]
25994,[19]
25995,[197]
25996,[435]
25997,[408]
25998,[390]
25999,[79]
26000,[47]
26001,[44]
26002,[262]
26003,[398]
26004,[54]
26005,[16]
26006,[79]
26007,[132]
26008,[21]
26009,[79]
26010,[78]
26011,[85]
26012,[75]
26013,[79]
26014,[153]
26015,[39]
26016,[104]
26017,[73]
26018,[435]
26019,[258]
26020,[42]
26021,[399]
26022,[328]
26023,[161]
26024,[151]
26025,[331]
26026,[112]
26027,[60]
26028,[9]
26029,[118]
26030,[45]
26031,[197]
26032,[475]
26033,[24]
26034,[33]
26035,[44]
26036,[170]
26037,[104]
26038,[357]
26039,[178]
26040,[91]
26041,[61]
26042,[439]
26043,[37]
26044,[69]
26045,[21]
26046,[192]
26047,[292]
26048,[421]
26049,[262]
26050,[121]
26051,[106]
26052,[89]
26053,[177]
26054,[381]
26055,[213]
26056,[76]
26057,[234]
26058,[170]
26059,[397]
26060,[21]
26061,[435]
26062,[50]
26063,[102]
26064,[140]
26065,[118]
26066,[66]
26067,[352]
26068,[234]
26069,[30]
26070,[90]
26071,[79]
26072,[217]
26073,[150]
26074,[455]
26075,[408]
26076,[422]
26077,[277]
26078,[44]
26079,[139]
26080,[105]
26081,[45]
26082,[52]
26083,[114]
26084,[103]
26085,[58]
26086,[105]
26087,[79]
26088,[255]
26089,[159]
26090,[374]
26091,[93]
26092,[297]
26093,[304]
26094,[433]
26095,[340]
26096,[63]
26097,[383]
26098,[211]
26099,[426]
26100,[424]
26101,[392]
26102,[49]
26103,[151]
26104,[279]
26105,[117]
26106,[152]
26107,[325]
26108,[331]
26109,[44]
26110,[21]
26111,[79]
26112,[145]
26113,[181]
26114,[105]
26115,[161]
26116,[52]
26117,[105]
26118,[34]
26119,[156]
26120,[39]
26121,[79]
26122,[374]
26123,[416]
26124,[49]
26125,[408]
26126,[105]
26127,[314]
26128,[274]
26129,[21]
26130,[153]
26131,[168]
26132,[42]
26133,[298]
26134,[79]
26135,[181]
26136,[42]
26137,[401]
26138,[49]
26139,[478]
26140,[90]
26141,[473]
26142,[117]
26143,[90]
26144,[238]
26145,[79]
26146,[75]
26147,[42]
26148,[416]
26149,[239]
26150,[44]
26151,[357]
26152,[111]
26153,[42]
26154,[161]
26155,[90]
26156,[3]
26157,[467]
26158,[9]
26159,[31]
26160,[63]
26161,[21]
26162,[418]
26163,[24]
26164,[138]
26165,[44]
26166,[90]
26167,[138]
26168,[165]
26169,[15]
26170,[118]
26171,[152]
26172,[175]
26173,[430]
26174,[49]
26175,[45]
26176,[215]
26177,[106]
26178,[142]
26179,[158]
26180,[55]
26181,[34]
26182,[158]
26183,[440]
26184,[9]
26185,[195]
26186,[357]
26187,[193]
26188,[233]
26189,[350]
26190,[72]
26191,[118]
26192,[98]
26193,[44]
26194,[83]
26195,[9]
26196,[198]
26197,[61]
26198,[159]
26199,[160]
26200,[215]
26201,[89]
26202,[73]
26203,[60]
26204,[367]
26205,[400]
26206,[21]
26207,[45]
26208,[71]
26209,[141]
26210,[396]
26211,[21]
26212,[17]
26213,[165]
26214,[42]
26215,[84]
26216,[161]
26217,[171]
26218,[475]
26219,[59]
26220,[364]
26221,[42]
26222,[461]
26223,[168]
26224,[277]
26225,[317]
26226,[214]
26227,[40]
26228,[7]
26229,[44]
26230,[240]
26231,[150]
26232,[30]
26233,[255]
26234,[44]
26235,[66]
26236,[344]
26237,[434]
26238,[79]
26239,[68]
26240,[30]
26241,[150]
26242,[435]
26243,[42]
26244,[299]
26245,[432]
26246,[71]
26247,[167]
26248,[299]
26249,[277]
26250,[8]
26251,[61]
26252,[79]
26253,[214]
26254,[153]
26255,[107]
26256,[8]
26257,[20]
26258,[277]
26259,[277]
26260,[373]
26261,[299]
26262,[50]
26263,[376]
26264,[15]
26265,[76]
26266,[66]
26267,[376]
26268,[378]
26269,[359]
26270,[41]
26271,[385]
26272,[78]
26273,[242]
26274,[40]
26275,[60]
26276,[383]
26277,[13]
26278,[273]
26279,[478]
26280,[122]
26281,[385]
26282,[457]
26283,[295]
26284,[198]
26285,[233]
26286,[48]
26287,[343]
26288,[475]
26289,[66]
26290,[49]
26291,[79]
26292,[229]
26293,[117]
26294,[101]
26295,[334]
26296,[61]
26297,[274]
26298,[475]
26299,[105]
26300,[408]
26301,[167]
26302,[270]
26303,[274]
26304,[247]
26305,[42]
26306,[8]
26307,[374]
26308,[263]
26309,[233]
26310,[110]
26311,[156]
26312,[121]
26313,[56]
26314,[65]
26315,[192]
26316,[351]
26317,[386]
26318,[142]
26319,[121]
26320,[21]
26321,[138]
26322,[15]
26323,[124]
26324,[9]
26325,[391]
26326,[349]
26327,[9]
26328,[258]
26329,[9]
26330,[331]
26331,[21]
26332,[452]
26333,[89]
26334,[116]
26335,[160]
26336,[103]
26337,[49]
26338,[79]
26339,[40]
26340,[142]
26341,[214]
26342,[382]
26343,[214]
26344,[19]
26345,[42]
26346,[116]
26347,[79]
26348,[215]
26349,[329]
26350,[273]
26351,[9]
26352,[275]
26353,[301]
26354,[33]
26355,[79]
26356,[344]
26357,[208]
26358,[45]
26359,[218]
26360,[422]
26361,[23]
26362,[427]
26363,[79]
26364,[68]
26365,[93]
26366,[78]
26367,[369]
26368,[258]
26369,[218]
26370,[90]
26371,[112]
26372,[180]
26373,[105]
26374,[423]
26375,[108]
26376,[301]
26377,[16]
26378,[153]
26379,[42]
26380,[277]
26381,[166]
26382,[42]
26383,[148]
26384,[121]
26385,[44]
26386,[76]
26387,[66]
26388,[79]
26389,[71]
26390,[181]
26391,[267]
26392,[424]
26393,[1]
26394,[456]
26395,[16]
26396,[55]
26397,[104]
26398,[71]
26399,[252]
26400,[41]
26401,[107]
26402,[128]
26403,[279]
26404,[42]
26405,[269]
26406,[198]
26407,[296]
26408,[21]
26409,[189]
26410,[13]
26411,[262]
26412,[189]
26413,[470]
26414,[40]
26415,[42]
26416,[141]
26417,[386]
26418,[401]
26419,[44]
26420,[64]
26421,[435]
26422,[357]
26423,[97]
26424,[44]
26425,[151]
26426,[117]
26427,[48]
26428,[33]
26429,[109]
26430,[216]
26431,[79]
26432,[21]
26433,[383]
26434,[59]
26435,[359]
26436,[160]
26437,[8]
26438,[20]
26439,[197]
26440,[283]
26441,[49]
26442,[432]
26443,[327]
26444,[105]
26445,[193]
26446,[118]
26447,[140]
26448,[105]
26449,[176]
26450,[110]
26451,[70]
26452,[52]
26453,[331]
26454,[471]
26455,[160]
26456,[361]
26457,[238]
26458,[76]
26459,[186]
26460,[79]
26461,[416]
26462,[293]
26463,[238]
26464,[108]
26465,[173]
26466,[263]
26467,[40]
26468,[9]
26469,[47]
26470,[93]
26471,[175]
26472,[434]
26473,[376]
26474,[59]
26475,[167]
26476,[296]
26477,[76]
26478,[56]
26479,[240]
26480,[14]
26481,[104]
26482,[180]
26483,[181]
26484,[116]
26485,[173]
26486,[416]
26487,[196]
26488,[438]
26489,[471]
26490,[91]
26491,[173]
26492,[252]
26493,[395]
26494,[50]
26495,[61]
26496,[170]
26497,[48]
26498,[171]
26499,[21]
26500,[79]
26501,[408]
26502,[21]
26503,[39]
26504,[165]
26505,[353]
26506,[107]
26507,[117]
26508,[277]
26509,[75]
26510,[13]
26511,[89]
26512,[153]
26513,[365]
26514,[118]
26515,[75]
26516,[229]
26517,[9]
26518,[83]
26519,[139]
26520,[238]
26521,[21]
26522,[79]
26523,[117]
26524,[167]
26525,[105]
26526,[44]
26527,[40]
26528,[60]
26529,[158]
26530,[161]
26531,[215]
26532,[290]
26533,[68]
26534,[61]
26535,[48]
26536,[93]
26537,[27]
26538,[9]
26539,[55]
26540,[376]
26541,[26]
26542,[353]
26543,[108]
26544,[104]
26545,[319]
26546,[108]
26547,[460]
26548,[79]
26549,[471]
26550,[9]
26551,[44]
26552,[269]
26553,[198]
26554,[104]
26555,[104]
26556,[275]
26557,[40]
26558,[389]
26559,[121]
26560,[79]
26561,[41]
26562,[102]
26563,[70]
26564,[33]
26565,[104]
26566,[277]
26567,[83]
26568,[136]
26569,[105]
26570,[116]
26571,[44]
26572,[89]
26573,[9]
26574,[263]
26575,[131]
26576,[63]
26577,[9]
26578,[475]
26579,[79]
26580,[140]
26581,[21]
26582,[42]
26583,[34]
26584,[262]
26585,[143]
26586,[83]
26587,[128]
26588,[79]
26589,[41]
26590,[234]
26591,[105]
26592,[45]
26593,[84]
26594,[435]
26595,[20]
26596,[153]
26597,[61]
26598,[400]
26599,[44]
26600,[236]
26601,[252]
26602,[100]
26603,[54]
26604,[104]
26605,[161]
26606,[50]
26607,[50]
26608,[89]
26609,[428]
26610,[78]
26611,[121]
26612,[153]
26613,[79]
26614,[304]
26615,[392]
26616,[60]
26617,[42]
26618,[465]
26619,[118]
26620,[389]
26621,[172]
26622,[188]
26623,[75]
26624,[73]
26625,[45]
26626,[408]
26627,[42]
26628,[88]
26629,[104]
26630,[117]
26631,[383]
26632,[419]
26633,[146]
26634,[101]
26635,[111]
26636,[398]
26637,[89]
26638,[20]
26639,[42]
26640,[84]
26641,[3]
26642,[41]
26643,[215]
26644,[84]
26645,[15]
26646,[64]
26647,[144]
26648,[40]
26649,[192]
26650,[386]
26651,[98]
26652,[161]
26653,[118]
26654,[381]
26655,[155]
26656,[71]
26657,[13]
26658,[153]
26659,[127]
26660,[138]
26661,[64]
26662,[141]
26663,[123]
26664,[42]
26665,[435]
26666,[359]
26667,[461]
26668,[61]
26669,[47]
26670,[19]
26671,[79]
26672,[57]
26673,[296]
26674,[50]
26675,[90]
26676,[13]
26677,[27]
26678,[192]
26679,[229]
26680,[79]
26681,[277]
26682,[233]
26683,[228]
26684,[193]
26685,[240]
26686,[343]
26687,[475]
26688,[21]
26689,[16]
26690,[165]
26691,[106]
26692,[35]
26693,[173]
26694,[194]
26695,[208]
26696,[108]
26697,[97]
26698,[58]
26699,[13]
26700,[158]
26701,[9]
26702,[84]
26703,[214]
26704,[40]
26705,[207]
26706,[90]
26707,[83]
26708,[300]
26709,[273]
26710,[15]
26711,[381]
26712,[151]
26713,[188]
26714,[45]
26715,[117]
26716,[218]
26717,[346]
26718,[172]
26719,[347]
26720,[44]
26721,[117]
26722,[79]
26723,[72]
26724,[452]
26725,[104]
26726,[293]
26727,[440]
26728,[111]
26729,[126]
26730,[21]
26731,[242]
26732,[104]
26733,[161]
26734,[92]
26735,[435]
26736,[105]
26737,[462]
26738,[277]
26739,[24]
26740,[408]
26741,[408]
26742,[203]
26743,[181]
26744,[30]
26745,[193]
26746,[215]
26747,[274]
26748,[168]
26749,[357]
26750,[273]
26751,[398]
26752,[105]
26753,[148]
26754,[71]
26755,[44]
26756,[79]
26757,[213]
26758,[262]
26759,[22]
26760,[117]
26761,[102]
26762,[262]
26763,[371]
26764,[5]
26765,[35]
26766,[178]
26767,[202]
26768,[357]
26769,[140]
26770,[89]
26771,[432]
26772,[35]
26773,[327]
26774,[459]
26775,[79]
26776,[9]
26777,[423]
26778,[49]
26779,[321]
26780,[39]
26781,[370]
26782,[167]
26783,[156]
26784,[116]
26785,[167]
26786,[228]
26787,[47]
26788,[243]
26789,[411]
26790,[394]
26791,[247]
26792,[47]
26793,[89]
26794,[75]
26795,[197]
26796,[34]
26797,[64]
26798,[160]
26799,[338]
26800,[90]
26801,[73]
26802,[215]
26803,[77]
26804,[218]
26805,[299]
26806,[466]
26807,[45]
26808,[233]
26809,[7]
26810,[233]
26811,[160]
26812,[25]
26813,[22]
26814,[44]
26815,[369]
26816,[158]
26817,[84]
26818,[50]
26819,[39]
26820,[171]
26821,[160]
26822,[344]
26823,[381]
26824,[41]
26825,[79]
26826,[48]
26827,[332]
26828,[64]
26829,[65]
26830,[42]
26831,[101]
26832,[73]
26833,[79]
26834,[79]
26835,[3]
26836,[34]
26837,[13]
26838,[44]
26839,[386]
26840,[235]
26841,[9]
26842,[105]
26843,[197]
26844,[374]
26845,[45]
26846,[436]
26847,[346]
26848,[214]
26849,[439]
26850,[44]
26851,[44]
26852,[463]
26853,[89]
26854,[359]
26855,[40]
26856,[180]
26857,[40]
26858,[210]
26859,[290]
26860,[79]
26861,[130]
26862,[185]
26863,[148]
26864,[367]
26865,[79]
26866,[117]
26867,[168]
26868,[244]
26869,[334]
26870,[97]
26871,[117]
26872,[381]
26873,[44]
26874,[198]
26875,[341]
26876,[268]
26877,[111]
26878,[461]
26879,[194]
26880,[40]
26881,[184]
26882,[289]
26883,[325]
26884,[167]
26885,[39]
26886,[45]
26887,[403]
26888,[42]
26889,[443]
26890,[160]
26891,[90]
26892,[36]
26893,[13]
26894,[33]
26895,[173]
26896,[408]
26897,[155]
26898,[4]
26899,[45]
26900,[178]
26901,[194]
26902,[79]
26903,[79]
26904,[49]
26905,[213]
26906,[270]
26907,[239]
26908,[105]
26909,[108]
26910,[79]
26911,[107]
26912,[44]
26913,[45]
26914,[63]
26915,[20]
26916,[366]
26917,[213]
26918,[381]
26919,[367]
26920,[36]
26921,[467]
26922,[8]
26923,[116]
26924,[181]
26925,[424]
26926,[109]
26927,[9]
26928,[68]
26929,[325]
26930,[459]
26931,[247]
26932,[130]
26933,[48]
26934,[473]
26935,[437]
26936,[277]
26937,[68]
26938,[215]
26939,[96]
26940,[117]
26941,[104]
26942,[55]
26943,[149]
26944,[61]
26945,[166]
26946,[475]
26947,[13]
26948,[384]
26949,[42]
26950,[246]
26951,[215]
26952,[297]
26953,[42]
26954,[9]
26955,[206]
26956,[457]
26957,[180]
26958,[247]
26959,[79]
26960,[461]
26961,[34]
26962,[141]
26963,[63]
26964,[105]
26965,[277]
26966,[89]
26967,[262]
26968,[104]
26969,[180]
26970,[374]
26971,[153]
26972,[79]
26973,[79]
26974,[52]
26975,[71]
26976,[79]
26977,[361]
26978,[427]
26979,[218]
26980,[42]
26981,[73]
26982,[42]
26983,[9]
26984,[359]
26985,[98]
26986,[29]
26987,[273]
26988,[412]
26989,[105]
26990,[75]
26991,[423]
26992,[97]
26993,[44]
26994,[327]
26995,[275]
26996,[9]
26997,[408]
26998,[141]
26999,[44]
27000,[117]
27001,[55]
27002,[180]
27003,[381]
27004,[44]
27005,[66]
27006,[44]
27007,[127]
27008,[172]
27009,[466]
27010,[461]
27011,[81]
27012,[461]
27013,[124]
27014,[262]
27015,[383]
27016,[48]
27017,[50]
27018,[49]
27019,[359]
27020,[24]
27021,[339]
27022,[127]
27023,[85]
27024,[9]
27025,[139]
27026,[49]
27027,[15]
27028,[290]
27029,[177]
27030,[101]
27031,[79]
27032,[189]
27033,[341]
27034,[167]
27035,[101]
27036,[5]
27037,[13]
27038,[20]
27039,[79]
27040,[66]
27041,[383]
27042,[374]
27043,[104]
27044,[161]
27045,[98]
27046,[394]
27047,[357]
27048,[157]
27049,[48]
27050,[151]
27051,[193]
27052,[44]
27053,[461]
27054,[423]
27055,[203]
27056,[106]
27057,[215]
27058,[88]
27059,[79]
27060,[34]
27061,[277]
27062,[465]
27063,[66]
27064,[215]
27065,[55]
27066,[105]
27067,[359]
27068,[148]
27069,[277]
27070,[104]
27071,[21]
27072,[15]
27073,[270]
27074,[90]
27075,[75]
27076,[214]
27077,[45]
27078,[117]
27079,[193]
27080,[214]
27081,[48]
27082,[152]
27083,[179]
27084,[389]
27085,[394]
27086,[325]
27087,[34]
27088,[156]
27089,[56]
27090,[376]
27091,[42]
27092,[93]
27093,[89]
27094,[87]
27095,[369]
27096,[42]
27097,[60]
27098,[7]
27099,[182]
27100,[89]
27101,[214]
27102,[40]
27103,[123]
27104,[241]
27105,[50]
27106,[400]
27107,[89]
27108,[327]
27109,[89]
27110,[68]
27111,[90]
27112,[440]
27113,[24]
27114,[459]
27115,[359]
27116,[45]
27117,[461]
27118,[148]
27119,[26]
27120,[44]
27121,[56]
27122,[77]
27123,[170]
27124,[152]
27125,[118]
27126,[156]
27127,[349]
27128,[52]
27129,[107]
27130,[79]
27131,[299]
27132,[149]
27133,[167]
27134,[177]
27135,[161]
27136,[72]
27137,[367]
27138,[394]
27139,[127]
27140,[447]
27141,[450]
27142,[12]
27143,[39]
27144,[78]
27145,[236]
27146,[181]
27147,[172]
27148,[90]
27149,[116]
27150,[381]
27151,[79]
27152,[369]
27153,[42]
27154,[193]
27155,[70]
27156,[106]
27157,[235]
27158,[100]
27159,[314]
27160,[90]
27161,[438]
27162,[452]
27163,[352]
27164,[104]
27165,[296]
27166,[45]
27167,[60]
27168,[181]
27169,[89]
27170,[40]
27171,[111]
27172,[180]
27173,[75]
27174,[185]
27175,[438]
27176,[277]
27177,[160]
27178,[102]
27179,[79]
27180,[194]
27181,[121]
27182,[21]
27183,[392]
27184,[193]
27185,[42]
27186,[79]
27187,[142]
27188,[215]
27189,[66]
27190,[89]
27191,[376]
27192,[89]
27193,[9]
27194,[45]
27195,[66]
27196,[357]
27197,[425]
27198,[49]
27199,[243]
27200,[7]
27201,[277]
27202,[12]
27203,[37]
27204,[13]
27205,[97]
27206,[89]
27207,[358]
27208,[197]
27209,[331]
27210,[425]
27211,[236]
27212,[357]
27213,[34]
27214,[25]
27215,[89]
27216,[42]
27217,[359]
27218,[35]
27219,[76]
27220,[325]
27221,[459]
27222,[44]
27223,[16]
27224,[58]
27225,[5]
27226,[101]
27227,[214]
27228,[262]
27229,[50]
27230,[261]
27231,[42]
27232,[9]
27233,[153]
27234,[79]
27235,[268]
27236,[333]
27237,[126]
27238,[104]
27239,[117]
27240,[103]
27241,[89]
27242,[44]
27243,[216]
27244,[75]
27245,[89]
27246,[398]
27247,[297]
27248,[180]
27249,[66]
27250,[396]
27251,[381]
27252,[105]
27253,[110]
27254,[44]
27255,[186]
27256,[273]
27257,[44]
27258,[79]
27259,[417]
27260,[79]
27261,[277]
27262,[14]
27263,[42]
27264,[383]
27265,[413]
27266,[48]
27267,[269]
27268,[72]
27269,[118]
27270,[75]
27271,[79]
27272,[188]
27273,[111]
27274,[42]
27275,[76]
27276,[21]
27277,[311]
27278,[40]
27279,[438]
27280,[153]
27281,[293]
27282,[107]
27283,[269]
27284,[175]
27285,[116]
27286,[193]
27287,[57]
27288,[474]
27289,[63]
27290,[104]
27291,[105]
27292,[9]
27293,[117]
27294,[423]
27295,[277]
27296,[155]
27297,[73]
27298,[71]
27299,[79]
27300,[471]
27301,[359]
27302,[85]
27303,[217]
27304,[274]
27305,[47]
27306,[79]
27307,[335]
27308,[34]
27309,[294]
27310,[9]
27311,[412]
27312,[438]
27313,[42]
27314,[273]
27315,[90]
27316,[242]
27317,[14]
27318,[104]
27319,[141]
27320,[38]
27321,[79]
27322,[450]
27323,[357]
27324,[22]
27325,[353]
27326,[281]
27327,[39]
27328,[79]
27329,[73]
27330,[122]
27331,[74]
27332,[462]
27333,[190]
27334,[175]
27335,[63]
27336,[303]
27337,[79]
27338,[191]
27339,[205]
27340,[290]
27341,[210]
27342,[377]
27343,[104]
27344,[401]
27345,[68]
27346,[180]
27347,[89]
27348,[78]
27349,[117]
27350,[79]
27351,[276]
27352,[152]
27353,[71]
27354,[13]
27355,[357]
27356,[335]
27357,[213]
27358,[47]
27359,[243]
27360,[314]
27361,[344]
27362,[9]
27363,[120]
27364,[190]
27365,[396]
27366,[118]
27367,[292]
27368,[461]
27369,[108]
27370,[8]
27371,[359]
27372,[45]
27373,[165]
27374,[161]
27375,[22]
27376,[331]
27377,[34]
27378,[66]
27379,[269]
27380,[108]
27381,[26]
27382,[388]
27383,[156]
27384,[117]
27385,[268]
27386,[243]
27387,[152]
27388,[89]
27389,[273]
27390,[251]
27391,[54]
27392,[227]
27393,[90]
27394,[344]
27395,[117]
27396,[89]
27397,[68]
27398,[21]
27399,[290]
27400,[189]
27401,[423]
27402,[9]
27403,[479]
27404,[6]
27405,[411]
27406,[164]
27407,[408]
27408,[296]
27409,[296]
27410,[216]
27411,[367]
27412,[165]
27413,[5]
27414,[6]
27415,[42]
27416,[246]
27417,[103]
27418,[429]
27419,[44]
27420,[42]
27421,[13]
27422,[296]
27423,[274]
27424,[60]
27425,[189]
27426,[71]
27427,[9]
27428,[369]
27429,[44]
27430,[89]
27431,[13]
27432,[8]
27433,[8]
27434,[79]
27435,[13]
27436,[207]
27437,[325]
27438,[423]
27439,[383]
27440,[125]
27441,[107]
27442,[374]
27443,[215]
27444,[3]
27445,[231]
27446,[423]
27447,[27]
27448,[101]
27449,[79]
27450,[275]
27451,[262]
27452,[302]
27453,[396]
27454,[21]
27455,[408]
27456,[171]
27457,[114]
27458,[88]
27459,[105]
27460,[48]
27461,[66]
27462,[411]
27463,[359]
27464,[75]
27465,[272]
27466,[149]
27467,[98]
27468,[291]
27469,[382]
27470,[132]
27471,[193]
27472,[180]
27473,[44]
27474,[213]
27475,[173]
27476,[270]
27477,[13]
27478,[162]
27479,[77]
27480,[121]
27481,[45]
27482,[153]
27483,[105]
27484,[121]
27485,[158]
27486,[32]
27487,[303]
27488,[159]
27489,[185]
27490,[181]
27491,[114]
27492,[79]
27493,[89]
27494,[99]
27495,[79]
27496,[280]
27497,[381]
27498,[443]
27499,[293]
27500,[180]
27501,[304]
27502,[44]
27503,[376]
27504,[326]
27505,[165]
27506,[200]
27507,[107]
27508,[389]
27509,[70]
27510,[105]
27511,[79]
27512,[168]
27513,[149]
27514,[109]
27515,[96]
27516,[411]
27517,[66]
27518,[374]
27519,[79]
27520,[34]
27521,[50]
27522,[280]
27523,[104]
27524,[165]
27525,[44]
27526,[246]
27527,[42]
27528,[123]
27529,[90]
27530,[107]
27531,[157]
27532,[272]
27533,[57]
27534,[21]
27535,[152]
27536,[205]
27537,[78]
27538,[171]
27539,[463]
27540,[180]
27541,[12]
27542,[79]
27543,[50]
27544,[79]
27545,[16]
27546,[198]
27547,[49]
27548,[246]
27549,[45]
27550,[466]
27551,[460]
27552,[242]
27553,[89]
27554,[359]
27555,[269]
27556,[97]
27557,[357]
27558,[107]
27559,[390]
27560,[79]
27561,[197]
27562,[126]
27563,[232]
27564,[260]
27565,[408]
27566,[45]
27567,[169]
27568,[364]
27569,[275]
27570,[417]
27571,[362]
27572,[344]
27573,[452]
27574,[2]
27575,[70]
27576,[104]
27577,[321]
27578,[159]
27579,[152]
27580,[422]
27581,[238]
27582,[54]
27583,[214]
27584,[13]
27585,[149]
27586,[155]
27587,[159]
27588,[374]
27589,[465]
27590,[74]
27591,[277]
27592,[21]
27593,[49]
27594,[45]
27595,[152]
27596,[196]
27597,[12]
27598,[408]
27599,[91]
27600,[178]
27601,[200]
27602,[47]
27603,[65]
27604,[42]
27605,[79]
27606,[24]
27607,[44]
27608,[21]
27609,[117]
27610,[356]
27611,[79]
27612,[8]
27613,[42]
27614,[40]
27615,[149]
27616,[80]
27617,[42]
27618,[407]
27619,[42]
27620,[3]
27621,[90]
27622,[184]
27623,[423]
27624,[99]
27625,[44]
27626,[225]
27627,[197]
27628,[305]
27629,[12]
27630,[21]
27631,[371]
27632,[472]
27633,[153]
27634,[118]
27635,[432]
27636,[215]
27637,[400]
27638,[381]
27639,[79]
27640,[197]
27641,[161]
27642,[423]
27643,[275]
27644,[417]
27645,[341]
27646,[35]
27647,[193]
27648,[84]
27649,[305]
27650,[89]
27651,[427]
27652,[104]
27653,[48]
27654,[105]
27655,[233]
27656,[169]
27657,[293]
27658,[198]
27659,[267]
27660,[79]
27661,[403]
27662,[31]
27663,[79]
27664,[359]
27665,[215]
27666,[263]
27667,[79]
27668,[149]
27669,[410]
27670,[160]
27671,[274]
27672,[261]
27673,[103]
27674,[105]
27675,[319]
27676,[32]
27677,[211]
27678,[285]
27679,[116]
27680,[146]
27681,[344]
27682,[79]
27683,[90]
27684,[39]
27685,[453]
27686,[138]
27687,[89]
27688,[47]
27689,[58]
27690,[148]
27691,[378]
27692,[79]
27693,[34]
27694,[42]
27695,[79]
27696,[359]
27697,[4]
27698,[34]
27699,[42]
27700,[215]
27701,[130]
27702,[168]
27703,[84]
27704,[1]
27705,[475]
27706,[293]
27707,[31]
27708,[228]
27709,[42]
27710,[470]
27711,[452]
27712,[160]
27713,[218]
27714,[97]
27715,[202]
27716,[42]
27717,[105]
27718,[126]
27719,[13]
27720,[42]
27721,[326]
27722,[277]
27723,[73]
27724,[471]
27725,[84]
27726,[331]
27727,[107]
27728,[181]
27729,[153]
27730,[381]
27731,[166]
27732,[155]
27733,[370]
27734,[130]
27735,[83]
27736,[45]
27737,[15]
27738,[78]
27739,[277]
27740,[89]
27741,[40]
27742,[457]
27743,[281]
27744,[118]
27745,[79]
27746,[109]
27747,[205]
27748,[225]
27749,[216]
27750,[63]
27751,[143]
27752,[104]
27753,[42]
27754,[277]
27755,[300]
27756,[465]
27757,[219]
27758,[45]
27759,[42]
27760,[386]
27761,[9]
27762,[461]
27763,[35]
27764,[76]
27765,[66]
27766,[71]
27767,[45]
27768,[325]
27769,[21]
27770,[57]
27771,[117]
27772,[220]
27773,[9]
27774,[170]
27775,[148]
27776,[173]
27777,[282]
27778,[79]
27779,[64]
27780,[203]
27781,[358]
27782,[193]
27783,[44]
27784,[443]
27785,[97]
27786,[327]
27787,[200]
27788,[383]
27789,[369]
27790,[108]
27791,[243]
27792,[292]
27793,[33]
27794,[58]
27795,[359]
27796,[34]
27797,[21]
27798,[401]
27799,[167]
27800,[152]
27801,[35]
27802,[193]
27803,[149]
27804,[33]
27805,[241]
27806,[373]
27807,[269]
27808,[79]
27809,[83]
27810,[167]
27811,[371]
27812,[383]
27813,[82]
27814,[239]
27815,[197]
27816,[233]
27817,[13]
27818,[111]
27819,[16]
27820,[270]
27821,[83]
27822,[40]
27823,[238]
27824,[150]
27825,[42]
27826,[262]
27827,[90]
27828,[148]
27829,[193]
27830,[366]
27831,[45]
27832,[165]
27833,[296]
27834,[114]
27835,[47]
27836,[181]
27837,[17]
27838,[117]
27839,[381]
27840,[178]
27841,[422]
27842,[110]
27843,[234]
27844,[180]
27845,[79]
27846,[292]
27847,[389]
27848,[381]
27849,[160]
27850,[182]
27851,[377]
27852,[127]
27853,[66]
27854,[108]
27855,[411]
27856,[359]
27857,[152]
27858,[376]
27859,[331]
27860,[382]
27861,[101]
27862,[50]
27863,[79]
27864,[16]
27865,[423]
27866,[202]
27867,[423]
27868,[9]
27869,[60]
27870,[132]
27871,[452]
27872,[44]
27873,[146]
27874,[356]
27875,[213]
27876,[43]
27877,[114]
27878,[13]
27879,[383]
27880,[33]
27881,[459]
27882,[98]
27883,[161]
27884,[55]
27885,[173]
27886,[140]
27887,[471]
27888,[252]
27889,[435]
27890,[15]
27891,[104]
27892,[81]
27893,[359]
27894,[65]
27895,[475]
27896,[181]
27897,[392]
27898,[57]
27899,[376]
27900,[123]
27901,[66]
27902,[428]
27903,[32]
27904,[400]
27905,[106]
27906,[197]
27907,[21]
27908,[47]
27909,[432]
27910,[42]
27911,[24]
27912,[213]
27913,[89]
27914,[89]
27915,[27]
27916,[71]
27917,[42]
27918,[60]
27919,[140]
27920,[21]
27921,[42]
27922,[432]
27923,[66]
27924,[202]
27925,[116]
27926,[210]
27927,[124]
27928,[376]
27929,[105]
27930,[323]
27931,[108]
27932,[331]
27933,[16]
27934,[367]
27935,[333]
27936,[45]
27937,[42]
27938,[42]
27939,[233]
27940,[126]
27941,[44]
27942,[13]
27943,[131]
27944,[423]
27945,[296]
27946,[277]
27947,[15]
27948,[242]
27949,[13]
27950,[153]
27951,[335]
27952,[90]
27953,[262]
27954,[318]
27955,[121]
27956,[228]
27957,[408]
27958,[258]
27959,[15]
27960,[27]
27961,[15]
27962,[13]
27963,[107]
27964,[412]
27965,[283]
27966,[369]
27967,[71]
27968,[470]
27969,[49]
27970,[33]
27971,[181]
27972,[44]
27973,[461]
27974,[359]
27975,[460]
27976,[117]
27977,[101]
27978,[70]
27979,[66]
27980,[111]
27981,[21]
27982,[369]
27983,[302]
27984,[359]
27985,[381]
27986,[13]
27987,[395]
27988,[193]
27989,[247]
27990,[410]
27991,[172]
27992,[260]
27993,[215]
27994,[171]
27995,[51]
27996,[348]
27997,[55]
27998,[153]
27999,[343]
28000,[209]
28001,[374]
28002,[215]
28003,[73]
28004,[33]
28005,[42]
28006,[214]
28007,[108]
28008,[277]
28009,[9]
28010,[153]
28011,[159]
28012,[383]
28013,[255]
28014,[21]
28015,[73]
28016,[79]
28017,[102]
28018,[104]
28019,[353]
28020,[155]
28021,[79]
28022,[68]
28023,[40]
28024,[9]
28025,[400]
28026,[139]
28027,[13]
28028,[70]
28029,[404]
28030,[105]
28031,[41]
28032,[326]
28033,[45]
28034,[215]
28035,[89]
28036,[374]
28037,[262]
28038,[59]
28039,[412]
28040,[34]
28041,[234]
28042,[84]
28043,[198]
28044,[142]
28045,[166]
28046,[16]
28047,[148]
28048,[142]
28049,[44]
28050,[34]
28051,[16]
28052,[214]
28053,[25]
28054,[131]
28055,[153]
28056,[13]
28057,[177]
28058,[90]
28059,[457]
28060,[90]
28061,[44]
28062,[436]
28063,[235]
28064,[202]
28065,[98]
28066,[44]
28067,[461]
28068,[127]
28069,[104]
28070,[42]
28071,[277]
28072,[84]
28073,[104]
28074,[101]
28075,[157]
28076,[273]
28077,[359]
28078,[461]
28079,[105]
28080,[374]
28081,[118]
28082,[345]
28083,[44]
28084,[78]
28085,[462]
28086,[19]
28087,[103]
28088,[172]
28089,[50]
28090,[44]
28091,[42]
28092,[253]
28093,[208]
28094,[440]
28095,[9]
28096,[274]
28097,[21]
28098,[102]
28099,[353]
28100,[376]
28101,[55]
28102,[185]
28103,[9]
28104,[475]
28105,[42]
28106,[148]
28107,[148]
28108,[160]
28109,[381]
28110,[160]
28111,[159]
28112,[255]
28113,[118]
28114,[335]
28115,[66]
28116,[301]
28117,[49]
28118,[471]
28119,[214]
28120,[194]
28121,[89]
28122,[295]
28123,[90]
28124,[158]
28125,[247]
28126,[290]
28127,[127]
28128,[381]
28129,[83]
28130,[118]
28131,[457]
28132,[383]
28133,[395]
28134,[44]
28135,[141]
28136,[295]
28137,[465]
28138,[131]
28139,[452]
28140,[423]
28141,[273]
28142,[63]
28143,[471]
28144,[13]
28145,[9]
28146,[21]
28147,[470]
28148,[277]
28149,[138]
28150,[13]
28151,[160]
28152,[295]
28153,[414]
28154,[45]
28155,[48]
28156,[19]
28157,[41]
28158,[359]
28159,[108]
28160,[364]
28161,[158]
28162,[277]
28163,[107]
28164,[288]
28165,[100]
28166,[12]
28167,[105]
28168,[214]
28169,[115]
28170,[127]
28171,[450]
28172,[51]
28173,[34]
28174,[426]
28175,[104]
28176,[89]
28177,[117]
28178,[21]
28179,[108]
28180,[8]
28181,[99]
28182,[16]
28183,[461]
28184,[44]
28185,[198]
28186,[376]
28187,[8]
28188,[34]
28189,[273]
28190,[288]
28191,[269]
28192,[12]
28193,[241]
28194,[42]
28195,[408]
28196,[15]
28197,[289]
28198,[161]
28199,[48]
28200,[359]
28201,[239]
28202,[383]
28203,[44]
28204,[21]
28205,[17]
28206,[290]
28207,[45]
28208,[104]
28209,[79]
28210,[107]
28211,[105]
28212,[428]
28213,[282]
28214,[359]
28215,[461]
28216,[124]
28217,[99]
28218,[384]
28219,[153]
28220,[273]
28221,[44]
28222,[471]
28223,[361]
28224,[240]
28225,[44]
28226,[97]
28227,[105]
28228,[457]
28229,[406]
28230,[148]
28231,[19]
28232,[450]
28233,[91]
28234,[334]
28235,[89]
28236,[89]
28237,[472]
28238,[77]
28239,[161]
28240,[88]
28241,[47]
28242,[336]
28243,[395]
28244,[42]
28245,[9]
28246,[465]
28247,[42]
28248,[89]
28249,[352]
28250,[170]
28251,[215]
28252,[410]
28253,[220]
28254,[4]
28255,[32]
28256,[47]
28257,[108]
28258,[153]
28259,[79]
28260,[69]
28261,[214]
28262,[79]
28263,[148]
28264,[7]
28265,[131]
28266,[273]
28267,[235]
28268,[458]
28269,[39]
28270,[9]
28271,[89]
28272,[13]
28273,[161]
28274,[475]
28275,[45]
28276,[275]
28277,[91]
28278,[173]
28279,[193]
28280,[353]
28281,[74]
28282,[63]
28283,[56]
28284,[363]
28285,[268]
28286,[241]
28287,[215]
28288,[92]
28289,[355]
28290,[381]
28291,[131]
28292,[194]
28293,[79]
28294,[381]
28295,[337]
28296,[189]
28297,[357]
28298,[198]
28299,[49]
28300,[462]
28301,[16]
28302,[158]
28303,[376]
28304,[16]
28305,[160]
28306,[168]
28307,[248]
28308,[79]
28309,[193]
28310,[180]
28311,[139]
28312,[15]
28313,[96]
28314,[171]
28315,[44]
28316,[109]
28317,[188]
28318,[247]
28319,[44]
28320,[457]
28321,[107]
28322,[246]
28323,[297]
28324,[83]
28325,[42]
28326,[371]
28327,[425]
28328,[89]
28329,[13]
28330,[395]
28331,[170]
28332,[193]
28333,[168]
28334,[13]
28335,[148]
28336,[74]
28337,[13]
28338,[214]
28339,[381]
28340,[98]
28341,[242]
28342,[472]
28343,[117]
28344,[89]
28345,[98]
28346,[42]
28347,[165]
28348,[23]
28349,[138]
28350,[105]
28351,[13]
28352,[278]
28353,[110]
28354,[202]
28355,[277]
28356,[60]
28357,[113]
28358,[268]
28359,[40]
28360,[104]
28361,[277]
28362,[151]
28363,[273]
28364,[54]
28365,[396]
28366,[236]
28367,[44]
28368,[116]
28369,[246]
28370,[189]
28371,[357]
28372,[234]
28373,[198]
28374,[105]
28375,[49]
28376,[87]
28377,[40]
28378,[24]
28379,[104]
28380,[269]
28381,[79]
28382,[39]
28383,[89]
28384,[44]
28385,[14]
28386,[74]
28387,[45]
28388,[41]
28389,[180]
28390,[21]
28391,[161]
28392,[152]
28393,[295]
28394,[369]
28395,[44]
28396,[45]
28397,[74]
28398,[42]
28399,[34]
28400,[363]
28401,[153]
28402,[147]
28403,[141]
28404,[474]
28405,[240]
28406,[15]
28407,[193]
28408,[148]
28409,[214]
28410,[9]
28411,[65]
28412,[9]
28413,[243]
28414,[333]
28415,[101]
28416,[55]
28417,[369]
28418,[381]
28419,[21]
28420,[466]
28421,[186]
28422,[89]
28423,[14]
28424,[181]
28425,[158]
28426,[165]
28427,[359]
28428,[52]
28429,[6]
28430,[410]
28431,[79]
28432,[152]
28433,[117]
28434,[44]
28435,[236]
28436,[214]
28437,[60]
28438,[377]
28439,[33]
28440,[385]
28441,[117]
28442,[21]
28443,[359]
28444,[269]
28445,[158]
28446,[61]
28447,[13]
28448,[470]
28449,[297]
28450,[184]
28451,[138]
28452,[370]
28453,[42]
28454,[33]
28455,[117]
28456,[436]
28457,[89]
28458,[441]
28459,[107]
28460,[44]
28461,[116]
28462,[158]
28463,[42]
28464,[361]
28465,[47]
28466,[12]
28467,[435]
28468,[55]
28469,[42]
28470,[158]
28471,[118]
28472,[479]
28473,[273]
28474,[44]
28475,[181]
28476,[117]
28477,[79]
28478,[89]
28479,[173]
28480,[193]
28481,[188]
28482,[24]
28483,[160]
28484,[85]
28485,[193]
28486,[356]
28487,[64]
28488,[102]
28489,[361]
28490,[126]
28491,[229]
28492,[123]
28493,[17]
28494,[167]
28495,[214]
28496,[45]
28497,[389]
28498,[227]
28499,[197]
28500,[91]
28501,[180]
28502,[49]
28503,[383]
28504,[189]
28505,[104]
28506,[78]
28507,[7]
28508,[333]
28509,[35]
28510,[261]
28511,[79]
28512,[435]
28513,[193]
28514,[211]
28515,[169]
28516,[79]
28517,[286]
28518,[311]
28519,[45]
28520,[255]
28521,[42]
28522,[48]
28523,[79]
28524,[434]
28525,[146]
28526,[32]
28527,[273]
28528,[148]
28529,[59]
28530,[369]
28531,[277]
28532,[117]
28533,[295]
28534,[354]
28535,[50]
28536,[117]
28537,[31]
28538,[457]
28539,[299]
28540,[42]
28541,[42]
28542,[90]
28543,[9]
28544,[83]
28545,[13]
28546,[107]
28547,[273]
28548,[13]
28549,[42]
28550,[105]
28551,[44]
28552,[21]
28553,[101]
28554,[90]
28555,[255]
28556,[359]
28557,[240]
28558,[50]
28559,[262]
28560,[296]
28561,[212]
28562,[357]
28563,[354]
28564,[161]
28565,[89]
28566,[457]
28567,[107]
28568,[64]
28569,[118]
28570,[48]
28571,[165]
28572,[111]
28573,[79]
28574,[89]
28575,[438]
28576,[161]
28577,[9]
28578,[451]
28579,[151]
28580,[273]
28581,[79]
28582,[238]
28583,[88]
28584,[369]
28585,[89]
28586,[54]
28587,[326]
28588,[326]
28589,[138]
28590,[159]
28591,[57]
28592,[282]
28593,[167]
28594,[213]
28595,[31]
28596,[117]
28597,[21]
28598,[356]
28599,[398]
28600,[148]
28601,[211]
28602,[262]
28603,[44]
28604,[412]
28605,[317]
28606,[153]
28607,[148]
28608,[45]
28609,[121]
28610,[214]
28611,[165]
28612,[89]
28613,[100]
28614,[9]
28615,[242]
28616,[104]
28617,[376]
28618,[146]
28619,[193]
28620,[435]
28621,[170]
28622,[177]
28623,[116]
28624,[390]
28625,[331]
28626,[142]
28627,[233]
28628,[118]
28629,[247]
28630,[118]
28631,[240]
28632,[59]
28633,[383]
28634,[275]
28635,[136]
28636,[344]
28637,[211]
28638,[79]
28639,[109]
28640,[68]
28641,[21]
28642,[247]
28643,[48]
28644,[107]
28645,[104]
28646,[42]
28647,[13]
28648,[167]
28649,[160]
28650,[13]
28651,[418]
28652,[89]
28653,[270]
28654,[71]
28655,[297]
28656,[234]
28657,[193]
28658,[381]
28659,[181]
28660,[98]
28661,[317]
28662,[70]
28663,[34]
28664,[55]
28665,[381]
28666,[358]
28667,[79]
28668,[383]
28669,[19]
28670,[68]
28671,[451]
28672,[104]
28673,[64]
28674,[27]
28675,[21]
28676,[105]
28677,[13]
28678,[16]
28679,[242]
28680,[275]
28681,[21]
28682,[383]
28683,[42]
28684,[89]
28685,[27]
28686,[277]
28687,[156]
28688,[44]
28689,[274]
28690,[9]
28691,[91]
28692,[341]
28693,[357]
28694,[213]
28695,[471]
28696,[44]
28697,[142]
28698,[79]
28699,[89]
28700,[104]
28701,[354]
28702,[139]
28703,[157]
28704,[260]
28705,[406]
28706,[426]
28707,[42]
28708,[111]
28709,[329]
28710,[243]
28711,[153]
28712,[130]
28713,[461]
28714,[35]
28715,[376]
28716,[471]
28717,[45]
28718,[156]
28719,[193]
28720,[114]
28721,[132]
28722,[383]
28723,[70]
28724,[413]
28725,[83]
28726,[89]
28727,[132]
28728,[44]
28729,[366]
28730,[140]
28731,[119]
28732,[74]
28733,[21]
28734,[181]
28735,[343]
28736,[79]
28737,[233]
28738,[356]
28739,[85]
28740,[240]
28741,[239]
28742,[79]
28743,[66]
28744,[435]
28745,[13]
28746,[214]
28747,[44]
28748,[158]
28749,[399]
28750,[450]
28751,[79]
28752,[1]
28753,[84]
28754,[74]
28755,[304]
28756,[273]
28757,[363]
28758,[9]
28759,[374]
28760,[9]
28761,[9]
28762,[104]
28763,[369]
28764,[42]
28765,[79]
28766,[334]
28767,[13]
28768,[79]
28769,[344]
28770,[284]
28771,[148]
28772,[34]
28773,[337]
28774,[323]
28775,[273]
28776,[170]
28777,[89]
28778,[42]
28779,[120]
28780,[21]
28781,[369]
28782,[45]
28783,[386]
28784,[107]
28785,[156]
28786,[35]
28787,[213]
28788,[48]
28789,[297]
28790,[381]
28791,[185]
28792,[423]
28793,[91]
28794,[96]
28795,[464]
28796,[211]
28797,[215]
28798,[272]
28799,[13]
28800,[77]
28801,[44]
28802,[75]
28803,[21]
28804,[277]
28805,[133]
28806,[277]
28807,[356]
28808,[336]
28809,[79]
28810,[55]
28811,[381]
28812,[42]
28813,[359]
28814,[369]
28815,[359]
28816,[21]
28817,[79]
28818,[101]
28819,[55]
28820,[105]
28821,[303]
28822,[50]
28823,[79]
28824,[395]
28825,[44]
28826,[461]
28827,[116]
28828,[315]
28829,[44]
28830,[476]
28831,[294]
28832,[145]
28833,[13]
28834,[296]
28835,[475]
28836,[50]
28837,[78]
28838,[149]
28839,[281]
28840,[1]
28841,[188]
28842,[89]
28843,[12]
28844,[118]
28845,[103]
28846,[189]
28847,[21]
28848,[142]
28849,[261]
28850,[215]
28851,[3]
28852,[260]
28853,[12]
28854,[79]
28855,[73]
28856,[180]
28857,[238]
28858,[158]
28859,[172]
28860,[138]
28861,[279]
28862,[219]
28863,[213]
28864,[161]
28865,[408]
28866,[233]
28867,[386]
28868,[157]
28869,[101]
28870,[105]
28871,[42]
28872,[152]
28873,[60]
28874,[400]
28875,[138]
28876,[433]
28877,[35]
28878,[50]
28879,[470]
28880,[42]
28881,[8]
28882,[478]
28883,[44]
28884,[97]
28885,[136]
28886,[65]
28887,[344]
28888,[107]
28889,[385]
28890,[273]
28891,[374]
28892,[24]
28893,[21]
28894,[471]
28895,[241]
28896,[311]
28897,[356]
28898,[213]
28899,[132]
28900,[195]
28901,[79]
28902,[45]
28903,[165]
28904,[324]
28905,[9]
28906,[181]
28907,[385]
28908,[401]
28909,[425]
28910,[50]
28911,[218]
28912,[168]
28913,[213]
28914,[79]
28915,[15]
28916,[41]
28917,[157]
28918,[117]
28919,[253]
28920,[73]
28921,[197]
28922,[202]
28923,[44]
28924,[56]
28925,[344]
28926,[90]
28927,[377]
28928,[181]
28929,[277]
28930,[359]
28931,[193]
28932,[344]
28933,[21]
28934,[148]
28935,[117]
28936,[403]
28937,[277]
28938,[1]
28939,[321]
28940,[148]
28941,[383]
28942,[16]
28943,[42]
28944,[117]
28945,[13]
28946,[58]
28947,[34]
28948,[89]
28949,[79]
28950,[303]
28951,[302]
28952,[70]
28953,[86]
28954,[333]
28955,[238]
28956,[146]
28957,[211]
28958,[75]
28959,[40]
28960,[89]
28961,[153]
28962,[398]
28963,[219]
28964,[121]
28965,[44]
28966,[34]
28967,[170]
28968,[34]
28969,[263]
28970,[50]
28971,[390]
28972,[138]
28973,[141]
28974,[13]
28975,[215]
28976,[112]
28977,[107]
28978,[66]
28979,[64]
28980,[118]
28981,[270]
28982,[338]
28983,[45]
28984,[101]
28985,[234]
28986,[38]
28987,[149]
28988,[1]
28989,[107]
28990,[349]
28991,[117]
28992,[247]
28993,[396]
28994,[66]
28995,[118]
28996,[381]
28997,[104]
28998,[117]
28999,[9]
29000,[132]
29001,[172]
29002,[216]
29003,[185]
29004,[50]
29005,[79]
29006,[420]
29007,[23]
29008,[461]
29009,[215]
29010,[109]
29011,[42]
29012,[158]
29013,[161]
29014,[293]
29015,[376]
29016,[111]
29017,[464]
29018,[71]
29019,[401]
29020,[48]
29021,[68]
29022,[89]
29023,[50]
29024,[200]
29025,[118]
29026,[333]
29027,[25]
29028,[149]
29029,[47]
29030,[277]
29031,[96]
29032,[104]
29033,[101]
29034,[45]
29035,[33]
29036,[359]
29037,[299]
29038,[14]
29039,[369]
29040,[78]
29041,[373]
29042,[400]
29043,[222]
29044,[114]
29045,[206]
29046,[170]
29047,[159]
29048,[478]
29049,[238]
29050,[74]
29051,[122]
29052,[79]
29053,[300]
29054,[396]
29055,[9]
29056,[66]
29057,[105]
29058,[83]
29059,[137]
29060,[42]
29061,[13]
29062,[47]
29063,[65]
29064,[183]
29065,[273]
29066,[299]
29067,[171]
29068,[461]
29069,[213]
29070,[195]
29071,[61]
29072,[299]
29073,[79]
29074,[105]
29075,[50]
29076,[9]
29077,[79]
29078,[417]
29079,[239]
29080,[193]
29081,[233]
29082,[236]
29083,[229]
29084,[151]
29085,[80]
29086,[9]
29087,[50]
29088,[361]
29089,[284]
29090,[45]
29091,[383]
29092,[241]
29093,[351]
29094,[100]
29095,[299]
29096,[382]
29097,[233]
29098,[298]
29099,[461]
29100,[153]
29101,[4]
29102,[117]
29103,[383]
29104,[161]
29105,[403]
29106,[116]
29107,[44]
29108,[79]
29109,[299]
29110,[12]
29111,[424]
29112,[75]
29113,[45]
29114,[233]
29115,[44]
29116,[21]
29117,[303]
29118,[389]
29119,[150]
29120,[79]
29121,[301]
29122,[104]
29123,[381]
29124,[9]
29125,[63]
29126,[118]
29127,[13]
29128,[189]
29129,[9]
29130,[381]
29131,[321]
29132,[44]
29133,[471]
29134,[8]
29135,[48]
29136,[8]
29137,[47]
29138,[105]
29139,[246]
29140,[42]
29141,[404]
29142,[66]
29143,[105]
29144,[180]
29145,[152]
29146,[85]
29147,[18]
29148,[42]
29149,[465]
29150,[127]
29151,[49]
29152,[78]
29153,[344]
29154,[381]
29155,[247]
29156,[70]
29157,[88]
29158,[66]
29159,[25]
29160,[69]
29161,[406]
29162,[158]
29163,[21]
29164,[296]
29165,[107]
29166,[153]
29167,[193]
29168,[23]
29169,[142]
29170,[392]
29171,[398]
29172,[117]
29173,[153]
29174,[299]
29175,[214]
29176,[378]
29177,[83]
29178,[77]
29179,[68]
29180,[424]
29181,[105]
29182,[50]
29183,[248]
29184,[89]
29185,[152]
29186,[332]
29187,[446]
29188,[247]
29189,[352]
29190,[252]
29191,[118]
29192,[22]
29193,[343]
29194,[90]
29195,[42]
29196,[161]
29197,[353]
29198,[278]
29199,[116]
29200,[181]
29201,[152]
29202,[400]
29203,[213]
29204,[436]
29205,[151]
29206,[380]
29207,[79]
29208,[194]
29209,[193]
29210,[319]
29211,[353]
29212,[290]
29213,[297]
29214,[249]
29215,[161]
29216,[153]
29217,[65]
29218,[411]
29219,[392]
29220,[42]
29221,[127]
29222,[367]
29223,[14]
29224,[79]
29225,[39]
29226,[311]
29227,[42]
29228,[83]
29229,[373]
29230,[160]
29231,[49]
29232,[77]
29233,[297]
29234,[417]
29235,[273]
29236,[452]
29237,[47]
29238,[193]
29239,[34]
29240,[24]
29241,[324]
29242,[45]
29243,[197]
29244,[42]
29245,[135]
29246,[383]
29247,[1]
29248,[206]
29249,[117]
29250,[214]
29251,[168]
29252,[89]
29253,[71]
29254,[45]
29255,[49]
29256,[209]
29257,[117]
29258,[79]
29259,[310]
29260,[344]
29261,[193]
29262,[305]
29263,[157]
29264,[107]
29265,[49]
29266,[83]
29267,[44]
29268,[127]
29269,[13]
29270,[104]
29271,[246]
29272,[75]
29273,[79]
29274,[121]
29275,[44]
29276,[41]
29277,[8]
29278,[44]
29279,[58]
29280,[81]
29281,[196]
29282,[77]
29283,[89]
29284,[131]
29285,[66]
29286,[177]
29287,[79]
29288,[215]
29289,[149]
29290,[48]
29291,[42]
29292,[279]
29293,[400]
29294,[262]
29295,[89]
29296,[346]
29297,[435]
29298,[229]
29299,[465]
29300,[105]
29301,[9]
29302,[437]
29303,[32]
29304,[9]
29305,[423]
29306,[173]
29307,[447]
29308,[111]
29309,[153]
29310,[71]
29311,[103]
29312,[79]
29313,[357]
29314,[44]
29315,[194]
29316,[447]
29317,[79]
29318,[104]
29319,[255]
29320,[78]
29321,[74]
29322,[44]
29323,[69]
29324,[55]
29325,[178]
29326,[13]
29327,[383]
29328,[401]
29329,[188]
29330,[154]
29331,[55]
29332,[39]
29333,[17]
29334,[410]
29335,[15]
29336,[79]
29337,[190]
29338,[327]
29339,[362]
29340,[44]
29341,[82]
29342,[253]
29343,[42]
29344,[7]
29345,[20]
29346,[331]
29347,[79]
29348,[326]
29349,[96]
29350,[303]
29351,[295]
29352,[243]
29353,[130]
29354,[79]
29355,[438]
29356,[152]
29357,[461]
29358,[106]
29359,[214]
29360,[91]
29361,[326]
29362,[408]
29363,[408]
29364,[167]
29365,[161]
29366,[104]
29367,[108]
29368,[169]
29369,[136]
29370,[16]
29371,[24]
29372,[421]
29373,[21]
29374,[203]
29375,[41]
29376,[79]
29377,[359]
29378,[104]
29379,[79]
29380,[202]
29381,[42]
29382,[116]
29383,[90]
29384,[416]
29385,[68]
29386,[138]
29387,[50]
29388,[398]
29389,[453]
29390,[58]
29391,[160]
29392,[123]
29393,[83]
29394,[114]
29395,[26]
29396,[331]
29397,[89]
29398,[116]
29399,[369]
29400,[304]
29401,[9]
29402,[434]
29403,[92]
29404,[228]
29405,[376]
29406,[108]
29407,[98]
29408,[193]
29409,[157]
29410,[9]
29411,[117]
29412,[74]
29413,[157]
29414,[13]
29415,[233]
29416,[39]
29417,[321]
29418,[197]
29419,[423]
29420,[78]
29421,[184]
29422,[9]
29423,[391]
29424,[180]
29425,[147]
29426,[282]
29427,[79]
29428,[89]
29429,[395]
29430,[198]
29431,[68]
29432,[21]
29433,[331]
29434,[331]
29435,[185]
29436,[167]
29437,[243]
29438,[181]
29439,[369]
29440,[343]
29441,[153]
29442,[44]
29443,[79]
29444,[104]
29445,[193]
29446,[456]
29447,[108]
29448,[308]
29449,[225]
29450,[181]
29451,[54]
29452,[89]
29453,[419]
29454,[193]
29455,[49]
29456,[359]
29457,[383]
29458,[21]
29459,[138]
29460,[147]
29461,[90]
29462,[89]
29463,[42]
29464,[34]
29465,[399]
29466,[74]
29467,[404]
29468,[47]
29469,[79]
29470,[88]
29471,[9]
29472,[194]
29473,[412]
29474,[93]
29475,[21]
29476,[193]
29477,[149]
29478,[357]
29479,[19]
29480,[79]
29481,[42]
29482,[236]
29483,[50]
29484,[89]
29485,[317]
29486,[224]
29487,[79]
29488,[82]
29489,[104]
29490,[233]
29491,[79]
29492,[9]
29493,[34]
29494,[42]
29495,[104]
29496,[76]
29497,[153]
29498,[85]
29499,[148]
29500,[218]
29501,[247]
29502,[89]
29503,[214]
29504,[213]
29505,[79]
29506,[33]
29507,[105]
29508,[104]
29509,[66]
29510,[105]
29511,[42]
29512,[49]
29513,[214]
29514,[302]
29515,[109]
29516,[104]
29517,[42]
29518,[180]
29519,[82]
29520,[107]
29521,[389]
29522,[307]
29523,[66]
29524,[153]
29525,[49]
29526,[161]
29527,[42]
29528,[451]
29529,[389]
29530,[277]
29531,[424]
29532,[409]
29533,[131]
29534,[148]
29535,[56]
29536,[80]
29537,[461]
29538,[148]
29539,[108]
29540,[234]
29541,[77]
29542,[79]
29543,[435]
29544,[47]
29545,[370]
29546,[103]
29547,[103]
29548,[455]
29549,[273]
29550,[58]
29551,[172]
29552,[213]
29553,[105]
29554,[84]
29555,[21]
29556,[412]
29557,[52]
29558,[84]
29559,[198]
29560,[242]
29561,[3]
29562,[66]
29563,[413]
29564,[16]
29565,[42]
29566,[42]
29567,[50]
29568,[359]
29569,[17]
29570,[455]
29571,[238]
29572,[79]
29573,[105]
29574,[160]
29575,[215]
29576,[14]
29577,[193]
29578,[161]
29579,[202]
29580,[207]
29581,[355]
29582,[326]
29583,[396]
29584,[359]
29585,[21]
29586,[235]
29587,[98]
29588,[123]
29589,[283]
29590,[39]
29591,[268]
29592,[45]
29593,[215]
29594,[293]
29595,[140]
29596,[73]
29597,[56]
29598,[66]
29599,[18]
29600,[273]
29601,[4]
29602,[188]
29603,[159]
29604,[273]
29605,[42]
29606,[235]
29607,[48]
29608,[400]
29609,[277]
29610,[89]
29611,[77]
29612,[16]
29613,[54]
29614,[79]
29615,[189]
29616,[192]
29617,[233]
29618,[274]
29619,[13]
29620,[106]
29621,[280]
29622,[273]
29623,[13]
29624,[438]
29625,[273]
29626,[218]
29627,[21]
29628,[34]
29629,[193]
29630,[27]
29631,[197]
29632,[79]
29633,[79]
29634,[266]
29635,[448]
29636,[88]
29637,[44]
29638,[275]
29639,[311]
29640,[55]
29641,[104]
29642,[18]
29643,[119]
29644,[44]
29645,[198]
29646,[160]
29647,[105]
29648,[273]
29649,[354]
29650,[105]
29651,[359]
29652,[351]
29653,[3]
29654,[358]
29655,[42]
29656,[89]
29657,[104]
29658,[172]
29659,[171]
29660,[13]
29661,[235]
29662,[104]
29663,[68]
29664,[326]
29665,[34]
29666,[108]
29667,[48]
29668,[180]
29669,[148]
29670,[234]
29671,[149]
29672,[42]
29673,[136]
29674,[413]
29675,[179]
29676,[73]
29677,[423]
29678,[79]
29679,[13]
29680,[21]
29681,[60]
29682,[262]
29683,[108]
29684,[75]
29685,[79]
29686,[66]
29687,[392]
29688,[160]
29689,[116]
29690,[277]
29691,[40]
29692,[263]
29693,[241]
29694,[107]
29695,[153]
29696,[367]
29697,[284]
29698,[42]
29699,[142]
29700,[170]
29701,[239]
29702,[89]
29703,[3]
29704,[471]
29705,[33]
29706,[110]
29707,[45]
29708,[21]
29709,[143]
29710,[214]
29711,[377]
29712,[202]
29713,[75]
29714,[79]
29715,[389]
29716,[243]
29717,[132]
29718,[197]
29719,[68]
29720,[359]
29721,[357]
29722,[282]
29723,[9]
29724,[139]
29725,[89]
29726,[361]
29727,[152]
29728,[394]
29729,[79]
29730,[219]
29731,[194]
29732,[340]
29733,[88]
29734,[152]
29735,[70]
29736,[8]
29737,[359]
29738,[269]
29739,[44]
29740,[383]
29741,[385]
29742,[181]
29743,[45]
29744,[131]
29745,[227]
29746,[452]
29747,[42]
29748,[50]
29749,[177]
29750,[153]
29751,[193]
29752,[44]
29753,[13]
29754,[356]
29755,[459]
29756,[141]
29757,[42]
29758,[359]
29759,[470]
29760,[161]
29761,[471]
29762,[432]
29763,[170]
29764,[79]
29765,[273]
29766,[32]
29767,[21]
29768,[440]
29769,[450]
29770,[290]
29771,[89]
29772,[42]
29773,[153]
29774,[177]
29775,[148]
29776,[116]
29777,[136]
29778,[45]
29779,[374]
29780,[101]
29781,[353]
29782,[159]
29783,[68]
29784,[54]
29785,[386]
29786,[21]
29787,[275]
29788,[71]
29789,[274]
29790,[21]
29791,[342]
29792,[39]
29793,[275]
29794,[464]
29795,[79]
29796,[273]
29797,[42]
29798,[269]
29799,[20]
29800,[115]
29801,[275]
29802,[100]
29803,[152]
29804,[9]
29805,[188]
29806,[194]
29807,[457]
29808,[277]
29809,[142]
29810,[273]
29811,[423]
29812,[399]
29813,[212]
29814,[376]
29815,[68]
29816,[8]
29817,[167]
29818,[142]
29819,[60]
29820,[13]
29821,[20]
29822,[8]
29823,[79]
29824,[152]
29825,[196]
29826,[215]
29827,[21]
29828,[395]
29829,[24]
29830,[111]
29831,[25]
29832,[45]
29833,[79]
29834,[105]
29835,[79]
29836,[364]
29837,[238]
29838,[275]
29839,[158]
29840,[290]
29841,[331]
29842,[374]
29843,[100]
29844,[161]
29845,[45]
29846,[16]
29847,[349]
29848,[154]
29849,[204]
29850,[255]
29851,[21]
29852,[128]
29853,[90]
29854,[161]
29855,[198]
29856,[461]
29857,[114]
29858,[104]
29859,[44]
29860,[117]
29861,[55]
29862,[424]
29863,[150]
29864,[188]
29865,[158]
29866,[234]
29867,[68]
29868,[384]
29869,[153]
29870,[45]
29871,[9]
29872,[50]
29873,[104]
29874,[9]
29875,[90]
29876,[311]
29877,[145]
29878,[40]
29879,[79]
29880,[284]
29881,[68]
29882,[179]
29883,[292]
29884,[42]
29885,[91]
29886,[197]
29887,[127]
29888,[20]
29889,[42]
29890,[238]
29891,[66]
29892,[50]
29893,[138]
29894,[351]
29895,[89]
29896,[320]
29897,[464]
29898,[275]
29899,[386]
29900,[367]
29901,[242]
29902,[268]
29903,[34]
29904,[9]
29905,[73]
29906,[92]
29907,[321]
29908,[79]
29909,[71]
29910,[277]
29911,[395]
29912,[233]
29913,[71]
29914,[111]
29915,[367]
29916,[89]
29917,[37]
29918,[359]
29919,[195]
29920,[89]
29921,[213]
29922,[83]
29923,[152]
29924,[74]
29925,[104]
29926,[168]
29927,[105]
29928,[68]
29929,[193]
29930,[443]
29931,[459]
29932,[140]
29933,[91]
29934,[25]
29935,[216]
29936,[110]
29937,[110]
29938,[89]
29939,[89]
29940,[277]
29941,[31]
29942,[408]
29943,[85]
29944,[167]
29945,[124]
29946,[470]
29947,[229]
29948,[50]
29949,[242]
29950,[449]
29951,[79]
29952,[281]
29953,[117]
29954,[148]
29955,[203]
29956,[166]
29957,[9]
29958,[9]
29959,[105]
29960,[68]
29961,[105]
29962,[296]
29963,[107]
29964,[149]
29965,[273]
29966,[79]
29967,[242]
29968,[79]
29969,[24]
29970,[5]
29971,[317]
29972,[277]
29973,[361]
29974,[104]
29975,[315]
29976,[120]
29977,[152]
29978,[273]
29979,[105]
29980,[21]
29981,[97]
29982,[331]
29983,[240]
29984,[33]
29985,[157]
29986,[68]
29987,[381]
29988,[111]
29989,[374]
29990,[111]
29991,[235]
29992,[107]
29993,[359]
29994,[104]
29995,[328]
29996,[404]
29997,[395]
29998,[227]
29999,[359]
30000,[35]
30001,[152]
30002,[403]
30003,[108]
30004,[42]
30005,[352]
30006,[262]
30007,[193]
30008,[79]
30009,[15]
30010,[385]
30011,[117]
30012,[351]
30013,[144]
30014,[34]
30015,[138]
30016,[92]
30017,[380]
30018,[213]
30019,[167]
30020,[34]
30021,[14]
30022,[79]
30023,[279]
30024,[196]
30025,[75]
30026,[272]
30027,[381]
30028,[401]
30029,[204]
30030,[196]
30031,[138]
30032,[331]
30033,[79]
30034,[277]
30035,[49]
30036,[105]
30037,[166]
30038,[35]
30039,[153]
30040,[44]
30041,[383]
30042,[218]
30043,[315]
30044,[385]
30045,[40]
30046,[376]
30047,[79]
30048,[203]
30049,[42]
30050,[214]
30051,[115]
30052,[21]
30053,[376]
30054,[268]
30055,[73]
30056,[66]
30057,[376]
30058,[242]
30059,[35]
30060,[148]
30061,[369]
30062,[72]
30063,[177]
30064,[105]
30065,[357]
30066,[386]
30067,[159]
30068,[108]
30069,[55]
30070,[109]
30071,[9]
30072,[213]
30073,[83]
30074,[42]
30075,[117]
30076,[97]
30077,[42]
30078,[89]
30079,[76]
30080,[232]
30081,[42]
30082,[83]
30083,[46]
30084,[65]
30085,[169]
30086,[369]
30087,[117]
30088,[165]
30089,[111]
30090,[382]
30091,[182]
30092,[293]
30093,[32]
30094,[4]
30095,[100]
30096,[336]
30097,[97]
30098,[143]
30099,[245]
30100,[84]
30101,[152]
30102,[107]
30103,[152]
30104,[107]
30105,[117]
30106,[452]
30107,[153]
30108,[55]
30109,[99]
30110,[148]
30111,[452]
30112,[224]
30113,[74]
30114,[290]
30115,[152]
30116,[76]
30117,[136]
30118,[104]
30119,[127]
30120,[193]
30121,[391]
30122,[460]
30123,[13]
30124,[152]
30125,[13]
30126,[344]
30127,[141]
30128,[48]
30129,[292]
30130,[327]
30131,[371]
30132,[20]
30133,[159]
30134,[9]
30135,[111]
30136,[50]
30137,[377]
30138,[229]
30139,[50]
30140,[16]
30141,[18]
30142,[185]
30143,[89]
30144,[77]
30145,[52]
30146,[54]
30147,[8]
30148,[79]
30149,[193]
30150,[193]
30151,[6]
30152,[152]
30153,[79]
30154,[37]
30155,[357]
30156,[277]
30157,[361]
30158,[1]
30159,[34]
30160,[13]
30161,[179]
30162,[89]
30163,[104]
30164,[401]
30165,[336]
30166,[42]
30167,[273]
30168,[273]
30169,[21]
30170,[143]
30171,[266]
30172,[214]
30173,[160]
30174,[457]
30175,[21]
30176,[60]
30177,[374]
30178,[127]
30179,[151]
30180,[243]
30181,[297]
30182,[33]
30183,[357]
30184,[56]
30185,[64]
30186,[289]
30187,[13]
30188,[208]
30189,[79]
30190,[79]
30191,[63]
30192,[91]
30193,[109]
30194,[319]
30195,[152]
30196,[260]
30197,[90]
30198,[90]
30199,[369]
30200,[381]
30201,[98]
30202,[89]
30203,[214]
30204,[86]
30205,[197]
30206,[131]
30207,[457]
30208,[149]
30209,[89]
30210,[435]
30211,[185]
30212,[92]
30213,[198]
30214,[172]
30215,[9]
30216,[45]
30217,[457]
30218,[152]
30219,[34]
30220,[173]
30221,[386]
30222,[149]
30223,[219]
30224,[42]
30225,[260]
30226,[331]
30227,[3]
30228,[34]
30229,[9]
30230,[275]
30231,[117]
30232,[9]
30233,[398]
30234,[76]
30235,[176]
30236,[61]
30237,[363]
30238,[193]
30239,[231]
30240,[273]
30241,[303]
30242,[222]
30243,[33]
30244,[432]
30245,[40]
30246,[461]
30247,[66]
30248,[319]
30249,[42]
30250,[291]
30251,[20]
30252,[4]
30253,[9]
30254,[149]
30255,[438]
30256,[107]
30257,[50]
30258,[90]
30259,[21]
30260,[13]
30261,[107]
30262,[300]
30263,[44]
30264,[427]
30265,[79]
30266,[369]
30267,[296]
30268,[275]
30269,[9]
30270,[52]
30271,[216]
30272,[148]
30273,[299]
30274,[66]
30275,[247]
30276,[105]
30277,[357]
30278,[79]
30279,[44]
30280,[297]
30281,[367]
30282,[142]
30283,[189]
30284,[188]
30285,[79]
30286,[359]
30287,[238]
30288,[297]
30289,[3]
30290,[231]
30291,[90]
30292,[319]
30293,[42]
30294,[9]
30295,[213]
30296,[42]
30297,[154]
30298,[89]
30299,[45]
30300,[148]
30301,[211]
30302,[239]
30303,[180]
30304,[137]
30305,[405]
30306,[79]
30307,[13]
30308,[473]
30309,[118]
30310,[160]
30311,[44]
30312,[76]
30313,[68]
30314,[331]
30315,[233]
30316,[465]
30317,[315]
30318,[233]
30319,[42]
30320,[79]
30321,[49]
30322,[79]
30323,[79]
30324,[104]
30325,[104]
30326,[45]
30327,[197]
30328,[194]
30329,[99]
30330,[148]
30331,[73]
30332,[471]
30333,[243]
30334,[89]
30335,[182]
30336,[457]
30337,[73]
30338,[44]
30339,[168]
30340,[159]
30341,[290]
30342,[274]
30343,[245]
30344,[47]
30345,[273]
30346,[166]
30347,[44]
30348,[55]
30349,[79]
30350,[181]
30351,[473]
30352,[293]
30353,[101]
30354,[66]
30355,[3]
30356,[9]
30357,[159]
30358,[79]
30359,[178]
30360,[215]
30361,[432]
30362,[154]
30363,[13]
30364,[367]
30365,[22]
30366,[439]
30367,[206]
30368,[79]
30369,[125]
30370,[85]
30371,[416]
30372,[326]
30373,[219]
30374,[114]
30375,[138]
30376,[242]
30377,[131]
30378,[374]
30379,[71]
30380,[106]
30381,[234]
30382,[91]
30383,[415]
30384,[311]
30385,[41]
30386,[3]
30387,[44]
30388,[13]
30389,[79]
30390,[49]
30391,[436]
30392,[34]
30393,[42]
30394,[76]
30395,[372]
30396,[152]
30397,[292]
30398,[104]
30399,[47]
30400,[71]
30401,[89]
30402,[412]
30403,[66]
30404,[117]
30405,[261]
30406,[215]
30407,[118]
30408,[175]
30409,[471]
30410,[73]
30411,[161]
30412,[9]
30413,[79]
30414,[90]
30415,[89]
30416,[471]
30417,[359]
30418,[177]
30419,[240]
30420,[109]
30421,[27]
30422,[357]
30423,[91]
30424,[105]
30425,[205]
30426,[152]
30427,[214]
30428,[45]
30429,[16]
30430,[446]
30431,[115]
30432,[47]
30433,[42]
30434,[152]
30435,[73]
30436,[161]
30437,[35]
30438,[40]
30439,[466]
30440,[66]
30441,[290]
30442,[104]
30443,[79]
30444,[21]
30445,[14]
30446,[382]
30447,[101]
30448,[116]
30449,[153]
30450,[85]
30451,[24]
30452,[45]
30453,[108]
30454,[79]
30455,[213]
30456,[354]
30457,[173]
30458,[31]
30459,[44]
30460,[89]
30461,[179]
30462,[233]
30463,[376]
30464,[167]
30465,[233]
30466,[45]
30467,[382]
30468,[383]
30469,[48]
30470,[47]
30471,[107]
30472,[419]
30473,[461]
30474,[331]
30475,[79]
30476,[117]
30477,[41]
30478,[392]
30479,[462]
30480,[74]
30481,[280]
30482,[179]
30483,[194]
30484,[3]
30485,[108]
30486,[248]
30487,[326]
30488,[395]
30489,[116]
30490,[255]
30491,[47]
30492,[33]
30493,[335]
30494,[408]
30495,[359]
30496,[27]
30497,[153]
30498,[14]
30499,[111]
30500,[381]
30501,[41]
30502,[72]
30503,[418]
30504,[149]
30505,[31]
30506,[47]
30507,[117]
30508,[217]
30509,[186]
30510,[216]
30511,[412]
30512,[197]
30513,[27]
30514,[49]
30515,[13]
30516,[400]
30517,[98]
30518,[427]
30519,[300]
30520,[461]
30521,[90]
30522,[477]
30523,[38]
30524,[438]
30525,[230]
30526,[68]
30527,[440]
30528,[127]
30529,[466]
30530,[304]
30531,[50]
30532,[83]
30533,[19]
30534,[126]
30535,[15]
30536,[188]
30537,[181]
30538,[207]
30539,[47]
30540,[211]
30541,[14]
30542,[181]
30543,[117]
30544,[160]
30545,[144]
30546,[63]
30547,[83]
30548,[71]
30549,[413]
30550,[351]
30551,[79]
30552,[457]
30553,[193]
30554,[214]
30555,[238]
30556,[148]
30557,[158]
30558,[79]
30559,[424]
30560,[407]
30561,[83]
30562,[24]
30563,[196]
30564,[97]
30565,[447]
30566,[23]
30567,[155]
30568,[290]
30569,[104]
30570,[471]
30571,[173]
30572,[181]
30573,[84]
30574,[163]
30575,[35]
30576,[291]
30577,[275]
30578,[90]
30579,[148]
30580,[143]
30581,[79]
30582,[30]
30583,[75]
30584,[471]
30585,[274]
30586,[173]
30587,[376]
30588,[44]
30589,[104]
30590,[100]
30591,[462]
30592,[44]
30593,[121]
30594,[39]
30595,[142]
30596,[42]
30597,[118]
30598,[142]
30599,[79]
30600,[177]
30601,[79]
30602,[213]
30603,[45]
30604,[108]
30605,[193]
30606,[45]
30607,[79]
30608,[275]
30609,[198]
30610,[356]
30611,[280]
30612,[76]
30613,[160]
30614,[79]
30615,[18]
30616,[357]
30617,[186]
30618,[260]
30619,[165]
30620,[153]
30621,[228]
30622,[214]
30623,[42]
30624,[471]
30625,[367]
30626,[269]
30627,[13]
30628,[371]
30629,[18]
30630,[386]
30631,[50]
30632,[242]
30633,[13]
30634,[154]
30635,[34]
30636,[225]
30637,[73]
30638,[64]
30639,[352]
30640,[83]
30641,[14]
30642,[66]
30643,[42]
30644,[45]
30645,[357]
30646,[35]
30647,[105]
30648,[273]
30649,[472]
30650,[386]
30651,[364]
30652,[192]
30653,[13]
30654,[327]
30655,[253]
30656,[167]
30657,[32]
30658,[4]
30659,[331]
30660,[103]
30661,[369]
30662,[41]
30663,[79]
30664,[150]
30665,[281]
30666,[92]
30667,[262]
30668,[272]
30669,[89]
30670,[475]
30671,[290]
30672,[116]
30673,[35]
30674,[214]
30675,[165]
30676,[181]
30677,[273]
30678,[79]
30679,[161]
30680,[148]
30681,[181]
30682,[290]
30683,[374]
30684,[84]
30685,[118]
30686,[438]
30687,[47]
30688,[79]
30689,[142]
30690,[13]
30691,[436]
30692,[153]
30693,[435]
30694,[297]
30695,[55]
30696,[35]
30697,[381]
30698,[357]
30699,[42]
30700,[401]
30701,[89]
30702,[91]
30703,[357]
30704,[408]
30705,[249]
30706,[21]
30707,[117]
30708,[413]
30709,[9]
30710,[377]
30711,[34]
30712,[131]
30713,[13]
30714,[39]
30715,[171]
30716,[285]
30717,[104]
30718,[15]
30719,[47]
30720,[153]
30721,[242]
30722,[241]
30723,[172]
30724,[121]
30725,[359]
30726,[197]
30727,[140]
30728,[89]
30729,[191]
30730,[374]
30731,[125]
30732,[213]
30733,[9]
30734,[215]
30735,[281]
30736,[400]
30737,[153]
30738,[308]
30739,[40]
30740,[79]
30741,[73]
30742,[263]
30743,[239]
30744,[79]
30745,[452]
30746,[33]
30747,[277]
30748,[107]
30749,[49]
30750,[423]
30751,[228]
30752,[105]
30753,[61]
30754,[14]
30755,[198]
30756,[203]
30757,[13]
30758,[96]
30759,[90]
30760,[79]
30761,[115]
30762,[30]
30763,[45]
30764,[98]
30765,[136]
30766,[16]
30767,[357]
30768,[160]
30769,[66]
30770,[366]
30771,[277]
30772,[191]
30773,[171]
30774,[79]
30775,[427]
30776,[40]
30777,[152]
30778,[273]
30779,[344]
30780,[314]
30781,[21]
30782,[73]
30783,[13]
30784,[242]
30785,[79]
30786,[471]
30787,[277]
30788,[315]
30789,[214]
30790,[171]
30791,[314]
30792,[64]
30793,[79]
30794,[21]
30795,[36]
30796,[71]
30797,[181]
30798,[273]
30799,[52]
30800,[50]
30801,[215]
30802,[408]
30803,[66]
30804,[18]
30805,[374]
30806,[462]
30807,[121]
30808,[273]
30809,[78]
30810,[369]
30811,[153]
30812,[91]
30813,[273]
30814,[257]
30815,[403]
30816,[151]
30817,[268]
30818,[160]
30819,[297]
30820,[238]
30821,[399]
30822,[45]
30823,[290]
30824,[79]
30825,[107]
30826,[90]
30827,[181]
30828,[42]
30829,[381]
30830,[74]
30831,[30]
30832,[42]
30833,[35]
30834,[158]
30835,[31]
30836,[233]
30837,[48]
30838,[60]
30839,[98]
30840,[186]
30841,[474]
30842,[9]
30843,[452]
30844,[155]
30845,[88]
30846,[44]
30847,[367]
30848,[33]
30849,[153]
30850,[119]
30851,[132]
30852,[111]
30853,[118]
30854,[42]
30855,[140]
30856,[89]
30857,[111]
30858,[165]
30859,[68]
30860,[376]
30861,[461]
30862,[461]
30863,[44]
30864,[398]
30865,[48]
30866,[161]
30867,[79]
30868,[277]
30869,[45]
30870,[475]
30871,[185]
30872,[465]
30873,[305]
30874,[123]
30875,[277]
30876,[45]
30877,[78]
30878,[325]
30879,[359]
30880,[192]
30881,[186]
30882,[285]
30883,[412]
30884,[173]
30885,[338]
30886,[214]
30887,[21]
30888,[376]
30889,[419]
30890,[138]
30891,[8]
30892,[79]
30893,[167]
30894,[465]
30895,[273]
30896,[277]
30897,[105]
30898,[281]
30899,[333]
30900,[246]
30901,[178]
30902,[197]
30903,[462]
30904,[42]
30905,[233]
30906,[298]
30907,[104]
30908,[89]
30909,[104]
30910,[179]
30911,[224]
30912,[149]
30913,[64]
30914,[297]
30915,[173]
30916,[90]
30917,[243]
30918,[277]
30919,[68]
30920,[13]
30921,[55]
30922,[60]
30923,[153]
30924,[39]
30925,[297]
30926,[121]
30927,[178]
30928,[459]
30929,[400]
30930,[152]
30931,[255]
30932,[50]
30933,[44]
30934,[277]
30935,[8]
30936,[392]
30937,[16]
30938,[101]
30939,[427]
30940,[373]
30941,[475]
30942,[461]
30943,[357]
30944,[161]
30945,[163]
30946,[154]
30947,[79]
30948,[268]
30949,[79]
30950,[275]
30951,[471]
30952,[108]
30953,[235]
30954,[193]
30955,[419]
30956,[381]
30957,[50]
30958,[383]
30959,[160]
30960,[122]
30961,[268]
30962,[13]
30963,[239]
30964,[359]
30965,[49]
30966,[89]
30967,[435]
30968,[13]
30969,[198]
30970,[12]
30971,[190]
30972,[344]
30973,[90]
30974,[161]
30975,[450]
30976,[85]
30977,[91]
30978,[296]
30979,[142]
30980,[321]
30981,[64]
30982,[42]
30983,[325]
30984,[234]
30985,[215]
30986,[45]
30987,[97]
30988,[41]
30989,[21]
30990,[52]
30991,[109]
30992,[108]
30993,[92]
30994,[60]
30995,[110]
30996,[304]
30997,[104]
30998,[159]
30999,[77]
31000,[165]
31001,[161]
31002,[75]
31003,[79]
31004,[124]
31005,[376]
31006,[101]
31007,[79]
31008,[132]
31009,[26]
31010,[165]
31011,[9]
31012,[194]
31013,[275]
31014,[265]
31015,[90]
31016,[89]
31017,[117]
31018,[149]
31019,[116]
31020,[50]
31021,[147]
31022,[292]
31023,[90]
31024,[381]
31025,[153]
31026,[73]
31027,[198]
31028,[293]
31029,[418]
31030,[34]
31031,[116]
31032,[461]
31033,[42]
31034,[141]
31035,[438]
31036,[277]
31037,[331]
31038,[344]
31039,[89]
31040,[167]
31041,[444]
31042,[3]
31043,[424]
31044,[326]
31045,[89]
31046,[400]
31047,[60]
31048,[102]
31049,[328]
31050,[261]
31051,[361]
31052,[308]
31053,[189]
31054,[27]
31055,[297]
31056,[153]
31057,[39]
31058,[117]
31059,[90]
31060,[411]
31061,[78]
31062,[79]
31063,[77]
31064,[325]
31065,[44]
31066,[170]
31067,[153]
31068,[23]
31069,[351]
31070,[326]
31071,[9]
31072,[45]
31073,[371]
31074,[108]
31075,[105]
31076,[239]
31077,[248]
31078,[24]
31079,[24]
31080,[423]
31081,[283]
31082,[422]
31083,[304]
31084,[172]
31085,[79]
31086,[277]
31087,[65]
31088,[367]
31089,[9]
31090,[357]
31091,[303]
31092,[273]
31093,[99]
31094,[13]
31095,[149]
31096,[44]
31097,[13]
31098,[331]
31099,[9]
31100,[471]
31101,[89]
31102,[107]
31103,[92]
31104,[213]
31105,[299]
31106,[374]
31107,[189]
31108,[75]
31109,[44]
31110,[104]
31111,[301]
31112,[85]
31113,[194]
31114,[104]
31115,[349]
31116,[408]
31117,[101]
31118,[117]
31119,[83]
31120,[110]
31121,[105]
31122,[103]
31123,[361]
31124,[168]
31125,[42]
31126,[161]
31127,[357]
31128,[79]
31129,[188]
31130,[63]
31131,[196]
31132,[188]
31133,[461]
31134,[389]
31135,[27]
31136,[215]
31137,[54]
31138,[169]
31139,[90]
31140,[278]
31141,[98]
31142,[279]
31143,[55]
31144,[102]
31145,[220]
31146,[318]
31147,[215]
31148,[3]
31149,[243]
31150,[68]
31151,[40]
31152,[58]
31153,[32]
31154,[315]
31155,[8]
31156,[277]
31157,[44]
31158,[188]
31159,[301]
31160,[285]
31161,[357]
31162,[39]
31163,[299]
31164,[79]
31165,[12]
31166,[24]
31167,[153]
31168,[71]
31169,[186]
31170,[84]
31171,[127]
31172,[34]
31173,[39]
31174,[83]
31175,[20]
31176,[277]
31177,[380]
31178,[49]
31179,[293]
31180,[149]
31181,[109]
31182,[14]
31183,[359]
31184,[36]
31185,[50]
31186,[123]
31187,[357]
31188,[319]
31189,[33]
31190,[75]
31191,[273]
31192,[89]
31193,[269]
31194,[297]
31195,[79]
31196,[289]
31197,[275]
31198,[9]
31199,[49]
31200,[160]
31201,[89]
31202,[9]
31203,[45]
31204,[193]
31205,[109]
31206,[97]
31207,[165]
31208,[99]
31209,[79]
31210,[124]
31211,[242]
31212,[464]
31213,[55]
31214,[88]
31215,[105]
31216,[215]
31217,[283]
31218,[248]
31219,[34]
31220,[3]
31221,[360]
31222,[165]
31223,[104]
31224,[427]
31225,[452]
31226,[321]
31227,[381]
31228,[110]
31229,[291]
31230,[165]
31231,[70]
31232,[233]
31233,[343]
31234,[333]
31235,[110]
31236,[118]
31237,[430]
31238,[207]
31239,[117]
31240,[42]
31241,[41]
31242,[45]
31243,[218]
31244,[151]
31245,[121]
31246,[104]
31247,[416]
31248,[192]
31249,[89]
31250,[214]
31251,[42]
31252,[42]
31253,[25]
31254,[233]
31255,[153]
31256,[170]
31257,[6]
31258,[325]
31259,[280]
31260,[9]
31261,[114]
31262,[92]
31263,[440]
31264,[104]
31265,[435]
31266,[24]
31267,[66]
31268,[8]
31269,[34]
31270,[177]
31271,[166]
31272,[376]
31273,[44]
31274,[238]
31275,[161]
31276,[79]
31277,[64]
