item_id,knowledge_code
1,[40]
2,[50]
3,[32]
4,"[32, 40, 50]"
5,[40]
6,[50]
7,[32]
8,"[32, 40, 45, 50]"
9,[45]
10,[45]
11,[45]
12,[45]
13,[49]
14,[49]
15,[49]
16,[45]
17,[49]
18,[49]
19,[49]
20,[49]
21,[49]
22,[49]
23,[49]
24,[49]
25,[49]
26,[49]
27,[49]
28,[49]
29,[49]
30,[49]
31,[40]
32,[31]
33,"[31, 40, 45, 49]"
34,[39]
35,[39]
36,[77]
37,[76]
38,[77]
39,[77]
40,[76]
41,[76]
42,[76]
43,[77]
44,[76]
45,[76]
46,[77]
47,[77]
48,[76]
49,[75]
50,[77]
51,[75]
52,[75]
53,[75]
54,[75]
55,[77]
56,[76]
57,[76]
58,[77]
59,[77]
60,[76]
61,[76]
62,[76]
63,[76]
64,[83]
65,[21]
66,[83]
67,"[8, 45]"
68,"[8, 45]"
69,"[8, 45]"
70,"[8, 45]"
71,"[8, 45]"
72,"[8, 45]"
73,"[8, 45]"
74,"[8, 45]"
75,"[8, 45]"
76,"[8, 45]"
77,"[8, 45]"
78,"[8, 45]"
79,"[8, 45]"
80,"[8, 45]"
81,"[8, 45]"
82,"[8, 45]"
83,"[8, 45]"
84,"[8, 45]"
85,"[8, 45]"
86,"[8, 45]"
87,"[8, 45]"
88,"[8, 45]"
89,"[8, 45]"
90,"[8, 45]"
91,"[8, 45]"
92,"[8, 45]"
93,"[8, 45]"
94,"[8, 45]"
95,"[8, 45]"
96,"[8, 45]"
97,"[8, 45]"
98,"[8, 45]"
99,"[8, 45]"
100,"[8, 45]"
101,"[8, 45]"
102,"[8, 45]"
103,"[8, 45]"
104,"[8, 45]"
105,"[8, 45]"
106,"[8, 45]"
107,"[8, 45]"
108,"[8, 45]"
109,"[8, 45]"
110,"[8, 45]"
111,"[8, 45]"
112,"[8, 45]"
113,"[8, 45]"
114,"[8, 45]"
115,"[8, 45]"
116,"[8, 45]"
117,"[8, 45]"
118,"[8, 45]"
119,"[8, 45]"
120,"[8, 45]"
121,"[8, 45]"
122,"[8, 45]"
123,"[8, 45]"
124,"[8, 45]"
125,"[8, 45]"
126,"[8, 45]"
127,"[2, 45]"
128,"[2, 45]"
129,"[2, 45]"
130,"[2, 45]"
131,"[2, 45]"
132,"[2, 45]"
133,"[2, 45]"
134,"[2, 45]"
135,"[2, 45]"
136,"[2, 45]"
137,"[2, 45]"
138,"[2, 45]"
139,"[2, 45]"
140,"[2, 45]"
141,"[2, 45]"
142,"[2, 45]"
143,"[2, 45]"
144,"[2, 45]"
145,"[2, 45]"
146,"[2, 45]"
147,"[2, 45]"
148,"[2, 45]"
149,"[2, 45]"
150,"[2, 45]"
151,"[2, 45]"
152,"[2, 45]"
153,"[2, 45]"
154,"[2, 45]"
155,"[2, 45]"
156,"[2, 45]"
157,"[2, 45]"
158,"[2, 45]"
159,"[2, 45]"
160,"[2, 45]"
161,"[2, 45]"
162,"[2, 45]"
163,"[2, 45]"
164,"[2, 45]"
165,"[2, 45]"
166,"[2, 45]"
167,"[2, 45]"
168,"[2, 45]"
169,"[2, 45]"
170,"[2, 45]"
171,"[2, 45]"
172,"[2, 45]"
173,"[2, 45]"
174,"[2, 45]"
175,"[2, 45]"
176,"[2, 45]"
177,"[2, 45]"
178,"[2, 45]"
179,"[2, 45]"
180,"[2, 45]"
181,"[2, 45]"
182,"[2, 45]"
183,"[2, 45]"
184,"[2, 45]"
185,"[2, 45]"
186,"[2, 45]"
187,"[7, 66]"
188,"[7, 66]"
189,"[7, 66]"
190,"[7, 66]"
191,"[7, 66]"
192,"[7, 66]"
193,"[7, 66]"
194,"[7, 66]"
195,"[7, 66]"
196,"[7, 66]"
197,"[7, 66]"
198,"[7, 66]"
199,"[7, 66]"
200,"[7, 66]"
201,"[7, 66]"
202,"[7, 66]"
203,"[7, 66]"
204,"[7, 66]"
205,"[7, 66]"
206,"[7, 66]"
207,"[7, 66]"
208,"[7, 66]"
209,"[7, 66]"
210,"[7, 66]"
211,"[7, 66]"
212,"[7, 66]"
213,"[7, 66]"
214,"[7, 66]"
215,"[7, 41]"
216,"[7, 41]"
217,"[7, 41]"
218,"[7, 41]"
219,"[7, 41]"
220,"[7, 41]"
221,[48]
222,"[7, 41]"
223,"[7, 41]"
224,"[7, 41]"
225,"[7, 41]"
226,"[7, 41]"
227,"[7, 41]"
228,"[7, 41]"
229,"[7, 41]"
230,"[7, 41]"
231,"[7, 41]"
232,"[7, 41]"
233,"[7, 41]"
234,"[7, 41]"
235,"[7, 41]"
236,"[7, 41]"
237,"[7, 41]"
238,"[7, 41]"
239,"[7, 41]"
240,"[7, 41]"
241,"[7, 41]"
242,"[7, 41]"
243,"[7, 41]"
244,"[7, 41]"
245,"[46, 59]"
246,"[46, 59]"
247,"[46, 59]"
248,"[46, 59]"
249,"[46, 59]"
250,"[46, 59]"
251,"[46, 59]"
252,"[46, 59]"
253,"[46, 59]"
254,"[46, 59]"
255,"[46, 59]"
256,"[46, 59]"
257,"[46, 59]"
258,"[46, 59]"
259,"[46, 59]"
260,"[46, 59]"
261,"[46, 59]"
262,"[46, 59]"
263,"[46, 59]"
264,"[46, 59]"
265,"[46, 59]"
266,"[46, 59]"
267,"[46, 59]"
268,"[46, 59]"
269,"[46, 59]"
270,"[46, 59]"
271,"[46, 59]"
272,"[46, 59]"
273,"[46, 59]"
274,"[46, 59]"
275,"[46, 59]"
276,"[46, 59]"
277,"[46, 59]"
278,"[46, 59]"
279,"[46, 59]"
280,"[46, 59]"
281,"[46, 59]"
282,"[46, 59]"
283,"[46, 59]"
284,"[46, 59]"
285,"[46, 59]"
286,"[46, 59]"
287,"[46, 59]"
288,"[46, 59]"
289,"[46, 59]"
290,"[46, 59]"
291,"[46, 59]"
292,"[46, 59]"
293,"[46, 59]"
294,"[46, 59]"
295,"[46, 59]"
296,"[46, 59]"
297,"[46, 59]"
298,"[46, 59]"
299,"[46, 59]"
300,"[46, 59]"
301,"[46, 59]"
302,"[46, 59]"
303,"[46, 59]"
304,"[46, 59]"
305,"[46, 59]"
306,"[46, 59]"
307,"[46, 59]"
308,"[46, 59]"
309,"[46, 59]"
310,"[46, 59]"
311,"[46, 59]"
312,"[46, 59]"
313,"[46, 59]"
314,"[46, 59]"
315,"[46, 59]"
316,"[46, 59]"
317,"[46, 59]"
318,"[46, 59]"
319,"[46, 59]"
320,"[46, 59]"
321,"[46, 59]"
322,"[7, 38]"
323,"[7, 38]"
324,"[7, 38]"
325,"[7, 38]"
326,"[7, 38]"
327,"[7, 38]"
328,"[7, 38]"
329,"[7, 38]"
330,"[7, 38]"
331,"[7, 38]"
332,"[7, 38]"
333,"[7, 38]"
334,"[7, 38]"
335,"[7, 38]"
336,"[7, 38]"
337,"[7, 38]"
338,"[7, 38]"
339,"[7, 38]"
340,"[7, 38]"
341,"[7, 38]"
342,"[7, 38]"
343,"[7, 38]"
344,"[7, 38]"
345,"[7, 38]"
346,"[7, 38]"
347,"[7, 38]"
348,"[7, 38]"
349,"[7, 38]"
350,"[7, 38]"
351,"[7, 38]"
352,"[7, 38]"
353,"[7, 38]"
354,"[7, 38]"
355,"[7, 38]"
356,"[7, 38]"
357,"[7, 38]"
358,"[7, 38]"
359,"[7, 38]"
360,"[7, 38]"
361,"[7, 38]"
362,"[7, 38]"
363,"[7, 38]"
364,"[7, 38]"
365,"[7, 38]"
366,"[7, 38]"
367,"[7, 38]"
368,"[7, 38]"
369,"[7, 38]"
370,"[7, 38]"
371,"[7, 38]"
372,"[7, 38]"
373,"[7, 38]"
374,"[7, 38]"
375,"[7, 38]"
376,"[7, 38]"
377,"[7, 38]"
378,"[7, 38]"
379,"[7, 38]"
380,"[7, 38]"
381,"[7, 38]"
382,"[7, 38]"
383,"[7, 38]"
384,"[7, 38]"
385,"[7, 38]"
386,"[7, 38]"
387,"[7, 38]"
388,"[7, 38]"
389,"[7, 38]"
390,"[7, 38]"
391,"[7, 38]"
392,"[7, 38]"
393,"[7, 38]"
394,"[7, 38]"
395,"[7, 38]"
396,"[7, 38]"
397,"[7, 38]"
398,"[7, 38]"
399,"[7, 38]"
400,"[7, 38]"
401,"[7, 38]"
402,"[7, 38]"
403,"[7, 38]"
404,"[7, 38]"
405,"[7, 38]"
406,"[7, 38]"
407,"[7, 38]"
408,"[7, 38]"
409,"[7, 38]"
410,"[7, 38]"
411,"[7, 38]"
412,"[7, 38]"
413,"[7, 38]"
414,"[7, 38]"
415,"[7, 38]"
416,"[7, 38]"
417,"[7, 38]"
418,"[7, 38]"
419,"[7, 38]"
420,"[7, 38]"
421,"[7, 38]"
422,"[7, 38]"
423,"[7, 38]"
424,"[7, 38]"
425,"[7, 38]"
426,"[7, 38]"
427,"[7, 38]"
428,"[7, 38]"
429,"[7, 38]"
430,"[7, 38]"
431,"[7, 38]"
432,"[7, 38]"
433,"[7, 38]"
434,"[7, 38]"
435,"[7, 38]"
436,"[7, 38]"
437,"[7, 38]"
438,"[7, 38]"
439,"[7, 38]"
440,"[7, 38]"
441,"[7, 38]"
442,"[7, 38]"
443,"[7, 38]"
444,"[7, 38]"
445,"[7, 38]"
446,"[7, 38]"
447,"[7, 38]"
448,"[7, 38]"
449,"[7, 38]"
450,"[7, 38]"
451,"[7, 38]"
452,"[7, 38]"
453,"[7, 38]"
454,"[7, 38]"
455,"[7, 38]"
456,"[7, 38]"
457,"[7, 38]"
458,"[7, 38]"
459,"[7, 38]"
460,"[7, 38]"
461,"[7, 38]"
462,"[7, 38]"
463,"[7, 38]"
464,"[7, 38]"
465,"[7, 38]"
466,"[7, 38]"
467,"[7, 38]"
468,"[7, 38]"
469,"[7, 38]"
470,"[7, 38]"
471,"[7, 38]"
472,"[7, 38]"
473,"[7, 38]"
474,"[7, 38]"
475,"[7, 38]"
476,"[7, 38]"
477,"[7, 38]"
478,"[7, 38]"
479,"[7, 38]"
480,"[7, 38]"
481,"[7, 38]"
482,"[7, 38]"
483,"[7, 38]"
484,"[7, 38]"
485,"[7, 38]"
486,"[7, 38]"
487,"[7, 38]"
488,"[7, 38]"
489,"[7, 38]"
490,"[7, 38]"
491,"[7, 38]"
492,"[7, 38]"
493,"[7, 38]"
494,"[7, 38]"
495,"[7, 38]"
496,[5]
497,[5]
498,[5]
499,[5]
500,[5]
501,[5]
502,[5]
503,[5]
504,[5]
505,[5]
506,[5]
507,[5]
508,[5]
509,[5]
510,[5]
511,[5]
512,[5]
513,[5]
514,[5]
515,[5]
516,[5]
517,[5]
518,[5]
519,[5]
520,[5]
521,[5]
522,[5]
523,[5]
524,[5]
525,[5]
526,"[7, 9]"
527,"[7, 9]"
528,"[7, 9]"
529,"[7, 9]"
530,"[7, 9]"
531,"[7, 9]"
532,"[7, 9]"
533,"[7, 9]"
534,"[7, 9]"
535,"[7, 9]"
536,"[7, 9]"
537,"[7, 9]"
538,"[7, 9]"
539,"[7, 9]"
540,"[7, 9]"
541,"[7, 9]"
542,"[7, 9]"
543,"[7, 9]"
544,"[7, 9]"
545,"[7, 9]"
546,"[7, 9]"
547,"[7, 9]"
548,"[7, 9]"
549,"[7, 9]"
550,"[7, 9]"
551,"[7, 9]"
552,"[7, 9]"
553,"[7, 9]"
554,"[7, 9]"
555,"[7, 9]"
556,"[7, 10]"
557,"[7, 10]"
558,"[7, 10]"
559,"[7, 10]"
560,"[7, 10]"
561,"[7, 10]"
562,"[7, 10]"
563,"[7, 10]"
564,"[7, 10]"
565,"[7, 10]"
566,"[7, 10]"
567,"[7, 10]"
568,"[7, 10]"
569,"[7, 10]"
570,"[7, 10]"
571,"[7, 10]"
572,"[7, 10]"
573,"[7, 10]"
574,"[7, 10]"
575,"[7, 10]"
576,"[7, 10]"
577,"[7, 10]"
578,"[7, 12]"
579,"[7, 12]"
580,"[7, 12]"
581,"[7, 12]"
582,"[7, 12]"
583,"[7, 12]"
584,"[7, 12]"
585,"[7, 12]"
586,"[7, 12]"
587,"[7, 12]"
588,"[7, 12]"
589,"[7, 12]"
590,"[7, 12]"
591,"[7, 12]"
592,"[7, 12]"
593,"[7, 12]"
594,"[7, 12]"
595,"[7, 12]"
596,"[7, 12]"
597,"[7, 12]"
598,"[7, 12]"
599,"[7, 12]"
600,"[7, 12]"
601,"[7, 12]"
602,[38]
603,[38]
604,[38]
605,[38]
606,[38]
607,[38]
608,[38]
609,[38]
610,[38]
611,[38]
612,[38]
613,[38]
614,[38]
615,[38]
616,[38]
617,[38]
618,[38]
619,[38]
620,[38]
621,[38]
622,[38]
623,[38]
624,[38]
625,[38]
626,[38]
627,[38]
628,[38]
629,[38]
630,[38]
631,[38]
632,"[46, 59]"
633,"[46, 59]"
634,"[46, 59]"
635,"[46, 59]"
636,"[46, 59]"
637,"[46, 59]"
638,"[46, 59]"
639,"[46, 59]"
640,"[46, 59]"
641,"[46, 59]"
642,"[46, 59]"
643,"[46, 59]"
644,"[46, 59]"
645,"[46, 59]"
646,"[46, 59]"
647,"[46, 59]"
648,"[46, 59]"
649,"[46, 59]"
650,"[46, 59]"
651,"[46, 59]"
652,"[46, 59]"
653,"[46, 59]"
654,"[46, 59]"
655,"[46, 59]"
656,"[46, 59]"
657,"[46, 59]"
658,"[46, 59]"
659,"[46, 59]"
660,"[46, 59]"
661,"[46, 59]"
662,"[46, 59]"
663,"[46, 59]"
664,"[46, 59]"
665,"[46, 59]"
666,"[46, 59]"
667,"[46, 59]"
668,"[46, 59]"
669,"[46, 59]"
670,"[46, 59]"
671,"[46, 59]"
672,"[46, 59]"
673,"[46, 59]"
674,"[46, 59]"
675,"[46, 59]"
676,"[46, 59]"
677,"[46, 59]"
678,"[46, 59]"
679,"[46, 59]"
680,"[46, 59]"
681,"[46, 59]"
682,"[46, 59]"
683,"[46, 59]"
684,"[46, 59]"
685,"[46, 59]"
686,"[46, 59]"
687,"[46, 59]"
688,"[46, 59]"
689,"[46, 59]"
690,"[46, 59]"
691,"[46, 59]"
692,"[46, 59]"
693,"[46, 59]"
694,"[46, 59]"
695,"[46, 59]"
696,"[46, 59]"
697,"[46, 59]"
698,"[46, 59]"
699,"[46, 59]"
700,"[46, 59]"
701,"[46, 59]"
702,"[46, 59]"
703,"[46, 59]"
704,"[46, 59]"
705,"[46, 59]"
706,"[46, 59]"
707,"[46, 59]"
708,"[46, 59]"
709,"[46, 59]"
710,"[46, 59]"
711,"[46, 59]"
712,"[46, 59]"
713,"[46, 59]"
714,"[46, 59]"
715,"[46, 59]"
716,"[46, 59]"
717,"[46, 59]"
718,"[46, 59]"
719,[105]
720,[105]
721,[105]
722,[105]
723,[105]
724,[105]
725,[105]
726,[105]
727,[105]
728,[105]
729,[105]
730,[105]
731,[105]
732,[105]
733,[105]
734,[105]
735,[105]
736,[105]
737,[105]
738,[105]
739,[105]
740,[105]
741,[105]
742,[105]
743,[105]
744,[105]
745,[105]
746,[105]
747,[105]
748,[105]
749,[105]
750,[105]
751,[105]
752,[105]
753,[105]
754,[105]
755,[105]
756,[105]
757,[105]
758,[105]
759,[105]
760,[105]
761,[105]
762,[105]
763,[105]
764,[105]
765,[105]
766,[105]
767,[105]
768,[105]
769,[105]
770,[105]
771,[105]
772,[105]
773,[105]
774,[105]
775,[105]
776,[105]
777,[105]
778,[105]
779,"[7, 11]"
780,"[7, 11]"
781,"[7, 11]"
782,"[7, 11]"
783,"[7, 11]"
784,"[7, 11]"
785,"[7, 11]"
786,"[7, 11]"
787,"[7, 11]"
788,"[7, 11]"
789,"[7, 11]"
790,"[7, 11]"
791,"[7, 11]"
792,"[7, 11]"
793,"[7, 11]"
794,"[7, 11]"
795,"[7, 11]"
796,"[7, 11]"
797,"[7, 11]"
798,"[7, 11]"
799,"[7, 11]"
800,"[7, 11]"
801,"[7, 11]"
802,"[7, 9]"
803,"[7, 9]"
804,"[7, 9]"
805,"[7, 9]"
806,"[7, 9]"
807,"[7, 9]"
808,"[7, 9]"
809,"[7, 9]"
810,"[7, 9]"
811,"[7, 9]"
812,"[7, 9]"
813,"[7, 9]"
814,"[7, 9]"
815,"[7, 9]"
816,"[7, 9]"
817,"[7, 9]"
818,"[7, 9]"
819,[98]
820,[98]
821,[98]
822,[98]
823,[98]
824,[98]
825,[98]
826,[98]
827,[98]
828,[98]
829,[98]
830,[98]
831,[98]
832,[98]
833,[98]
834,[98]
835,[98]
836,[98]
837,[98]
838,[98]
839,[98]
840,[98]
841,[98]
842,[98]
843,[98]
844,[98]
845,[98]
846,[98]
847,[98]
848,[98]
849,[98]
850,[98]
851,[98]
852,[98]
853,[98]
854,[98]
855,[98]
856,[98]
857,[98]
858,[98]
859,[98]
860,[98]
861,[98]
862,[98]
863,[98]
864,[98]
865,[98]
866,[98]
867,[98]
868,[98]
869,[98]
870,[98]
871,[98]
872,[98]
873,[98]
874,[98]
875,[98]
876,[98]
877,[98]
878,[98]
879,[98]
880,[98]
881,[98]
882,[98]
883,[98]
884,[98]
885,[98]
886,[98]
887,[98]
888,[98]
889,[98]
890,[98]
891,[98]
892,[98]
893,[98]
894,[98]
895,[98]
896,[98]
897,[98]
898,[98]
899,[98]
900,[98]
901,[98]
902,[98]
903,[98]
904,[98]
905,[98]
906,[98]
907,[98]
908,[98]
909,[98]
910,[98]
911,[98]
912,[98]
913,[98]
914,[98]
915,[98]
916,[98]
917,[98]
918,[98]
919,[98]
920,[98]
921,[98]
922,[98]
923,[98]
924,[98]
925,[98]
926,[98]
927,[98]
928,[98]
929,[98]
930,[98]
931,[98]
932,[98]
933,[98]
934,[98]
935,[98]
936,[98]
937,[98]
938,[98]
939,[98]
940,[98]
941,[98]
942,[98]
943,[98]
944,[98]
945,[98]
946,[98]
947,[98]
948,[98]
949,[98]
950,[98]
951,[98]
952,[98]
953,[98]
954,[98]
955,[98]
956,[98]
957,[98]
958,[98]
959,[98]
960,[98]
961,[98]
962,[98]
963,[98]
964,[98]
965,[98]
966,[97]
967,[97]
968,[97]
969,[97]
970,[97]
971,[97]
972,[97]
973,[97]
974,[97]
975,[97]
976,[97]
977,[97]
978,[97]
979,[97]
980,[97]
981,[97]
982,[97]
983,[97]
984,[97]
985,[97]
986,[97]
987,[97]
988,[97]
989,[97]
990,[97]
991,[97]
992,[97]
993,[97]
994,[97]
995,[97]
996,[3]
997,[3]
998,[3]
999,[3]
1000,[3]
1001,[3]
1002,[3]
1003,[3]
1004,[3]
1005,[3]
1006,[3]
1007,[3]
1008,[3]
1009,[3]
1010,[3]
1011,[3]
1012,[3]
1013,[3]
1014,[3]
1015,[3]
1016,[3]
1017,[3]
1018,[3]
1019,[3]
1020,[3]
1021,[3]
1022,[3]
1023,[3]
1024,[3]
1025,[3]
1026,[3]
1027,[3]
1028,[3]
1029,[3]
1030,[3]
1031,[3]
1032,[3]
1033,[3]
1034,[3]
1035,[3]
1036,[3]
1037,"[1, 10]"
1038,"[1, 10]"
1039,"[1, 10]"
1040,"[1, 10]"
1041,"[1, 10]"
1042,"[1, 10]"
1043,"[1, 10]"
1044,"[1, 10]"
1045,"[1, 10]"
1046,"[1, 10]"
1047,"[1, 10]"
1048,"[1, 10]"
1049,"[1, 10]"
1050,"[1, 10]"
1051,"[1, 10]"
1052,"[1, 10]"
1053,"[1, 10]"
1054,"[1, 10]"
1055,"[1, 10]"
1056,"[1, 10]"
1057,"[1, 10]"
1058,"[1, 10]"
1059,"[1, 10]"
1060,"[1, 10]"
1061,"[1, 10]"
1062,"[1, 10]"
1063,"[1, 10]"
1064,"[1, 10]"
1065,"[1, 10]"
1066,"[1, 10]"
1067,"[1, 10]"
1068,"[1, 10]"
1069,"[1, 10]"
1070,"[1, 10]"
1071,"[1, 10]"
1072,"[1, 10]"
1073,"[1, 10]"
1074,"[1, 10]"
1075,"[1, 10]"
1076,"[1, 10]"
1077,"[1, 10]"
1078,"[1, 10]"
1079,"[1, 10]"
1080,"[1, 10]"
1081,"[1, 10]"
1082,"[1, 10]"
1083,"[1, 10]"
1084,"[1, 10]"
1085,"[1, 10]"
1086,"[1, 10]"
1087,"[1, 10]"
1088,"[1, 10]"
1089,"[1, 10]"
1090,"[1, 10]"
1091,"[1, 10]"
1092,"[1, 10]"
1093,"[1, 10]"
1094,"[1, 10]"
1095,"[1, 10]"
1096,"[1, 10]"
1097,"[1, 12]"
1098,"[1, 12]"
1099,"[1, 12]"
1100,"[1, 12]"
1101,"[1, 12]"
1102,"[1, 12]"
1103,"[1, 12]"
1104,"[1, 12]"
1105,"[1, 12]"
1106,"[1, 12]"
1107,"[1, 12]"
1108,"[1, 12]"
1109,"[1, 12]"
1110,"[1, 12]"
1111,"[1, 12]"
1112,"[1, 12]"
1113,"[1, 12]"
1114,"[1, 12]"
1115,"[1, 12]"
1116,"[1, 12]"
1117,"[1, 12]"
1118,"[1, 12]"
1119,"[1, 12]"
1120,"[1, 12]"
1121,"[1, 12]"
1122,"[1, 12]"
1123,"[1, 12]"
1124,"[1, 12]"
1125,"[1, 12]"
1126,"[1, 12]"
1127,[57]
1128,[57]
1129,[57]
1130,[57]
1131,[57]
1132,[57]
1133,[57]
1134,[57]
1135,[57]
1136,[57]
1137,[57]
1138,[57]
1139,[57]
1140,[57]
1141,[57]
1142,[57]
1143,[57]
1144,[57]
1145,[57]
1146,[57]
1147,[57]
1148,[57]
1149,[57]
1150,[57]
1151,[57]
1152,[57]
1153,[57]
1154,[57]
1155,[57]
1156,[57]
1157,[57]
1158,[57]
1159,[57]
1160,[57]
1161,[57]
1162,[57]
1163,[57]
1164,[57]
1165,[57]
1166,[57]
1167,[57]
1168,[57]
1169,[57]
1170,[57]
1171,[57]
1172,[57]
1173,[57]
1174,[57]
1175,[57]
1176,[57]
1177,[57]
1178,[57]
1179,[57]
1180,[57]
1181,[57]
1182,[57]
1183,[57]
1184,[57]
1185,[57]
1186,[57]
1187,[34]
1188,[34]
1189,[34]
1190,[34]
1191,[34]
1192,[34]
1193,[34]
1194,[34]
1195,[34]
1196,[34]
1197,[34]
1198,[34]
1199,[34]
1200,[34]
1201,[34]
1202,[34]
1203,[34]
1204,[34]
1205,[34]
1206,[34]
1207,[34]
1208,[34]
1209,[34]
1210,[34]
1211,[34]
1212,[34]
1213,[34]
1214,[34]
1215,[34]
1216,[34]
1217,[33]
1218,[33]
1219,[33]
1220,[33]
1221,[33]
1222,[33]
1223,[33]
1224,[33]
1225,[33]
1226,[33]
1227,[33]
1228,[33]
1229,[33]
1230,[33]
1231,[33]
1232,[33]
1233,[33]
1234,[33]
1235,[33]
1236,[33]
1237,[33]
1238,[33]
1239,[33]
1240,[33]
1241,[33]
1242,[33]
1243,[33]
1244,[33]
1245,[33]
1246,[33]
1247,[33]
1248,[33]
1249,[33]
1250,[33]
1251,[33]
1252,[33]
1253,[33]
1254,[33]
1255,[33]
1256,[33]
1257,[33]
1258,[33]
1259,[33]
1260,[33]
1261,[33]
1262,[33]
1263,[33]
1264,[33]
1265,[33]
1266,[33]
1267,[33]
1268,[33]
1269,[33]
1270,[33]
1271,[33]
1272,[33]
1273,[33]
1274,[33]
1275,[33]
1276,[33]
1277,[33]
1278,[33]
1279,[33]
1280,[33]
1281,[33]
1282,[33]
1283,[33]
1284,[33]
1285,[33]
1286,[33]
1287,[33]
1288,[33]
1289,[33]
1290,[33]
1291,[33]
1292,[33]
1293,[33]
1294,[33]
1295,[33]
1296,[33]
1297,[33]
1298,[33]
1299,[33]
1300,[33]
1301,[33]
1302,[33]
1303,[33]
1304,[33]
1305,[33]
1306,[33]
1307,[35]
1308,[35]
1309,[35]
1310,[35]
1311,[35]
1312,[35]
1313,[35]
1314,[35]
1315,[35]
1316,[35]
1317,[35]
1318,[35]
1319,[35]
1320,[35]
1321,[35]
1322,[35]
1323,[35]
1324,[35]
1325,[35]
1326,[35]
1327,[35]
1328,[35]
1329,[35]
1330,[35]
1331,[35]
1332,[35]
1333,[35]
1334,[35]
1335,[35]
1336,[35]
1337,[35]
1338,[35]
1339,[35]
1340,[35]
1341,[35]
1342,[35]
1343,[35]
1344,[35]
1345,[35]
1346,[35]
1347,[35]
1348,[35]
1349,[35]
1350,[35]
1351,[35]
1352,[35]
1353,[35]
1354,[35]
1355,[35]
1356,[35]
1357,[35]
1358,[35]
1359,[35]
1360,[35]
1361,[35]
1362,[35]
1363,[35]
1364,[35]
1365,[35]
1366,[35]
1367,[35]
1368,[35]
1369,[35]
1370,[35]
1371,[35]
1372,[35]
1373,[35]
1374,[35]
1375,[35]
1376,[35]
1377,[35]
1378,[35]
1379,[35]
1380,[35]
1381,[35]
1382,[35]
1383,[35]
1384,[35]
1385,[35]
1386,[35]
1387,[35]
1388,[35]
1389,[35]
1390,[35]
1391,[35]
1392,[35]
1393,[35]
1394,[35]
1395,[35]
1396,[35]
1397,[53]
1398,[53]
1399,[53]
1400,[53]
1401,[53]
1402,[53]
1403,[53]
1404,[53]
1405,[53]
1406,[53]
1407,[53]
1408,[53]
1409,[53]
1410,[53]
1411,[53]
1412,[53]
1413,[53]
1414,[53]
1415,[53]
1416,[53]
1417,[53]
1418,[53]
1419,[53]
1420,[53]
1421,[53]
1422,[53]
1423,[53]
1424,[53]
1425,[53]
1426,[53]
1427,"[38, 56]"
1428,"[38, 56]"
1429,"[38, 56]"
1430,"[38, 56]"
1431,"[38, 56]"
1432,"[38, 56]"
1433,"[38, 56]"
1434,"[38, 56]"
1435,"[38, 56]"
1436,"[38, 56]"
1437,"[38, 56]"
1438,"[38, 56]"
1439,"[38, 56]"
1440,"[38, 56]"
1441,"[38, 56]"
1442,"[38, 56]"
1443,"[38, 56]"
1444,"[38, 56]"
1445,"[38, 56]"
1446,"[38, 56]"
1447,"[38, 56]"
1448,"[38, 56]"
1449,"[38, 56]"
1450,"[38, 56]"
1451,"[38, 56]"
1452,"[38, 56]"
1453,"[38, 56]"
1454,"[38, 56]"
1455,"[38, 56]"
1456,"[38, 56]"
1457,"[46, 56]"
1458,"[46, 56]"
1459,"[46, 56]"
1460,"[46, 56]"
1461,"[46, 56]"
1462,"[38, 56]"
1463,"[46, 56]"
1464,"[46, 56]"
1465,"[46, 56]"
1466,"[46, 56]"
1467,"[38, 56]"
1468,"[38, 56]"
1469,"[38, 56]"
1470,"[46, 56]"
1471,"[46, 56]"
1472,"[46, 56]"
1473,"[46, 56]"
1474,"[46, 56]"
1475,"[46, 56]"
1476,"[46, 56]"
1477,"[46, 56]"
1478,"[46, 56]"
1479,"[46, 56]"
1480,"[46, 56]"
1481,"[46, 56]"
1482,"[46, 56]"
1483,"[46, 56]"
1484,"[46, 56]"
1485,"[46, 56]"
1486,"[46, 56]"
1487,[83]
1488,[83]
1489,[83]
1490,[83]
1491,[83]
1492,[83]
1493,[83]
1494,[83]
1495,[83]
1496,[83]
1497,[83]
1498,[83]
1499,[83]
1500,[83]
1501,[83]
1502,[83]
1503,[83]
1504,[83]
1505,[83]
1506,[83]
1507,[83]
1508,[83]
1509,[83]
1510,[83]
1511,[83]
1512,[83]
1513,[83]
1514,[83]
1515,[83]
1516,[83]
1517,[80]
1518,[80]
1519,[80]
1520,[80]
1521,[80]
1522,[80]
1523,[80]
1524,[80]
1525,[80]
1526,[80]
1527,[80]
1528,[80]
1529,[80]
1530,[80]
1531,[80]
1532,[80]
1533,[80]
1534,[80]
1535,[80]
1536,[80]
1537,[80]
1538,[80]
1539,[80]
1540,[80]
1541,[80]
1542,[80]
1543,[80]
1544,[80]
1545,[80]
1546,[80]
1547,[80]
1548,[80]
1549,[80]
1550,[80]
1551,[80]
1552,[80]
1553,[80]
1554,[80]
1555,[80]
1556,[80]
1557,[80]
1558,[80]
1559,[80]
1560,[80]
1561,[80]
1562,[80]
1563,[80]
1564,[80]
1565,[80]
1566,[80]
1567,[80]
1568,[80]
1569,[80]
1570,[80]
1571,[80]
1572,[80]
1573,[80]
1574,[80]
1575,[80]
1576,[80]
1577,[80]
1578,[80]
1579,[80]
1580,[80]
1581,[80]
1582,[80]
1583,[80]
1584,[80]
1585,[80]
1586,[80]
1587,[80]
1588,[80]
1589,[80]
1590,[80]
1591,[80]
1592,[80]
1593,[80]
1594,[80]
1595,[80]
1596,[80]
1597,[80]
1598,[80]
1599,[80]
1600,[80]
1601,[80]
1602,[80]
1603,[80]
1604,[80]
1605,[80]
1606,[80]
1607,[80]
1608,[80]
1609,[80]
1610,[80]
1611,[80]
1612,[80]
1613,[80]
1614,[80]
1615,[80]
1616,[81]
1617,[81]
1618,[81]
1619,[81]
1620,[81]
1621,[81]
1622,[81]
1623,[81]
1624,[81]
1625,[81]
1626,[81]
1627,[81]
1628,[81]
1629,[81]
1630,[81]
1631,[81]
1632,[81]
1633,[81]
1634,[81]
1635,[81]
1636,[81]
1637,[81]
1638,[81]
1639,[81]
1640,[81]
1641,[81]
1642,[81]
1643,[81]
1644,[81]
1645,[81]
1646,[43]
1647,[43]
1648,[43]
1649,[43]
1650,[43]
1651,[43]
1652,[43]
1653,[43]
1654,[43]
1655,[43]
1656,[43]
1657,[43]
1658,[43]
1659,[43]
1660,[43]
1661,[43]
1662,[43]
1663,[43]
1664,[43]
1665,[43]
1666,[43]
1667,[43]
1668,[43]
1669,[43]
1670,[43]
1671,[43]
1672,[43]
1673,[43]
1674,[43]
1675,[43]
1676,[43]
1677,[43]
1678,[43]
1679,[43]
1680,[43]
1681,[43]
1682,[43]
1683,[43]
1684,[43]
1685,[43]
1686,[43]
1687,[43]
1688,[43]
1689,[43]
1690,[43]
1691,[43]
1692,[43]
1693,[43]
1694,[43]
1695,[43]
1696,[43]
1697,[43]
1698,[43]
1699,[43]
1700,[43]
1701,[43]
1702,[43]
1703,[43]
1704,[43]
1705,[43]
1706,[82]
1707,[82]
1708,[82]
1709,[82]
1710,[82]
1711,[82]
1712,[82]
1713,[82]
1714,[82]
1715,[82]
1716,[82]
1717,[82]
1718,[82]
1719,[82]
1720,[82]
1721,[82]
1722,[82]
1723,[82]
1724,[82]
1725,[82]
1726,[82]
1727,[82]
1728,[82]
1729,[82]
1730,[82]
1731,[82]
1732,[82]
1733,[82]
1734,[82]
1735,[82]
1736,[82]
1737,[82]
1738,[82]
1739,[82]
1740,[82]
1741,[82]
1742,[82]
1743,[82]
1744,[82]
1745,[82]
1746,[82]
1747,[82]
1748,[82]
1749,[82]
1750,[82]
1751,[82]
1752,[82]
1753,[82]
1754,[82]
1755,[82]
1756,[82]
1757,[82]
1758,[82]
1759,[82]
1760,[82]
1761,[82]
1762,[82]
1763,[82]
1764,[82]
1765,[82]
1766,[82]
1767,[82]
1768,[82]
1769,[82]
1770,[82]
1771,[82]
1772,[82]
1773,[82]
1774,[82]
1775,[82]
1776,[82]
1777,[82]
1778,[82]
1779,[82]
1780,[82]
1781,[82]
1782,[82]
1783,[82]
1784,[82]
1785,[82]
1786,[82]
1787,[82]
1788,[82]
1789,[82]
1790,[82]
1791,[82]
1792,[82]
1793,[82]
1794,[82]
1795,[82]
1796,[82]
1797,[82]
1798,[82]
1799,[82]
1800,[82]
1801,[82]
1802,[82]
1803,[82]
1804,[82]
1805,[82]
1806,[82]
1807,[82]
1808,[82]
1809,[82]
1810,[82]
1811,[82]
1812,[82]
1813,[82]
1814,[82]
1815,[82]
1816,[82]
1817,[82]
1818,[82]
1819,[82]
1820,[82]
1821,[82]
1822,[82]
1823,[82]
1824,[82]
1825,[82]
1826,[82]
1827,[82]
1828,[82]
1829,[82]
1830,[82]
1831,[82]
1832,[82]
1833,[82]
1834,[82]
1835,[82]
1836,[82]
1837,[82]
1838,[82]
1839,[82]
1840,[82]
1841,[82]
1842,[82]
1843,[82]
1844,[82]
1845,[82]
1846,[82]
1847,[82]
1848,[82]
1849,[82]
1850,[82]
1851,[82]
1852,[82]
1853,[82]
1854,[82]
1855,[82]
1856,[82]
1857,[82]
1858,[82]
1859,[82]
1860,[82]
1861,[82]
1862,[82]
1863,[82]
1864,[82]
1865,[82]
1866,[82]
1867,[82]
1868,[82]
1869,[82]
1870,[82]
1871,[82]
1872,[82]
1873,[82]
1874,[82]
1875,[82]
1876,[82]
1877,[82]
1878,[82]
1879,[82]
1880,[82]
1881,[82]
1882,[82]
1883,[82]
1884,[82]
1885,[82]
1886,[82]
1887,[82]
1888,[82]
1889,[82]
1890,[82]
1891,[82]
1892,[82]
1893,[82]
1894,[82]
1895,[82]
1896,[82]
1897,[82]
1898,[82]
1899,[82]
1900,[82]
1901,[82]
1902,[82]
1903,[82]
1904,[82]
1905,[82]
1906,[66]
1907,[104]
1908,[104]
1909,[104]
1910,[104]
1911,[104]
1912,[104]
1913,[104]
1914,[104]
1915,[104]
1916,[104]
1917,[104]
1918,[104]
1919,[104]
1920,[104]
1921,[104]
1922,[104]
1923,[104]
1924,[104]
1925,[104]
1926,[104]
1927,[104]
1928,[104]
1929,[104]
1930,[104]
1931,[104]
1932,[104]
1933,[104]
1934,[104]
1935,[104]
1936,[104]
1937,[120]
1938,[120]
1939,[120]
1940,[120]
1941,[120]
1942,[120]
1943,[120]
1944,[120]
1945,[120]
1946,[120]
1947,[120]
1948,[120]
1949,[120]
1950,[120]
1951,[120]
1952,[120]
1953,[120]
1954,[120]
1955,[120]
1956,[120]
1957,[120]
1958,[120]
1959,[120]
1960,[120]
1961,[120]
1962,[120]
1963,[120]
1964,[120]
1965,[120]
1966,[120]
1967,[120]
1968,[120]
1969,[120]
1970,[120]
1971,[120]
1972,[120]
1973,[120]
1974,[120]
1975,[120]
1976,[120]
1977,[120]
1978,[120]
1979,[120]
1980,[120]
1981,[120]
1982,[120]
1983,[120]
1984,[120]
1985,[120]
1986,[120]
1987,[120]
1988,[120]
1989,[120]
1990,[120]
1991,[120]
1992,[120]
1993,[120]
1994,[120]
1995,[120]
1996,[120]
1997,[120]
1998,[120]
1999,[120]
2000,[120]
2001,[120]
2002,[120]
2003,[120]
2004,[120]
2005,[120]
2006,[120]
2007,[120]
2008,[120]
2009,[120]
2010,[120]
2011,[120]
2012,[120]
2013,[120]
2014,[120]
2015,[120]
2016,[120]
2017,[120]
2018,[120]
2019,[120]
2020,[120]
2021,[120]
2022,[120]
2023,[120]
2024,[120]
2025,[120]
2026,[120]
2027,[120]
2028,[120]
2029,[120]
2030,[120]
2031,[120]
2032,[120]
2033,[120]
2034,[120]
2035,[120]
2036,[120]
2037,[120]
2038,[120]
2039,[120]
2040,[120]
2041,[120]
2042,[120]
2043,[120]
2044,[120]
2045,[120]
2046,[120]
2047,[120]
2048,[120]
2049,[120]
2050,[120]
2051,[120]
2052,[120]
2053,[120]
2054,[120]
2055,[120]
2056,[120]
2057,[120]
2058,[120]
2059,[120]
2060,[120]
2061,[120]
2062,[120]
2063,[120]
2064,[120]
2065,[120]
2066,[120]
2067,[120]
2068,[120]
2069,[120]
2070,[120]
2071,[120]
2072,[120]
2073,[120]
2074,[120]
2075,[120]
2076,[120]
2077,[120]
2078,[120]
2079,[120]
2080,[120]
2081,[120]
2082,[120]
2083,[120]
2084,[120]
2085,[120]
2086,[120]
2087,[120]
2088,[120]
2089,[120]
2090,[120]
2091,[120]
2092,[120]
2093,[120]
2094,[120]
2095,[120]
2096,[120]
2097,[120]
2098,[120]
2099,[120]
2100,[120]
2101,[120]
2102,[120]
2103,[120]
2104,[120]
2105,[120]
2106,[120]
2107,[120]
2108,[120]
2109,[120]
2110,[120]
2111,[120]
2112,[120]
2113,[120]
2114,[120]
2115,[120]
2116,[120]
2117,[120]
2118,[120]
2119,[120]
2120,[120]
2121,[120]
2122,[120]
2123,[120]
2124,[120]
2125,[120]
2126,[120]
2127,[120]
2128,[120]
2129,[120]
2130,[120]
2131,[120]
2132,[120]
2133,[120]
2134,[120]
2135,[120]
2136,[120]
2137,[120]
2138,[120]
2139,[120]
2140,[120]
2141,[120]
2142,[120]
2143,[120]
2144,[120]
2145,[120]
2146,[120]
2147,[120]
2148,[120]
2149,[120]
2150,[120]
2151,[120]
2152,[120]
2153,[120]
2154,[120]
2155,[120]
2156,[120]
2157,[120]
2158,[120]
2159,[120]
2160,[120]
2161,[120]
2162,[120]
2163,[120]
2164,[120]
2165,[120]
2166,[120]
2167,[120]
2168,[120]
2169,[120]
2170,[120]
2171,[120]
2172,[120]
2173,[120]
2174,[120]
2175,[120]
2176,[120]
2177,[120]
2178,[120]
2179,[120]
2180,[120]
2181,[120]
2182,[120]
2183,[120]
2184,[120]
2185,[120]
2186,[120]
2187,[120]
2188,[120]
2189,[120]
2190,[120]
2191,[120]
2192,[120]
2193,[120]
2194,[120]
2195,[120]
2196,[120]
2197,[120]
2198,[120]
2199,[120]
2200,[120]
2201,[120]
2202,[120]
2203,[120]
2204,"[59, 105]"
2205,"[59, 105]"
2206,"[59, 105]"
2207,"[59, 105]"
2208,"[59, 105]"
2209,"[59, 105]"
2210,"[59, 105]"
2211,"[59, 105]"
2212,"[59, 105]"
2213,"[59, 105]"
2214,"[59, 105]"
2215,"[59, 105]"
2216,"[59, 105]"
2217,"[59, 105]"
2218,"[59, 105]"
2219,"[59, 105]"
2220,"[59, 105]"
2221,"[59, 105]"
2222,"[59, 105]"
2223,"[59, 105]"
2224,"[59, 105]"
2225,"[59, 105]"
2226,"[59, 105]"
2227,"[59, 105]"
2228,"[59, 105]"
2229,"[59, 105]"
2230,"[59, 105]"
2231,"[59, 105]"
2232,"[59, 105]"
2233,"[59, 105]"
2234,"[59, 105]"
2235,"[59, 105]"
2236,"[59, 105]"
2237,"[59, 105]"
2238,"[59, 105]"
2239,"[59, 105]"
2240,"[59, 105]"
2241,"[59, 105]"
2242,"[59, 105]"
2243,"[59, 105]"
2244,"[59, 105]"
2245,"[59, 105]"
2246,"[59, 105]"
2247,"[59, 105]"
2248,"[59, 105]"
2249,"[59, 105]"
2250,"[59, 105]"
2251,"[59, 105]"
2252,"[59, 105]"
2253,"[59, 105]"
2254,"[59, 105]"
2255,"[59, 105]"
2256,"[59, 105]"
2257,"[59, 105]"
2258,"[59, 105]"
2259,"[59, 105]"
2260,"[59, 105]"
2261,"[59, 105]"
2262,"[59, 105]"
2263,"[59, 105]"
2264,"[59, 105]"
2265,"[59, 105]"
2266,"[59, 105]"
2267,"[59, 105]"
2268,"[59, 105]"
2269,"[59, 105]"
2270,"[59, 105]"
2271,"[59, 105]"
2272,"[59, 105]"
2273,"[59, 105]"
2274,"[59, 105]"
2275,"[59, 105]"
2276,"[59, 105]"
2277,"[59, 105]"
2278,"[59, 105]"
2279,"[59, 105]"
2280,"[59, 105]"
2281,"[59, 105]"
2282,"[59, 105]"
2283,"[59, 105]"
2284,"[59, 105]"
2285,"[59, 105]"
2286,"[59, 105]"
2287,"[59, 105]"
2288,"[59, 105]"
2289,"[59, 105]"
2290,"[59, 105]"
2291,"[59, 105]"
2292,"[59, 105]"
2293,"[59, 105]"
2294,"[59, 105]"
2295,"[59, 105]"
2296,"[59, 105]"
2297,"[59, 105]"
2298,"[59, 105]"
2299,"[59, 105]"
2300,"[59, 105]"
2301,"[59, 105]"
2302,"[59, 105]"
2303,"[59, 105]"
2304,"[59, 105]"
2305,"[59, 105]"
2306,"[59, 105]"
2307,"[59, 105]"
2308,"[59, 105]"
2309,"[59, 105]"
2310,"[59, 105]"
2311,"[59, 105]"
2312,"[59, 105]"
2313,"[59, 105]"
2314,"[46, 59]"
2315,"[59, 105]"
2316,"[59, 105]"
2317,"[59, 105]"
2318,"[59, 105]"
2319,"[59, 105]"
2320,"[59, 105]"
2321,"[59, 105]"
2322,"[59, 105]"
2323,"[59, 105]"
2324,"[59, 105]"
2325,"[59, 105]"
2326,"[59, 105]"
2327,"[59, 105]"
2328,"[59, 105]"
2329,"[59, 105]"
2330,"[59, 105]"
2331,"[59, 105]"
2332,"[59, 105]"
2333,"[59, 105]"
2334,"[59, 105]"
2335,"[59, 105]"
2336,"[59, 105]"
2337,"[59, 105]"
2338,"[59, 105]"
2339,"[59, 105]"
2340,"[59, 105]"
2341,"[59, 105]"
2342,"[59, 105]"
2343,"[59, 105]"
2344,"[59, 105]"
2345,"[59, 105]"
2346,"[59, 105]"
2347,"[59, 105]"
2348,"[59, 105]"
2349,"[59, 105]"
2350,"[59, 105]"
2351,"[59, 105]"
2352,"[59, 105]"
2353,"[59, 105]"
2354,"[59, 105]"
2355,"[59, 105]"
2356,"[59, 105]"
2357,"[59, 105]"
2358,"[59, 105]"
2359,"[59, 105]"
2360,"[59, 105]"
2361,"[59, 105]"
2362,"[59, 105]"
2363,"[59, 105]"
2364,"[59, 105]"
2365,"[59, 105]"
2366,"[59, 105]"
2367,"[59, 105]"
2368,"[59, 105]"
2369,"[59, 105]"
2370,"[59, 105]"
2371,"[59, 105]"
2372,"[59, 105]"
2373,"[59, 105]"
2374,"[59, 105]"
2375,"[59, 105]"
2376,"[59, 105]"
2377,"[59, 105]"
2378,"[59, 105]"
2379,"[59, 105]"
2380,"[59, 105]"
2381,"[59, 105]"
2382,"[59, 105]"
2383,"[59, 105]"
2384,"[59, 105]"
2385,"[59, 105]"
2386,"[59, 105]"
2387,"[59, 105]"
2388,"[59, 105]"
2389,"[59, 105]"
2390,"[59, 105]"
2391,"[59, 105]"
2392,"[59, 105]"
2393,"[59, 105]"
2394,"[59, 105]"
2395,"[59, 105]"
2396,"[59, 105]"
2397,"[59, 105]"
2398,"[59, 105]"
2399,"[59, 105]"
2400,"[59, 105]"
2401,"[59, 105]"
2402,"[59, 105]"
2403,"[59, 105]"
2404,"[59, 105]"
2405,"[4, 122]"
2406,"[4, 122]"
2407,"[4, 122]"
2408,"[4, 122]"
2409,"[4, 122]"
2410,"[4, 122]"
2411,"[4, 122]"
2412,"[4, 122]"
2413,"[4, 122]"
2414,"[4, 122]"
2415,"[4, 122]"
2416,"[4, 122]"
2417,"[4, 122]"
2418,"[4, 122]"
2419,"[4, 122]"
2420,"[4, 122]"
2421,"[4, 122]"
2422,"[4, 122]"
2423,"[4, 122]"
2424,"[4, 122]"
2425,"[4, 122]"
2426,"[4, 122]"
2427,"[4, 122]"
2428,"[4, 122]"
2429,"[4, 122]"
2430,"[4, 122]"
2431,"[4, 122]"
2432,"[4, 122]"
2433,"[4, 122]"
2434,"[4, 122]"
2435,"[4, 122]"
2436,"[4, 122]"
2437,"[4, 122]"
2438,"[4, 122]"
2439,"[4, 122]"
2440,"[4, 122]"
2441,"[4, 122]"
2442,"[4, 122]"
2443,"[4, 122]"
2444,"[4, 122]"
2445,"[4, 122]"
2446,"[4, 122]"
2447,"[4, 122]"
2448,"[4, 122]"
2449,"[4, 122]"
2450,"[4, 122]"
2451,"[4, 122]"
2452,"[4, 122]"
2453,"[4, 122]"
2454,"[4, 122]"
2455,"[4, 122]"
2456,"[4, 122]"
2457,"[4, 122]"
2458,"[4, 122]"
2459,"[4, 122]"
2460,"[4, 122]"
2461,"[4, 122]"
2462,"[4, 122]"
2463,"[4, 122]"
2464,"[4, 122]"
2465,"[4, 122]"
2466,"[4, 122]"
2467,"[4, 122]"
2468,"[4, 122]"
2469,"[4, 122]"
2470,"[4, 122]"
2471,"[4, 122]"
2472,"[4, 122]"
2473,"[4, 122]"
2474,"[4, 122]"
2475,"[4, 122]"
2476,"[4, 122]"
2477,"[4, 122]"
2478,"[4, 122]"
2479,"[4, 122]"
2480,"[4, 122]"
2481,"[4, 122]"
2482,"[4, 122]"
2483,"[4, 122]"
2484,"[4, 122]"
2485,"[4, 122]"
2486,"[4, 122]"
2487,"[4, 122]"
2488,"[4, 122]"
2489,"[4, 122]"
2490,"[4, 122]"
2491,"[4, 122]"
2492,"[4, 122]"
2493,"[4, 122]"
2494,"[4, 122]"
2495,"[4, 122]"
2496,"[4, 122]"
2497,"[4, 122]"
2498,"[4, 122]"
2499,"[4, 122]"
2500,"[4, 122]"
2501,"[4, 122]"
2502,"[4, 122]"
2503,"[4, 122]"
2504,"[4, 122]"
2505,"[4, 122]"
2506,"[4, 122]"
2507,"[4, 122]"
2508,"[4, 122]"
2509,"[4, 122]"
2510,"[4, 122]"
2511,"[4, 122]"
2512,"[4, 122]"
2513,"[4, 122]"
2514,"[4, 122]"
2515,"[4, 122]"
2516,"[4, 122]"
2517,"[4, 122]"
2518,"[4, 122]"
2519,"[4, 122]"
2520,"[4, 122]"
2521,"[4, 122]"
2522,"[4, 122]"
2523,"[4, 122]"
2524,"[4, 122]"
2525,"[4, 122]"
2526,"[4, 122]"
2527,"[4, 122]"
2528,"[4, 122]"
2529,"[4, 122]"
2530,"[4, 122]"
2531,"[4, 122]"
2532,"[4, 122]"
2533,"[4, 122]"
2534,"[4, 122]"
2535,"[4, 122]"
2536,"[4, 122]"
2537,"[4, 122]"
2538,"[4, 122]"
2539,"[4, 122]"
2540,"[4, 122]"
2541,"[4, 122]"
2542,"[4, 122]"
2543,"[4, 122]"
2544,"[4, 122]"
2545,"[4, 122]"
2546,"[4, 122]"
2547,"[4, 122]"
2548,"[4, 122]"
2549,"[4, 122]"
2550,"[4, 122]"
2551,"[4, 122]"
2552,"[4, 122]"
2553,"[4, 122]"
2554,"[4, 122]"
2555,"[4, 122]"
2556,"[4, 122]"
2557,"[4, 122]"
2558,"[4, 122]"
2559,"[4, 122]"
2560,"[4, 122]"
2561,"[4, 122]"
2562,"[4, 122]"
2563,"[4, 122]"
2564,"[4, 122]"
2565,"[4, 122]"
2566,"[4, 122]"
2567,"[4, 122]"
2568,"[4, 122]"
2569,"[4, 122]"
2570,"[4, 122]"
2571,"[4, 122]"
2572,"[4, 122]"
2573,"[4, 122]"
2574,"[4, 122]"
2575,"[4, 122]"
2576,"[4, 122]"
2577,"[4, 122]"
2578,"[4, 122]"
2579,"[4, 122]"
2580,"[4, 122]"
2581,"[4, 122]"
2582,"[4, 122]"
2583,"[4, 122]"
2584,"[4, 122]"
2585,"[4, 122]"
2586,"[4, 122]"
2587,"[4, 122]"
2588,"[4, 122]"
2589,"[4, 122]"
2590,"[4, 122]"
2591,"[4, 122]"
2592,"[4, 122]"
2593,"[4, 122]"
2594,"[4, 122]"
2595,"[4, 122]"
2596,"[4, 122]"
2597,"[4, 122]"
2598,"[4, 122]"
2599,"[4, 122]"
2600,"[4, 122]"
2601,"[4, 122]"
2602,"[4, 122]"
2603,"[4, 122]"
2604,"[4, 122]"
2605,"[4, 122]"
2606,"[4, 122]"
2607,"[4, 122]"
2608,"[4, 122]"
2609,"[4, 122]"
2610,"[4, 122]"
2611,"[4, 122]"
2612,"[4, 122]"
2613,"[4, 122]"
2614,"[4, 122]"
2615,"[4, 122]"
2616,"[4, 122]"
2617,"[4, 122]"
2618,"[4, 122]"
2619,"[4, 122]"
2620,"[4, 122]"
2621,"[4, 122]"
2622,"[4, 122]"
2623,"[4, 122]"
2624,"[4, 122]"
2625,"[4, 122]"
2626,"[4, 122]"
2627,"[4, 122]"
2628,"[4, 122]"
2629,"[4, 122]"
2630,"[4, 122]"
2631,"[4, 122]"
2632,"[4, 122]"
2633,"[4, 122]"
2634,"[4, 122]"
2635,"[4, 122]"
2636,"[4, 122]"
2637,"[4, 122]"
2638,"[4, 122]"
2639,"[4, 122]"
2640,"[4, 122]"
2641,"[4, 122]"
2642,"[4, 122]"
2643,"[4, 122]"
2644,"[4, 122]"
2645,"[4, 122]"
2646,"[4, 122]"
2647,"[4, 122]"
2648,"[4, 122]"
2649,"[4, 122]"
2650,"[4, 122]"
2651,"[4, 122]"
2652,"[4, 122]"
2653,"[4, 122]"
2654,"[4, 122]"
2655,"[4, 122]"
2656,"[4, 122]"
2657,"[4, 122]"
2658,"[4, 122]"
2659,"[4, 122]"
2660,"[4, 122]"
2661,"[4, 122]"
2662,"[4, 122]"
2663,"[4, 122]"
2664,"[4, 122]"
2665,"[4, 122]"
2666,"[4, 122]"
2667,"[4, 122]"
2668,"[4, 122]"
2669,"[4, 122]"
2670,"[4, 122]"
2671,"[4, 122]"
2672,"[4, 122]"
2673,"[4, 122]"
2674,"[4, 122]"
2675,"[4, 122]"
2676,"[4, 122]"
2677,"[4, 122]"
2678,"[4, 122]"
2679,"[4, 122]"
2680,"[4, 122]"
2681,"[4, 122]"
2682,"[4, 122]"
2683,"[4, 122]"
2684,"[4, 122]"
2685,"[4, 122]"
2686,"[4, 122]"
2687,"[4, 122]"
2688,"[4, 122]"
2689,"[4, 122]"
2690,"[4, 122]"
2691,"[4, 122]"
2692,"[4, 122]"
2693,"[4, 122]"
2694,"[4, 122]"
2695,"[4, 122]"
2696,"[4, 122]"
2697,"[4, 122]"
2698,"[4, 122]"
2699,"[4, 122]"
2700,"[4, 122]"
2701,"[4, 122]"
2702,"[4, 122]"
2703,"[4, 122]"
2704,"[4, 122]"
2705,"[4, 122]"
2706,"[4, 122]"
2707,"[4, 122]"
2708,"[4, 122]"
2709,"[4, 122]"
2710,"[4, 122]"
2711,"[4, 122]"
2712,"[4, 122]"
2713,"[4, 122]"
2714,"[4, 122]"
2715,"[4, 122]"
2716,"[4, 122]"
2717,"[4, 122]"
2718,"[4, 122]"
2719,"[4, 122]"
2720,"[4, 122]"
2721,"[4, 122]"
2722,"[4, 122]"
2723,"[4, 122]"
2724,"[4, 122]"
2725,"[4, 122]"
2726,"[4, 122]"
2727,"[4, 122]"
2728,[5]
2729,[5]
2730,[5]
2731,[5]
2732,[5]
2733,[5]
2734,[5]
2735,[5]
2736,[5]
2737,[5]
2738,[5]
2739,[5]
2740,[5]
2741,[5]
2742,[5]
2743,[5]
2744,[5]
2745,[5]
2746,[5]
2747,[5]
2748,[5]
2749,[5]
2750,[5]
2751,[5]
2752,[5]
2753,[5]
2754,[5]
2755,[5]
2756,[5]
2757,[5]
2758,"[7, 10]"
2759,"[7, 10]"
2760,"[7, 10]"
2761,"[7, 10]"
2762,"[7, 10]"
2763,"[7, 10]"
2764,"[7, 10]"
2765,"[7, 10]"
2766,"[7, 10]"
2767,"[7, 10]"
2768,"[7, 10]"
2769,"[7, 10]"
2770,"[7, 10]"
2771,"[7, 10]"
2772,"[7, 10]"
2773,"[7, 10]"
2774,"[7, 10]"
2775,"[7, 10]"
2776,"[7, 10]"
2777,"[7, 10]"
2778,"[7, 10]"
2779,"[7, 10]"
2780,"[7, 10]"
2781,"[7, 10]"
2782,"[7, 10]"
2783,"[7, 10]"
2784,"[7, 10]"
2785,"[7, 10]"
2786,"[7, 10]"
2787,"[7, 10]"
2788,"[7, 10]"
2789,"[7, 10]"
2790,"[7, 10]"
2791,"[7, 10]"
2792,"[7, 10]"
2793,"[7, 10]"
2794,"[7, 10]"
2795,"[7, 10]"
2796,"[7, 10]"
2797,"[7, 10]"
2798,"[7, 10]"
2799,"[7, 10]"
2800,"[7, 10]"
2801,"[7, 10]"
2802,"[7, 10]"
2803,"[7, 10]"
2804,"[7, 10]"
2805,"[7, 10]"
2806,"[7, 10]"
2807,"[7, 10]"
2808,"[7, 10]"
2809,"[7, 10]"
2810,"[7, 10]"
2811,"[7, 10]"
2812,"[7, 10]"
2813,"[7, 10]"
2814,"[7, 10]"
2815,"[7, 10]"
2816,"[7, 10]"
2817,"[7, 10]"
2818,"[7, 12]"
2819,"[7, 12]"
2820,"[7, 12]"
2821,"[7, 12]"
2822,"[7, 12]"
2823,"[7, 12]"
2824,"[7, 12]"
2825,"[7, 12]"
2826,"[7, 12]"
2827,"[7, 12]"
2828,"[7, 12]"
2829,"[7, 12]"
2830,"[7, 12]"
2831,"[7, 12]"
2832,"[7, 12]"
2833,"[7, 12]"
2834,"[7, 12]"
2835,"[7, 12]"
2836,"[7, 12]"
2837,"[7, 12]"
2838,"[7, 12]"
2839,"[7, 12]"
2840,"[7, 12]"
2841,"[7, 12]"
2842,"[7, 12]"
2843,"[7, 12]"
2844,"[7, 12]"
2845,"[7, 12]"
2846,"[7, 12]"
2847,"[7, 12]"
2848,"[7, 11]"
2849,"[7, 11]"
2850,"[7, 11]"
2851,"[7, 11]"
2852,"[7, 11]"
2853,"[7, 11]"
2854,"[7, 11]"
2855,"[7, 11]"
2856,"[7, 11]"
2857,"[7, 11]"
2858,"[7, 11]"
2859,"[7, 11]"
2860,"[7, 11]"
2861,"[7, 11]"
2862,"[7, 11]"
2863,"[7, 11]"
2864,"[7, 11]"
2865,"[7, 11]"
2866,"[7, 11]"
2867,"[7, 11]"
2868,"[7, 11]"
2869,"[7, 11]"
2870,"[7, 11]"
2871,"[7, 11]"
2872,"[7, 11]"
2873,"[7, 11]"
2874,"[7, 11]"
2875,"[7, 11]"
2876,"[7, 11]"
2877,"[7, 11]"
2878,[3]
2879,[3]
2880,[3]
2881,[3]
2882,[3]
2883,[3]
2884,[3]
2885,[120]
2886,[120]
2887,[120]
2888,[120]
2889,[120]
2890,[120]
2891,[120]
2892,[120]
2893,[120]
2894,[120]
2895,[120]
2896,[120]
2897,[120]
2898,[120]
2899,[120]
2900,[120]
2901,[120]
2902,[120]
2903,[120]
2904,[120]
2905,[120]
2906,[120]
2907,[120]
2908,[120]
2909,[120]
2910,[120]
2911,[120]
2912,[120]
2913,[120]
2914,[120]
2915,[8]
2916,[8]
2917,[8]
2918,[8]
2919,[8]
2920,[8]
2921,[8]
2922,[8]
2923,[8]
2924,[8]
2925,[8]
2926,[8]
2927,[8]
2928,[8]
2929,[8]
2930,[8]
2931,[8]
2932,[8]
2933,[8]
2934,[8]
2935,[8]
2936,[8]
2937,[8]
2938,[8]
2939,[8]
2940,[8]
2941,[8]
2942,[8]
2943,[8]
2944,[8]
2945,[8]
2946,[8]
2947,[8]
2948,[8]
2949,[8]
2950,[8]
2951,[8]
2952,[8]
2953,[8]
2954,[8]
2955,[8]
2956,[8]
2957,[8]
2958,[8]
2959,[8]
2960,[8]
2961,[8]
2962,[8]
2963,[8]
2964,[8]
2965,[8]
2966,[8]
2967,[8]
2968,[8]
2969,[8]
2970,[8]
2971,[8]
2972,[8]
2973,[8]
2974,[8]
2975,"[2, 32, 50]"
2976,"[2, 32, 50]"
2977,"[2, 32, 50]"
2978,"[2, 32, 50]"
2979,"[2, 32, 50]"
2980,"[2, 32, 50]"
2981,"[2, 32, 50]"
2982,"[2, 32, 50]"
2983,"[2, 32, 50]"
2984,"[2, 32, 50]"
2985,"[2, 32, 50]"
2986,"[2, 32, 50]"
2987,"[2, 32, 50]"
2988,"[2, 32, 50]"
2989,"[2, 32, 50]"
2990,"[2, 32, 50]"
2991,"[2, 32, 50]"
2992,"[2, 32, 50]"
2993,"[2, 32, 50]"
2994,"[2, 32, 50]"
2995,"[2, 32, 50]"
2996,"[2, 32, 50]"
2997,"[2, 32, 50]"
2998,"[2, 32, 50]"
2999,"[2, 32, 50]"
3000,"[2, 32, 50]"
3001,"[2, 32, 50]"
3002,"[2, 32, 50]"
3003,"[2, 32, 50]"
3004,"[2, 32, 50]"
3005,"[6, 9]"
3006,"[6, 9]"
3007,"[6, 9]"
3008,"[6, 9]"
3009,"[6, 9]"
3010,"[6, 9]"
3011,"[6, 9]"
3012,"[6, 9]"
3013,"[6, 9]"
3014,"[6, 9]"
3015,"[6, 9]"
3016,"[6, 9]"
3017,"[6, 9]"
3018,"[6, 9]"
3019,"[6, 9]"
3020,"[6, 9]"
3021,"[6, 9]"
3022,"[6, 9]"
3023,"[6, 9]"
3024,"[6, 9]"
3025,"[6, 9]"
3026,"[6, 9]"
3027,"[6, 9]"
3028,"[6, 9]"
3029,"[6, 9]"
3030,"[6, 9]"
3031,"[6, 9]"
3032,"[6, 9]"
3033,"[6, 9]"
3034,"[6, 9]"
3035,"[6, 12]"
3036,"[6, 12]"
3037,"[6, 12]"
3038,"[6, 12]"
3039,"[6, 12]"
3040,"[6, 12]"
3041,"[6, 12]"
3042,"[6, 12]"
3043,"[6, 12]"
3044,"[6, 12]"
3045,"[6, 12]"
3046,"[6, 12]"
3047,"[6, 12]"
3048,"[6, 12]"
3049,"[6, 12]"
3050,"[6, 12]"
3051,"[6, 12]"
3052,"[6, 12]"
3053,"[6, 12]"
3054,"[6, 12]"
3055,"[6, 12]"
3056,"[6, 12]"
3057,"[6, 12]"
3058,"[6, 12]"
3059,"[6, 12]"
3060,"[6, 12]"
3061,"[6, 12]"
3062,"[6, 12]"
3063,"[6, 12]"
3064,"[6, 12]"
3065,"[6, 11]"
3066,"[6, 11]"
3067,"[6, 11]"
3068,"[6, 11]"
3069,"[6, 11]"
3070,"[6, 11]"
3071,"[6, 11]"
3072,"[6, 11]"
3073,"[6, 11]"
3074,"[6, 11]"
3075,"[6, 11]"
3076,"[6, 11]"
3077,"[6, 11]"
3078,"[6, 11]"
3079,"[6, 11]"
3080,"[6, 11]"
3081,"[6, 11]"
3082,"[6, 11]"
3083,"[6, 11]"
3084,"[6, 11]"
3085,"[6, 11]"
3086,"[6, 11]"
3087,"[6, 11]"
3088,"[6, 11]"
3089,"[6, 11]"
3090,"[6, 11]"
3091,"[6, 11]"
3092,"[6, 11]"
3093,"[6, 11]"
3094,"[6, 11]"
3095,"[6, 9]"
3096,"[6, 9]"
3097,"[6, 9]"
3098,"[6, 9]"
3099,"[6, 9]"
3100,"[6, 9]"
3101,"[6, 9]"
3102,"[6, 9]"
3103,"[6, 9]"
3104,"[6, 9]"
3105,"[6, 9]"
3106,"[6, 9]"
3107,"[6, 9]"
3108,"[6, 9]"
3109,"[6, 9]"
3110,"[6, 9]"
3111,"[6, 9]"
3112,"[6, 9]"
3113,"[6, 9]"
3114,"[6, 9]"
3115,"[6, 9]"
3116,"[6, 9]"
3117,"[6, 9]"
3118,"[6, 9]"
3119,"[6, 9]"
3120,"[6, 9]"
3121,"[6, 9]"
3122,"[6, 9]"
3123,"[6, 9]"
3124,"[6, 9]"
3125,"[7, 15]"
3126,"[7, 15]"
3127,"[7, 15]"
3128,"[7, 15]"
3129,"[7, 15]"
3130,"[7, 15]"
3131,"[7, 15]"
3132,"[7, 15]"
3133,"[7, 15]"
3134,"[7, 15]"
3135,"[7, 15]"
3136,"[7, 15]"
3137,"[7, 15]"
3138,"[7, 15]"
3139,"[7, 15]"
3140,"[7, 15]"
3141,"[7, 15]"
3142,"[7, 15]"
3143,"[7, 15]"
3144,"[7, 15]"
3145,"[7, 15]"
3146,"[7, 15]"
3147,"[7, 15]"
3148,"[7, 15]"
3149,"[7, 15]"
3150,"[7, 15]"
3151,"[7, 15]"
3152,"[7, 15]"
3153,"[7, 15]"
3154,"[7, 15]"
3155,"[2, 25, 32]"
3156,"[2, 25, 32]"
3157,"[2, 25, 32]"
3158,"[2, 25, 32, 49]"
3159,"[2, 25, 32]"
3160,"[2, 25, 32, 49]"
3161,"[2, 25, 32]"
3162,"[2, 25, 32, 49]"
3163,"[2, 25, 32]"
3164,"[2, 25, 32, 49]"
3165,"[2, 25, 32]"
3166,"[2, 25, 32, 49]"
3167,"[2, 25, 32]"
3168,"[2, 25, 32, 49]"
3169,"[2, 25, 32]"
3170,"[2, 25, 32]"
3171,"[2, 25, 32]"
3172,"[2, 25, 32]"
3173,"[2, 25, 32]"
3174,"[2, 25, 32]"
3175,"[2, 25, 32]"
3176,"[2, 25, 32]"
3177,"[2, 25, 32]"
3178,"[2, 25, 32]"
3179,"[2, 25, 32]"
3180,"[2, 25, 32]"
3181,"[2, 25, 32]"
3182,"[2, 25, 32]"
3183,"[2, 25, 32]"
3184,[50]
3185,[50]
3186,[50]
3187,[50]
3188,[50]
3189,[50]
3190,[50]
3191,[50]
3192,[50]
3193,[50]
3194,[50]
3195,[50]
3196,[50]
3197,[50]
3198,[50]
3199,[50]
3200,[50]
3201,[50]
3202,[50]
3203,[50]
3204,[50]
3205,[50]
3206,[50]
3207,[50]
3208,[50]
3209,[50]
3210,[50]
3211,[50]
3212,[50]
3213,[50]
3214,[50]
3215,[50]
3216,[50]
3217,[50]
3218,[50]
3219,[50]
3220,[50]
3221,[50]
3222,[50]
3223,[50]
3224,[50]
3225,[50]
3226,[50]
3227,[50]
3228,[50]
3229,[50]
3230,[50]
3231,[50]
3232,[50]
3233,[50]
3234,[50]
3235,[50]
3236,[50]
3237,[50]
3238,[50]
3239,[50]
3240,[50]
3241,[50]
3242,[50]
3243,[50]
3244,[57]
3245,[57]
3246,[57]
3247,[57]
3248,[57]
3249,[57]
3250,[57]
3251,[57]
3252,[57]
3253,[57]
3254,[57]
3255,[57]
3256,[57]
3257,[57]
3258,[57]
3259,[57]
3260,[57]
3261,[57]
3262,[57]
3263,[57]
3264,[57]
3265,[57]
3266,[57]
3267,[57]
3268,[57]
3269,[57]
3270,[57]
3271,[57]
3272,[57]
3273,[57]
3274,[83]
3275,[83]
3276,[83]
3277,[83]
3278,[83]
3279,[83]
3280,[83]
3281,[83]
3282,[83]
3283,[83]
3284,[83]
3285,[83]
3286,[83]
3287,[83]
3288,[83]
3289,[83]
3290,[83]
3291,[83]
3292,[83]
3293,[83]
3294,[83]
3295,[83]
3296,[83]
3297,[83]
3298,[83]
3299,[83]
3300,[83]
3301,[83]
3302,[83]
3303,[83]
3304,[107]
3305,[107]
3306,[107]
3307,[107]
3308,[107]
3309,[107]
3310,[107]
3311,[107]
3312,[107]
3313,[107]
3314,[107]
3315,[107]
3316,[107]
3317,[107]
3318,[107]
3319,[107]
3320,[107]
3321,[107]
3322,[107]
3323,[107]
3324,[107]
3325,[107]
3326,[107]
3327,[107]
3328,[107]
3329,[107]
3330,[107]
3331,[107]
3332,[107]
3333,[107]
3334,[107]
3335,[107]
3336,[107]
3337,[107]
3338,[107]
3339,[107]
3340,[107]
3341,[107]
3342,[107]
3343,[107]
3344,"[62, 63, 67]"
3345,[67]
3346,[63]
3347,[62]
3348,[107]
3349,[107]
3350,[107]
3351,[107]
3352,[107]
3353,[107]
3354,[107]
3355,[107]
3356,[107]
3357,[107]
3358,[107]
3359,[107]
3360,[107]
3361,[107]
3362,[107]
3363,[107]
3364,"[62, 63, 67]"
3365,[67]
3366,[63]
3367,[62]
3368,[107]
3369,[107]
3370,[107]
3371,[107]
3372,[107]
3373,[107]
3374,[107]
3375,[107]
3376,[107]
3377,[107]
3378,[107]
3379,[107]
3380,[107]
3381,[107]
3382,[107]
3383,[107]
3384,[107]
3385,[107]
3386,[107]
3387,[107]
3388,[107]
3389,[107]
3390,[107]
3391,[107]
3392,[107]
3393,[107]
3394,[107]
3395,[107]
3396,[107]
3397,[107]
3398,[107]
3399,[107]
3400,[107]
3401,[107]
3402,[107]
3403,[107]
3404,[107]
3405,[107]
3406,[107]
3407,[107]
3408,[107]
3409,[107]
3410,[107]
3411,[107]
3412,[107]
3413,[107]
3414,[107]
3415,[107]
3416,[107]
3417,[107]
3418,[107]
3419,[107]
3420,[49]
3421,[49]
3422,[49]
3423,[49]
3424,[49]
3425,[49]
3426,[49]
3427,[49]
3428,[49]
3429,[49]
3430,[49]
3431,[49]
3432,[49]
3433,[49]
3434,[49]
3435,[49]
3436,[49]
3437,[49]
3438,[49]
3439,[49]
3440,[49]
3441,[49]
3442,[49]
3443,[49]
3444,[49]
3445,[49]
3446,[49]
3447,[49]
3448,[49]
3449,[49]
3450,[49]
3451,[49]
3452,[49]
3453,[49]
3454,[49]
3455,[49]
3456,[49]
3457,[49]
3458,[49]
3459,[49]
3460,[49]
3461,[49]
3462,[49]
3463,[49]
3464,[49]
3465,[49]
3466,[49]
3467,[49]
3468,[49]
3469,[49]
3470,[49]
3471,[49]
3472,[49]
3473,[49]
3474,[49]
3475,[49]
3476,[49]
3477,[49]
3478,[49]
3479,[49]
3480,[49]
3481,[49]
3482,[49]
3483,[49]
3484,[49]
3485,[49]
3486,[49]
3487,[49]
3488,[49]
3489,[49]
3490,[49]
3491,[49]
3492,[49]
3493,[49]
3494,[49]
3495,[49]
3496,[49]
3497,[49]
3498,[49]
3499,[49]
3500,[49]
3501,[49]
3502,[49]
3503,[49]
3504,[49]
3505,[49]
3506,[49]
3507,[49]
3508,[49]
3509,[49]
3510,[37]
3511,[37]
3512,[37]
3513,[37]
3514,[37]
3515,[37]
3516,[37]
3517,[37]
3518,[37]
3519,[37]
3520,[37]
3521,[37]
3522,[37]
3523,[37]
3524,[37]
3525,[37]
3526,[37]
3527,[37]
3528,[37]
3529,[37]
3530,[37]
3531,[37]
3532,[37]
3533,[37]
3534,[37]
3535,[37]
3536,[37]
3537,[37]
3538,[37]
3539,[37]
3540,[37]
3541,[37]
3542,[37]
3543,[37]
3544,[37]
3545,[37]
3546,[37]
3547,[37]
3548,[37]
3549,[37]
3550,[37]
3551,[37]
3552,[37]
3553,[37]
3554,[37]
3555,[37]
3556,[37]
3557,[37]
3558,[37]
3559,[37]
3560,[37]
3561,[37]
3562,[37]
3563,[37]
3564,[37]
3565,[37]
3566,[37]
3567,[37]
3568,[37]
3569,[48]
3570,[48]
3571,[48]
3572,[48]
3573,[48]
3574,[48]
3575,[48]
3576,[48]
3577,[48]
3578,[48]
3579,[48]
3580,[48]
3581,[48]
3582,[48]
3583,[48]
3584,[48]
3585,[48]
3586,[48]
3587,[48]
3588,[48]
3589,[48]
3590,[48]
3591,[48]
3592,[48]
3593,[48]
3594,[48]
3595,[48]
3596,[48]
3597,[48]
3598,[48]
3599,[48]
3600,[48]
3601,[48]
3602,[48]
3603,[48]
3604,[48]
3605,[48]
3606,[48]
3607,[48]
3608,[48]
3609,[48]
3610,[48]
3611,[48]
3612,[48]
3613,[48]
3614,[48]
3615,[48]
3616,[48]
3617,[48]
3618,[48]
3619,[48]
3620,[48]
3621,[48]
3622,[48]
3623,[48]
3624,[48]
3625,[48]
3626,[48]
3627,[48]
3628,[48]
3629,[48]
3630,[48]
3631,[48]
3632,[48]
3633,[48]
3634,[48]
3635,[48]
3636,[48]
3637,[48]
3638,[48]
3639,[48]
3640,[48]
3641,[48]
3642,[48]
3643,[48]
3644,[48]
3645,[48]
3646,[48]
3647,[48]
3648,[48]
3649,[48]
3650,[48]
3651,[48]
3652,[48]
3653,[48]
3654,[48]
3655,[48]
3656,[48]
3657,[48]
3658,[48]
3659,[48]
3660,[48]
3661,[48]
3662,[48]
3663,[48]
3664,[48]
3665,[48]
3666,[48]
3667,[48]
3668,[48]
3669,[48]
3670,[48]
3671,[48]
3672,[48]
3673,[48]
3674,[48]
3675,[48]
3676,[48]
3677,[48]
3678,[48]
3679,[48]
3680,[48]
3681,[48]
3682,[48]
3683,[48]
3684,[48]
3685,[48]
3686,[48]
3687,[48]
3688,[48]
3689,[34]
3690,[34]
3691,[34]
3692,[34]
3693,[34]
3694,[34]
3695,[34]
3696,[31]
3697,[31]
3698,[31]
3699,[31]
3700,[31]
3701,[31]
3702,[31]
3703,[31]
3704,[31]
3705,[31]
3706,[31]
3707,[31]
3708,[31]
3709,[31]
3710,[31]
3711,[31]
3712,[31]
3713,[31]
3714,[31]
3715,[31]
3716,[31]
3717,[31]
3718,[31]
3719,[31]
3720,[31]
3721,[31]
3722,[31]
3723,[31]
3724,[31]
3725,[31]
3726,[48]
3727,[48]
3728,[48]
3729,[48]
3730,[48]
3731,[48]
3732,[48]
3733,[48]
3734,[48]
3735,[48]
3736,[48]
3737,[48]
3738,[48]
3739,[48]
3740,[48]
3741,[48]
3742,[48]
3743,[48]
3744,[48]
3745,[48]
3746,[48]
3747,[48]
3748,[48]
3749,[48]
3750,[48]
3751,[48]
3752,[48]
3753,[48]
3754,[48]
3755,[33]
3756,[33]
3757,[33]
3758,[33]
3759,[33]
3760,[34]
3761,[34]
3762,[34]
3763,[34]
3764,[34]
3765,[34]
3766,[52]
3767,[52]
3768,[52]
3769,[52]
3770,[52]
3771,[52]
3772,[52]
3773,[52]
3774,[52]
3775,[52]
3776,[52]
3777,[52]
3778,[52]
3779,[52]
3780,[52]
3781,[52]
3782,[52]
3783,[52]
3784,[52]
3785,[52]
3786,[52]
3787,[52]
3788,[52]
3789,[52]
3790,[52]
3791,[52]
3792,[52]
3793,[52]
3794,[52]
3795,[52]
3796,[52]
3797,[52]
3798,[52]
3799,[52]
3800,[52]
3801,[52]
3802,[52]
3803,[52]
3804,[52]
3805,[52]
3806,[52]
3807,[52]
3808,[52]
3809,[52]
3810,[52]
3811,[52]
3812,[52]
3813,[52]
3814,[52]
3815,[52]
3816,[52]
3817,[52]
3818,[52]
3819,[52]
3820,[52]
3821,[52]
3822,[52]
3823,[52]
3824,[52]
3825,[52]
3826,[52]
3827,[52]
3828,[52]
3829,[52]
3830,[52]
3831,[52]
3832,[52]
3833,[52]
3834,[52]
3835,[52]
3836,[52]
3837,[52]
3838,[52]
3839,[52]
3840,[52]
3841,[52]
3842,[52]
3843,[52]
3844,[52]
3845,[52]
3846,[52]
3847,[52]
3848,[52]
3849,[52]
3850,[52]
3851,[52]
3852,[52]
3853,[52]
3854,[52]
3855,[52]
3856,"[33, 34]"
3857,"[33, 34]"
3858,"[33, 34]"
3859,"[33, 34]"
3860,"[33, 34]"
3861,"[33, 34]"
3862,"[33, 34]"
3863,"[33, 34]"
3864,"[33, 34]"
3865,"[33, 34]"
3866,"[33, 34]"
3867,"[33, 34]"
3868,"[33, 34]"
3869,"[33, 34]"
3870,"[33, 34]"
3871,"[33, 34]"
3872,"[33, 34]"
3873,"[33, 34]"
3874,"[33, 34]"
3875,"[33, 34]"
3876,"[33, 34]"
3877,"[33, 34]"
3878,"[33, 34]"
3879,"[33, 34]"
3880,"[33, 34]"
3881,"[33, 34]"
3882,"[33, 34]"
3883,"[33, 34]"
3884,"[33, 34]"
3885,"[33, 34]"
3886,"[33, 34]"
3887,"[33, 34]"
3888,"[33, 34]"
3889,"[33, 34]"
3890,"[33, 34]"
3891,"[33, 34]"
3892,"[33, 34]"
3893,"[33, 34]"
3894,"[33, 34]"
3895,"[33, 34]"
3896,"[33, 34]"
3897,"[33, 34]"
3898,"[33, 34]"
3899,"[33, 34]"
3900,"[33, 34]"
3901,"[33, 34]"
3902,"[33, 34]"
3903,"[33, 34]"
3904,"[33, 34]"
3905,"[33, 34]"
3906,"[33, 34]"
3907,"[33, 34]"
3908,"[33, 34]"
3909,"[33, 34]"
3910,"[33, 34]"
3911,"[33, 34]"
3912,"[33, 34]"
3913,"[33, 34]"
3914,[34]
3915,[34]
3916,[34]
3917,[34]
3918,[34]
3919,[34]
3920,[34]
3921,[34]
3922,[34]
3923,[34]
3924,[34]
3925,[34]
3926,[34]
3927,[34]
3928,[34]
3929,[34]
3930,[34]
3931,[34]
3932,[34]
3933,[34]
3934,[34]
3935,[34]
3936,[34]
3937,[34]
3938,[34]
3939,[34]
3940,[34]
3941,[34]
3942,[34]
3943,[34]
3944,[34]
3945,[34]
3946,[34]
3947,[34]
3948,[34]
3949,[34]
3950,[34]
3951,[34]
3952,[34]
3953,[34]
3954,[34]
3955,[34]
3956,[34]
3957,[34]
3958,[34]
3959,[34]
3960,[34]
3961,[34]
3962,[34]
3963,[34]
3964,[34]
3965,[34]
3966,[34]
3967,[34]
3968,[34]
3969,[34]
3970,[34]
3971,[34]
3972,[34]
3973,[34]
3974,[34]
3975,[34]
3976,[34]
3977,[34]
3978,[34]
3979,[34]
3980,[34]
3981,[34]
3982,[34]
3983,[34]
3984,[34]
3985,[34]
3986,[34]
3987,[34]
3988,[34]
3989,[34]
3990,[34]
3991,[34]
3992,[34]
3993,[34]
3994,[34]
3995,[34]
3996,"[33, 34]"
3997,"[33, 34]"
3998,"[33, 34]"
3999,"[33, 34]"
4000,"[33, 34]"
4001,"[33, 34]"
4002,"[33, 34]"
4003,"[33, 34]"
4004,"[33, 34]"
4005,"[33, 34]"
4006,"[33, 34]"
4007,"[33, 34]"
4008,"[33, 34]"
4009,"[33, 34]"
4010,"[33, 34]"
4011,"[33, 34]"
4012,"[33, 34]"
4013,"[33, 34]"
4014,"[33, 34]"
4015,"[33, 34]"
4016,"[33, 34]"
4017,"[33, 34]"
4018,"[33, 34]"
4019,"[33, 34]"
4020,"[33, 34]"
4021,"[33, 34]"
4022,"[33, 34]"
4023,"[33, 34]"
4024,"[33, 34]"
4025,"[33, 34]"
4026,"[33, 34]"
4027,[34]
4028,[34]
4029,[34]
4030,[34]
4031,[34]
4032,[34]
4033,[34]
4034,[34]
4035,[34]
4036,[34]
4037,[34]
4038,[34]
4039,[34]
4040,[34]
4041,[34]
4042,[34]
4043,[34]
4044,[34]
4045,[34]
4046,[34]
4047,[34]
4048,[34]
4049,[34]
4050,[34]
4051,[34]
4052,[34]
4053,[34]
4054,[34]
4055,[34]
4056,[34]
4057,[34]
4058,[34]
4059,[34]
4060,[34]
4061,[34]
4062,[34]
4063,[34]
4064,[34]
4065,[34]
4066,[34]
4067,[34]
4068,[34]
4069,[34]
4070,[34]
4071,[34]
4072,[34]
4073,[34]
4074,[34]
4075,[34]
4076,[34]
4077,[34]
4078,[34]
4079,[34]
4080,[34]
4081,[34]
4082,[34]
4083,[34]
4084,[34]
4085,[34]
4086,[34]
4087,[34]
4088,[34]
4089,[34]
4090,[34]
4091,[34]
4092,[34]
4093,[34]
4094,[34]
4095,[34]
4096,[34]
4097,[34]
4098,[34]
4099,[34]
4100,[34]
4101,[34]
4102,[34]
4103,[34]
4104,[34]
4105,[34]
4106,[34]
4107,[34]
4108,[34]
4109,[34]
4110,[34]
4111,[34]
4112,[34]
4113,[34]
4114,[34]
4115,[34]
4116,[34]
4117,[34]
4118,[34]
4119,[34]
4120,[34]
4121,[34]
4122,[34]
4123,[34]
4124,[34]
4125,[34]
4126,[34]
4127,[34]
4128,[34]
4129,[34]
4130,[34]
4131,[34]
4132,[34]
4133,[34]
4134,[34]
4135,[34]
4136,[34]
4137,[34]
4138,[34]
4139,[34]
4140,[34]
4141,[34]
4142,[34]
4143,[34]
4144,[34]
4145,[34]
4146,[34]
4147,[34]
4148,[34]
4149,[34]
4150,[34]
4151,[34]
4152,[34]
4153,[34]
4154,[34]
4155,[34]
4156,[34]
4157,[34]
4158,[34]
4159,[34]
4160,[34]
4161,[34]
4162,[34]
4163,[34]
4164,[34]
4165,[34]
4166,[34]
4167,[34]
4168,[34]
4169,[34]
4170,[34]
4171,[34]
4172,[34]
4173,[34]
4174,[34]
4175,[34]
4176,[34]
4177,[33]
4178,[33]
4179,[33]
4180,[33]
4181,[33]
4182,[33]
4183,[33]
4184,[33]
4185,[33]
4186,[33]
4187,[33]
4188,[33]
4189,[33]
4190,[33]
4191,[33]
4192,[33]
4193,[33]
4194,[33]
4195,[33]
4196,[33]
4197,[33]
4198,[33]
4199,[33]
4200,[33]
4201,[33]
4202,[33]
4203,[33]
4204,[33]
4205,[33]
4206,[33]
4207,[33]
4208,[33]
4209,[33]
4210,[33]
4211,[33]
4212,[33]
4213,[33]
4214,[33]
4215,[33]
4216,[33]
4217,[33]
4218,[33]
4219,[33]
4220,[33]
4221,[33]
4222,[33]
4223,[33]
4224,[33]
4225,[33]
4226,[33]
4227,[33]
4228,[33]
4229,[33]
4230,[33]
4231,[33]
4232,[33]
4233,[33]
4234,[33]
4235,[33]
4236,[33]
4237,[33]
4238,[33]
4239,[33]
4240,[33]
4241,[33]
4242,[33]
4243,[33]
4244,[33]
4245,[33]
4246,[33]
4247,[33]
4248,[33]
4249,[33]
4250,[33]
4251,[33]
4252,[33]
4253,[33]
4254,[33]
4255,[33]
4256,[33]
4257,[33]
4258,[33]
4259,[33]
4260,[33]
4261,[33]
4262,[33]
4263,[33]
4264,[33]
4265,[33]
4266,[33]
4267,[33]
4268,[33]
4269,[33]
4270,[33]
4271,[33]
4272,[33]
4273,[33]
4274,[33]
4275,[33]
4276,[33]
4277,[33]
4278,[33]
4279,[33]
4280,[33]
4281,[33]
4282,[33]
4283,[33]
4284,[33]
4285,[33]
4286,[33]
4287,[33]
4288,[33]
4289,[33]
4290,[33]
4291,[33]
4292,[33]
4293,[33]
4294,[33]
4295,[33]
4296,[33]
4297,[33]
4298,[33]
4299,[33]
4300,[33]
4301,[33]
4302,[33]
4303,[33]
4304,[33]
4305,[33]
4306,[33]
4307,[33]
4308,[33]
4309,[33]
4310,[33]
4311,[33]
4312,[33]
4313,[33]
4314,[33]
4315,[33]
4316,[33]
4317,[33]
4318,[33]
4319,[33]
4320,[33]
4321,[33]
4322,[33]
4323,[33]
4324,[33]
4325,[33]
4326,[33]
4327,[33]
4328,[33]
4329,[33]
4330,[33]
4331,[33]
4332,[33]
4333,[33]
4334,[33]
4335,[33]
4336,[33]
4337,[33]
4338,[33]
4339,[33]
4340,[33]
4341,[33]
4342,[33]
4343,[33]
4344,[33]
4345,[33]
4346,[33]
4347,[33]
4348,[33]
4349,[33]
4350,[33]
4351,[33]
4352,[33]
4353,[33]
4354,[33]
4355,[33]
4356,[33]
4357,[33]
4358,[33]
4359,[33]
4360,[33]
4361,[33]
4362,[33]
4363,[33]
4364,[33]
4365,[33]
4366,[33]
4367,[33]
4368,[33]
4369,[33]
4370,[33]
4371,[33]
4372,[33]
4373,[33]
4374,[33]
4375,[33]
4376,[33]
4377,[33]
4378,[33]
4379,[33]
4380,[33]
4381,[33]
4382,[33]
4383,[33]
4384,[33]
4385,[33]
4386,[33]
4387,[33]
4388,[33]
4389,[33]
4390,[33]
4391,[33]
4392,[33]
4393,[33]
4394,[33]
4395,[33]
4396,[33]
4397,[33]
4398,[33]
4399,[33]
4400,[33]
4401,[33]
4402,[33]
4403,[33]
4404,[33]
4405,[33]
4406,[33]
4407,[33]
4408,[33]
4409,[33]
4410,[33]
4411,[33]
4412,[33]
4413,[33]
4414,[33]
4415,[33]
4416,[35]
4417,[35]
4418,[35]
4419,[35]
4420,[35]
4421,[35]
4422,[35]
4423,[35]
4424,[35]
4425,[35]
4426,[35]
4427,[35]
4428,[35]
4429,[35]
4430,[35]
4431,[35]
4432,[35]
4433,[35]
4434,[35]
4435,[35]
4436,[35]
4437,[35]
4438,[35]
4439,[35]
4440,[35]
4441,[35]
4442,[35]
4443,[35]
4444,[35]
4445,[35]
4446,[35]
4447,[35]
4448,[35]
4449,[35]
4450,[35]
4451,[35]
4452,[35]
4453,[35]
4454,[35]
4455,[35]
4456,[35]
4457,[35]
4458,[35]
4459,[35]
4460,[35]
4461,[35]
4462,[35]
4463,[35]
4464,[35]
4465,[35]
4466,[35]
4467,[35]
4468,[35]
4469,[35]
4470,[35]
4471,[35]
4472,[35]
4473,[35]
4474,[35]
4475,[35]
4476,[35]
4477,[35]
4478,[35]
4479,[35]
4480,[35]
4481,[35]
4482,[35]
4483,[35]
4484,[35]
4485,[35]
4486,[35]
4487,[35]
4488,[35]
4489,[35]
4490,[35]
4491,[35]
4492,[35]
4493,[35]
4494,[35]
4495,[35]
4496,[35]
4497,[35]
4498,[35]
4499,[35]
4500,[35]
4501,[35]
4502,[35]
4503,[35]
4504,[35]
4505,[35]
4506,[35]
4507,[35]
4508,[35]
4509,[35]
4510,[35]
4511,[35]
4512,[35]
4513,[35]
4514,[35]
4515,[35]
4516,[35]
4517,[35]
4518,[35]
4519,[35]
4520,[35]
4521,[35]
4522,[35]
4523,[35]
4524,[35]
4525,[35]
4526,[35]
4527,[35]
4528,[35]
4529,[35]
4530,[35]
4531,[35]
4532,[35]
4533,[35]
4534,[35]
4535,[35]
4536,[35]
4537,[35]
4538,[35]
4539,[35]
4540,[35]
4541,[35]
4542,[35]
4543,[35]
4544,[35]
4545,[35]
4546,[35]
4547,[35]
4548,[35]
4549,[35]
4550,[35]
4551,[35]
4552,[35]
4553,[35]
4554,[35]
4555,[35]
4556,[35]
4557,[35]
4558,[35]
4559,[35]
4560,[35]
4561,[35]
4562,[35]
4563,[35]
4564,[35]
4565,"[4, 122]"
4566,"[4, 122]"
4567,"[4, 122]"
4568,"[4, 122]"
4569,"[4, 122]"
4570,"[4, 122]"
4571,"[4, 122]"
4572,"[4, 122]"
4573,"[4, 122]"
4574,"[4, 122]"
4575,"[4, 122]"
4576,"[4, 122]"
4577,"[4, 122]"
4578,"[4, 122]"
4579,"[4, 122]"
4580,"[4, 122]"
4581,"[4, 122]"
4582,"[4, 122]"
4583,"[4, 122]"
4584,"[4, 122]"
4585,"[4, 122]"
4586,"[4, 122]"
4587,"[4, 122]"
4588,"[4, 122]"
4589,"[4, 122]"
4590,"[4, 122]"
4591,"[4, 122]"
4592,"[4, 122]"
4593,"[4, 122]"
4594,[97]
4595,[97]
4596,[97]
4597,[97]
4598,[97]
4599,[97]
4600,[97]
4601,[97]
4602,[97]
4603,[97]
4604,[97]
4605,[97]
4606,[97]
4607,[97]
4608,[97]
4609,[97]
4610,[97]
4611,[97]
4612,[97]
4613,[97]
4614,[97]
4615,[97]
4616,[97]
4617,[97]
4618,[97]
4619,[97]
4620,[97]
4621,[97]
4622,[97]
4623,[97]
4624,[97]
4625,[97]
4626,[97]
4627,[97]
4628,[97]
4629,[97]
4630,[97]
4631,[97]
4632,[97]
4633,[97]
4634,[97]
4635,[97]
4636,[97]
4637,[97]
4638,[97]
4639,[97]
4640,[97]
4641,[97]
4642,[97]
4643,[97]
4644,[97]
4645,[97]
4646,[97]
4647,[97]
4648,[97]
4649,[97]
4650,[97]
4651,[97]
4652,[97]
4653,[97]
4654,[97]
4655,[97]
4656,[97]
4657,[97]
4658,[97]
4659,[97]
4660,[97]
4661,[97]
4662,[97]
4663,[97]
4664,[97]
4665,[97]
4666,[97]
4667,[97]
4668,[97]
4669,[97]
4670,[97]
4671,[97]
4672,[97]
4673,[97]
4674,[97]
4675,[97]
4676,[97]
4677,[97]
4678,[97]
4679,[97]
4680,[97]
4681,[97]
4682,[97]
4683,[97]
4684,"[16, 17]"
4685,"[16, 17]"
4686,"[16, 17]"
4687,"[16, 17]"
4688,"[16, 17]"
4689,"[16, 17]"
4690,"[16, 17]"
4691,"[16, 17]"
4692,"[16, 17]"
4693,"[16, 17]"
4694,"[16, 17]"
4695,"[16, 17]"
4696,"[16, 17]"
4697,"[16, 17]"
4698,"[16, 17]"
4699,"[16, 17]"
4700,"[16, 17]"
4701,"[16, 17]"
4702,"[16, 17]"
4703,"[16, 17]"
4704,"[16, 17]"
4705,"[16, 17]"
4706,"[16, 17]"
4707,"[16, 17]"
4708,"[16, 17]"
4709,"[16, 17]"
4710,"[16, 17]"
4711,"[16, 17]"
4712,"[16, 17]"
4713,"[16, 17]"
4714,"[16, 17]"
4715,"[16, 17]"
4716,"[16, 17]"
4717,"[16, 17]"
4718,"[16, 17]"
4719,"[16, 17]"
4720,"[16, 17]"
4721,"[16, 17]"
4722,"[16, 17]"
4723,"[16, 17]"
4724,"[16, 17]"
4725,"[16, 17]"
4726,"[16, 17]"
4727,"[16, 17]"
4728,"[16, 17]"
4729,"[16, 17]"
4730,"[16, 17]"
4731,"[16, 17]"
4732,"[16, 17]"
4733,"[16, 17]"
4734,"[16, 17]"
4735,"[16, 17]"
4736,"[16, 17]"
4737,"[16, 17]"
4738,"[16, 17]"
4739,"[16, 17]"
4740,"[16, 17]"
4741,"[16, 17]"
4742,"[16, 17]"
4743,"[16, 17]"
4744,"[16, 17]"
4745,"[16, 17]"
4746,"[16, 17]"
4747,"[16, 17]"
4748,"[16, 17]"
4749,"[16, 17]"
4750,"[16, 17]"
4751,"[16, 17]"
4752,"[16, 17]"
4753,"[16, 17]"
4754,"[16, 17]"
4755,"[16, 17]"
4756,"[16, 17]"
4757,"[16, 17]"
4758,"[16, 17]"
4759,"[16, 17]"
4760,"[16, 17]"
4761,"[16, 17]"
4762,"[16, 17]"
4763,"[16, 17]"
4764,"[16, 17]"
4765,"[16, 17]"
4766,"[16, 17]"
4767,"[16, 17]"
4768,"[16, 17]"
4769,"[16, 17]"
4770,"[16, 17]"
4771,"[16, 17]"
4772,"[16, 17]"
4773,"[16, 17]"
4774,"[16, 17]"
4775,"[16, 17]"
4776,"[16, 17]"
4777,"[16, 17]"
4778,"[16, 17]"
4779,"[16, 17]"
4780,"[16, 17]"
4781,"[16, 17]"
4782,"[16, 17]"
4783,"[16, 17]"
4784,"[16, 17]"
4785,"[16, 17]"
4786,"[16, 17]"
4787,"[16, 17]"
4788,"[16, 17]"
4789,"[16, 17]"
4790,"[16, 17]"
4791,"[16, 17]"
4792,"[16, 17]"
4793,"[16, 17]"
4794,"[16, 17]"
4795,"[16, 17]"
4796,"[16, 17]"
4797,"[16, 17]"
4798,"[16, 17]"
4799,"[16, 17]"
4800,"[16, 17]"
4801,"[16, 17]"
4802,"[16, 17]"
4803,"[16, 17]"
4804,"[16, 17]"
4805,"[16, 17]"
4806,"[16, 17]"
4807,"[16, 17]"
4808,"[16, 17]"
4809,"[16, 17]"
4810,"[16, 17]"
4811,"[16, 17]"
4812,"[16, 17]"
4813,"[16, 17]"
4814,"[16, 17]"
4815,"[16, 17]"
4816,"[16, 17]"
4817,"[16, 17]"
4818,[30]
4819,"[18, 30]"
4820,[30]
4821,[30]
4822,[30]
4823,[30]
4824,[30]
4825,[30]
4826,[30]
4827,[30]
4828,[30]
4829,[30]
4830,[30]
4831,[30]
4832,[30]
4833,[30]
4834,[30]
4835,[30]
4836,[30]
4837,[30]
4838,[30]
4839,[30]
4840,[30]
4841,[30]
4842,[30]
4843,[30]
4844,[30]
4845,[30]
4846,[30]
4847,[30]
4848,[30]
4849,[30]
4850,[30]
4851,[30]
4852,[30]
4853,[30]
4854,[45]
4855,[45]
4856,[45]
4857,[45]
4858,[45]
4859,[45]
4860,[45]
4861,[45]
4862,[45]
4863,[45]
4864,[45]
4865,[45]
4866,[45]
4867,[45]
4868,[45]
4869,[45]
4870,[45]
4871,[45]
4872,[45]
4873,[45]
4874,[45]
4875,[45]
4876,[45]
4877,[45]
4878,[45]
4879,[45]
4880,[45]
4881,[45]
4882,[45]
4883,[45]
4884,[50]
4885,[50]
4886,[50]
4887,[50]
4888,[50]
4889,[50]
4890,[50]
4891,[50]
4892,[50]
4893,[50]
4894,[50]
4895,[50]
4896,[50]
4897,[50]
4898,[50]
4899,[50]
4900,[50]
4901,[50]
4902,[50]
4903,[50]
4904,[50]
4905,[50]
4906,[50]
4907,[50]
4908,[50]
4909,[50]
4910,[50]
4911,[50]
4912,[50]
4913,[50]
4914,[30]
4915,[30]
4916,[30]
4917,[30]
4918,[30]
4919,[30]
4920,[30]
4921,[30]
4922,[30]
4923,[30]
4924,[30]
4925,[30]
4926,[30]
4927,[30]
4928,[30]
4929,[30]
4930,[30]
4931,[30]
4932,[30]
4933,[30]
4934,[30]
4935,[30]
4936,[30]
4937,[30]
4938,[30]
4939,[30]
4940,[30]
4941,[30]
4942,[30]
4943,[30]
4944,[30]
4945,[30]
4946,[30]
4947,[30]
4948,[30]
4949,[30]
4950,[30]
4951,[30]
4952,[30]
4953,[30]
4954,[30]
4955,[30]
4956,[30]
4957,[30]
4958,[30]
4959,[30]
4960,[30]
4961,[30]
4962,[30]
4963,[30]
4964,[30]
4965,[30]
4966,[30]
4967,[30]
4968,[30]
4969,[30]
4970,[30]
4971,[30]
4972,[30]
4973,[30]
4974,[30]
4975,[30]
4976,[30]
4977,[30]
4978,[30]
4979,[30]
4980,[30]
4981,[30]
4982,[30]
4983,[30]
4984,[30]
4985,[30]
4986,[30]
4987,[30]
4988,[30]
4989,[30]
4990,[30]
4991,[30]
4992,[30]
4993,[30]
4994,[30]
4995,[30]
4996,[30]
4997,[30]
4998,[30]
4999,[30]
5000,[30]
5001,[30]
5002,[30]
5003,[30]
5004,[30]
5005,[30]
5006,[30]
5007,[30]
5008,[30]
5009,[30]
5010,[30]
5011,[30]
5012,[30]
5013,[30]
5014,[30]
5015,[30]
5016,[30]
5017,[30]
5018,[30]
5019,[30]
5020,[30]
5021,[30]
5022,[30]
5023,[30]
5024,[30]
5025,[30]
5026,[30]
5027,[30]
5028,[30]
5029,[30]
5030,[30]
5031,[30]
5032,[30]
5033,[30]
5034,[30]
5035,[30]
5036,[30]
5037,[30]
5038,[30]
5039,[30]
5040,[30]
5041,[30]
5042,[30]
5043,[30]
5044,[30]
5045,[30]
5046,[30]
5047,[30]
5048,[30]
5049,[30]
5050,[30]
5051,[30]
5052,[30]
5053,[30]
5054,[30]
5055,[30]
5056,[30]
5057,[30]
5058,[30]
5059,[30]
5060,[30]
5061,[30]
5062,[30]
5063,[30]
5064,[30]
5065,[30]
5066,[30]
5067,[30]
5068,[30]
5069,[30]
5070,[30]
5071,[30]
5072,[30]
5073,[30]
5074,[30]
5075,[19]
5076,[19]
5077,[19]
5078,[19]
5079,[19]
5080,[19]
5081,[19]
5082,[19]
5083,[19]
5084,[19]
5085,[19]
5086,[19]
5087,[19]
5088,[19]
5089,[19]
5090,[19]
5091,[19]
5092,[19]
5093,[19]
5094,[19]
5095,[19]
5096,[19]
5097,[19]
5098,[19]
5099,[19]
5100,[19]
5101,[19]
5102,[19]
5103,[19]
5104,[19]
5105,[19]
5106,[19]
5107,[19]
5108,[19]
5109,[19]
5110,[19]
5111,[19]
5112,[19]
5113,[19]
5114,[19]
5115,[19]
5116,[19]
5117,[19]
5118,[19]
5119,[19]
5120,[19]
5121,[19]
5122,[19]
5123,[19]
5124,[19]
5125,[19]
5126,[19]
5127,[19]
5128,[19]
5129,[19]
5130,[19]
5131,[19]
5132,[19]
5133,[19]
5134,[19]
5135,[19]
5136,[19]
5137,[19]
5138,[19]
5139,[19]
5140,[19]
5141,[19]
5142,[19]
5143,[19]
5144,[19]
5145,[19]
5146,[19]
5147,[19]
5148,[19]
5149,[19]
5150,[19]
5151,[19]
5152,[19]
5153,[19]
5154,[19]
5155,[19]
5156,[19]
5157,[19]
5158,[19]
5159,[19]
5160,[19]
5161,[19]
5162,[19]
5163,[19]
5164,[19]
5165,"[24, 30]"
5166,"[24, 30]"
5167,"[24, 30]"
5168,"[24, 30]"
5169,"[24, 30]"
5170,"[24, 30]"
5171,"[24, 30]"
5172,"[24, 30]"
5173,"[24, 30]"
5174,"[24, 30]"
5175,"[24, 30]"
5176,"[24, 30]"
5177,"[24, 30]"
5178,"[24, 30]"
5179,"[24, 30]"
5180,"[24, 30]"
5181,"[24, 30]"
5182,"[24, 30]"
5183,"[24, 30]"
5184,"[24, 30]"
5185,"[24, 30]"
5186,"[24, 30]"
5187,"[24, 30]"
5188,"[24, 30]"
5189,"[24, 30]"
5190,"[24, 30]"
5191,"[24, 30]"
5192,"[24, 30]"
5193,"[24, 30]"
5194,"[24, 30]"
5195,[18]
5196,[18]
5197,[18]
5198,[18]
5199,[18]
5200,[18]
5201,[18]
5202,[18]
5203,[18]
5204,[18]
5205,[18]
5206,[18]
5207,[18]
5208,[18]
5209,[18]
5210,[18]
5211,[18]
5212,[18]
5213,[18]
5214,[18]
5215,[18]
5216,[18]
5217,[18]
5218,[18]
5219,[18]
5220,[18]
5221,[18]
5222,[18]
5223,[18]
5224,[18]
5225,[30]
5226,[30]
5227,[30]
5228,[30]
5229,[30]
5230,[30]
5231,[30]
5232,"[30, 50]"
5233,[30]
5234,[30]
5235,[30]
5236,[30]
5237,[30]
5238,[30]
5239,[30]
5240,[30]
5241,[30]
5242,[30]
5243,[30]
5244,[30]
5245,[30]
5246,[30]
5247,[30]
5248,[30]
5249,[30]
5250,[30]
5251,[30]
5252,[30]
5253,[30]
5254,[30]
5255,[30]
5256,[30]
5257,[30]
5258,[30]
5259,[30]
5260,[30]
5261,[30]
5262,[30]
5263,[30]
5264,[30]
5265,[30]
5266,[30]
5267,[30]
5268,[30]
5269,[30]
5270,[30]
5271,[30]
5272,[30]
5273,[30]
5274,[30]
5275,[30]
5276,[30]
5277,[30]
5278,[30]
5279,[30]
5280,[30]
5281,[30]
5282,[30]
5283,[30]
5284,[30]
5285,[30]
5286,[30]
5287,[30]
5288,[30]
5289,[30]
5290,[30]
5291,[30]
5292,[30]
5293,[30]
5294,[30]
5295,[30]
5296,[30]
5297,[30]
5298,[30]
5299,[30]
5300,[30]
5301,[30]
5302,[30]
5303,[30]
5304,[30]
5305,[30]
5306,[30]
5307,[30]
5308,[30]
5309,[30]
5310,[30]
5311,[30]
5312,[30]
5313,[30]
5314,[30]
5315,[30]
5316,[30]
5317,[30]
5318,[30]
5319,[30]
5320,[30]
5321,[30]
5322,[30]
5323,[30]
5324,[30]
5325,[30]
5326,[30]
5327,[30]
5328,[30]
5329,[30]
5330,[30]
5331,[30]
5332,[30]
5333,[30]
5334,[30]
5335,[30]
5336,[30]
5337,[30]
5338,[30]
5339,[30]
5340,[30]
5341,[30]
5342,[30]
5343,[30]
5344,[30]
5345,[30]
5346,[30]
5347,[30]
5348,[30]
5349,[30]
5350,[30]
5351,[30]
5352,[30]
5353,[30]
5354,[30]
5355,"[23, 81]"
5356,"[23, 81]"
5357,"[23, 81]"
5358,"[23, 81]"
5359,"[23, 81]"
5360,"[23, 81]"
5361,"[23, 81]"
5362,"[23, 81]"
5363,"[23, 81]"
5364,"[23, 81]"
5365,"[23, 81]"
5366,"[23, 81]"
5367,"[23, 81]"
5368,"[23, 81]"
5369,"[23, 81]"
5370,"[23, 81]"
5371,"[23, 81]"
5372,"[23, 81]"
5373,"[23, 81]"
5374,"[23, 81]"
5375,"[23, 81]"
5376,"[23, 81]"
5377,"[23, 81]"
5378,"[23, 81]"
5379,"[23, 81]"
5380,"[23, 81]"
5381,"[23, 81]"
5382,"[23, 81]"
5383,"[23, 81]"
5384,"[23, 81]"
5385,[23]
5386,[23]
5387,[23]
5388,[23]
5389,[23]
5390,[23]
5391,[23]
5392,[23]
5393,[23]
5394,[23]
5395,[23]
5396,[23]
5397,[23]
5398,[23]
5399,[23]
5400,[23]
5401,[23]
5402,[23]
5403,[23]
5404,[23]
5405,[23]
5406,[23]
5407,[23]
5408,[23]
5409,[23]
5410,[23]
5411,[23]
5412,[23]
5413,[23]
5414,[23]
5415,"[23, 81]"
5416,"[23, 81]"
5417,"[23, 81]"
5418,"[23, 81]"
5419,"[23, 81]"
5420,"[23, 81]"
5421,"[23, 81]"
5422,"[23, 81]"
5423,"[23, 81]"
5424,"[23, 81]"
5425,"[23, 81]"
5426,"[23, 81]"
5427,"[23, 81]"
5428,"[23, 81]"
5429,"[23, 81]"
5430,"[23, 81]"
5431,"[23, 81]"
5432,"[23, 81]"
5433,"[23, 81]"
5434,"[23, 81]"
5435,"[23, 81]"
5436,"[23, 81]"
5437,"[23, 81]"
5438,"[23, 81]"
5439,"[23, 81]"
5440,"[23, 81]"
5441,"[23, 81]"
5442,"[23, 81]"
5443,"[23, 81]"
5444,"[23, 81]"
5445,[15]
5446,[15]
5447,[15]
5448,[15]
5449,[15]
5450,[15]
5451,[15]
5452,[15]
5453,[15]
5454,[15]
5455,[15]
5456,[15]
5457,[15]
5458,[15]
5459,[15]
5460,[15]
5461,[15]
5462,[15]
5463,[15]
5464,[15]
5465,[15]
5466,[15]
5467,[15]
5468,[15]
5469,[15]
5470,[15]
5471,[15]
5472,[15]
5473,[15]
5474,[15]
5475,"[13, 14]"
5476,"[13, 14]"
5477,"[13, 14]"
5478,"[13, 14]"
5479,"[13, 14]"
5480,"[13, 14]"
5481,"[13, 14]"
5482,"[13, 14]"
5483,"[13, 14]"
5484,"[13, 14]"
5485,"[13, 14]"
5486,"[13, 14]"
5487,"[13, 14]"
5488,"[13, 14]"
5489,"[13, 14]"
5490,"[13, 14]"
5491,"[13, 14]"
5492,"[13, 14]"
5493,"[13, 14]"
5494,"[13, 14]"
5495,[15]
5496,[15]
5497,[15]
5498,[15]
5499,[15]
5500,[15]
5501,[15]
5502,[15]
5503,[15]
5504,[15]
5505,[15]
5506,[15]
5507,[15]
5508,[15]
5509,[15]
5510,[15]
5511,[15]
5512,[15]
5513,[15]
5514,[15]
5515,[15]
5516,[15]
5517,[15]
5518,[15]
5519,[15]
5520,[15]
5521,[15]
5522,[15]
5523,[15]
5524,[15]
5525,"[7, 15]"
5526,"[7, 15]"
5527,"[7, 15]"
5528,"[7, 15]"
5529,"[7, 15]"
5530,"[7, 15]"
5531,"[7, 15]"
5532,"[7, 15]"
5533,"[7, 15]"
5534,"[7, 15]"
5535,"[7, 15]"
5536,"[7, 15]"
5537,"[7, 15]"
5538,"[7, 15]"
5539,"[7, 15]"
5540,"[7, 15]"
5541,"[7, 15]"
5542,"[7, 15]"
5543,"[7, 15]"
5544,"[7, 15]"
5545,"[7, 15]"
5546,"[7, 15]"
5547,"[7, 15]"
5548,"[7, 15]"
5549,"[7, 15]"
5550,"[7, 15]"
5551,"[7, 15]"
5552,"[7, 15]"
5553,"[7, 15]"
5554,"[13, 14]"
5555,"[13, 14]"
5556,"[13, 14]"
5557,"[13, 14]"
5558,"[13, 14]"
5559,"[13, 14]"
5560,"[13, 14]"
5561,"[13, 14]"
5562,"[13, 14]"
5563,"[13, 14]"
5564,"[13, 14]"
5565,"[13, 14]"
5566,"[13, 14]"
5567,"[13, 14]"
5568,[15]
5569,[15]
5570,[15]
5571,[15]
5572,"[13, 14]"
5573,"[13, 14]"
5574,"[13, 14]"
5575,"[13, 14]"
5576,"[13, 14]"
5577,"[13, 14]"
5578,"[13, 14]"
5579,"[13, 14]"
5580,"[13, 14]"
5581,"[13, 14]"
5582,"[13, 14]"
5583,"[13, 14]"
5584,"[13, 14]"
5585,"[13, 14]"
5586,"[13, 14]"
5587,"[13, 14]"
5588,"[13, 14]"
5589,"[13, 14]"
5590,"[13, 14]"
5591,"[13, 14]"
5592,"[13, 14]"
5593,"[13, 14]"
5594,"[13, 14]"
5595,"[13, 14]"
5596,"[13, 14]"
5597,"[13, 14]"
5598,[14]
5599,[14]
5600,[14]
5601,[14]
5602,[14]
5603,[14]
5604,[14]
5605,[14]
5606,[14]
5607,[14]
5608,[14]
5609,[14]
5610,[14]
5611,[14]
5612,[14]
5613,[14]
5614,[14]
5615,[14]
5616,[14]
5617,[14]
5618,[14]
5619,[14]
5620,[14]
5621,[14]
5622,[14]
5623,[14]
5624,[14]
5625,[14]
5626,[14]
5627,[14]
5628,"[16, 17]"
5629,"[16, 17]"
5630,"[16, 17]"
5631,"[16, 17]"
5632,"[16, 17]"
5633,"[16, 17]"
5634,"[16, 17]"
5635,"[16, 17]"
5636,"[16, 17]"
5637,"[16, 17]"
5638,"[16, 17]"
5639,"[16, 17]"
5640,"[16, 17]"
5641,"[16, 17]"
5642,"[16, 17]"
5643,"[16, 17]"
5644,"[16, 17]"
5645,"[16, 17]"
5646,"[16, 17]"
5647,"[16, 17]"
5648,"[16, 17]"
5649,"[16, 17]"
5650,"[16, 17]"
5651,"[16, 17]"
5652,"[16, 17]"
5653,"[16, 17]"
5654,"[16, 17]"
5655,"[16, 17]"
5656,[21]
5657,[21]
5658,[21]
5659,[21]
5660,[67]
5661,[68]
5662,[68]
5663,[68]
5664,[67]
5665,[68]
5666,[68]
5667,[68]
5668,[67]
5669,[68]
5670,[68]
5671,[68]
5672,[68]
5673,[68]
5674,[67]
5675,[68]
5676,[68]
5677,[68]
5678,[67]
5679,[68]
5680,[67]
5681,[68]
5682,[68]
5683,[68]
5684,[67]
5685,[68]
5686,[68]
5687,[68]
5688,[67]
5689,[68]
5690,[67]
5691,[68]
5692,[68]
5693,[68]
5694,[67]
5695,[68]
5696,[68]
5697,[68]
5698,[67]
5699,[68]
5700,[67]
5701,[68]
5702,[68]
5703,[68]
5704,[67]
5705,[68]
5706,[68]
5707,[68]
5708,[67]
5709,[68]
5710,[67]
5711,[68]
5712,[68]
5713,[68]
5714,[67]
5715,[68]
5716,[68]
5717,[68]
5718,[67]
5719,[68]
5720,[22]
5721,[22]
5722,[22]
5723,[22]
5724,[22]
5725,[22]
5726,[22]
5727,[22]
5728,[22]
5729,[22]
5730,[22]
5731,[22]
5732,[22]
5733,[22]
5734,[22]
5735,[22]
5736,[22]
5737,[22]
5738,[22]
5739,[22]
5740,[22]
5741,[22]
5742,[22]
5743,[22]
5744,[22]
5745,[22]
5746,[22]
5747,[22]
5748,[22]
5749,[22]
5750,[93]
5751,[93]
5752,[93]
5753,[93]
5754,[93]
5755,[93]
5756,[93]
5757,[93]
5758,[93]
5759,[93]
5760,[93]
5761,[93]
5762,[93]
5763,[93]
5764,[93]
5765,[93]
5766,[93]
5767,[93]
5768,[93]
5769,[93]
5770,[93]
5771,[93]
5772,[93]
5773,[93]
5774,[93]
5775,[93]
5776,[93]
5777,[93]
5778,[93]
5779,[93]
5780,[95]
5781,[95]
5782,[95]
5783,[95]
5784,[95]
5785,[95]
5786,[95]
5787,[95]
5788,[95]
5789,[95]
5790,[95]
5791,[95]
5792,[95]
5793,[95]
5794,[95]
5795,[95]
5796,[95]
5797,[95]
5798,[95]
5799,[95]
5800,[95]
5801,[95]
5802,[95]
5803,[95]
5804,[95]
5805,[95]
5806,[95]
5807,[95]
5808,[95]
5809,[95]
5810,[27]
5811,[27]
5812,[27]
5813,[27]
5814,[27]
5815,[27]
5816,[27]
5817,[27]
5818,[27]
5819,[27]
5820,[27]
5821,[27]
5822,[27]
5823,[27]
5824,[27]
5825,[27]
5826,[27]
5827,[27]
5828,[27]
5829,[27]
5830,[27]
5831,[27]
5832,[27]
5833,[27]
5834,[27]
5835,[27]
5836,[27]
5837,[27]
5838,[27]
5839,[27]
5840,[27]
5841,[27]
5842,[27]
5843,[27]
5844,[27]
5845,[27]
5846,[27]
5847,[27]
5848,[27]
5849,[27]
5850,[27]
5851,[27]
5852,[27]
5853,[27]
5854,[27]
5855,[27]
5856,[27]
5857,[27]
5858,[27]
5859,[27]
5860,[27]
5861,[27]
5862,[27]
5863,[27]
5864,[27]
5865,[27]
5866,[27]
5867,[27]
5868,[27]
5869,[27]
5870,[27]
5871,[27]
5872,[27]
5873,[27]
5874,[27]
5875,[27]
5876,[27]
5877,[27]
5878,[27]
5879,[27]
5880,[27]
5881,[27]
5882,[27]
5883,[27]
5884,[27]
5885,[27]
5886,[27]
5887,[27]
5888,[27]
5889,[27]
5890,[27]
5891,[27]
5892,[27]
5893,[27]
5894,[27]
5895,[27]
5896,[27]
5897,[27]
5898,[27]
5899,[27]
5900,[27]
5901,[27]
5902,[27]
5903,[27]
5904,[27]
5905,[27]
5906,[27]
5907,[27]
5908,[27]
5909,[27]
5910,[27]
5911,[27]
5912,[27]
5913,[27]
5914,[27]
5915,[27]
5916,[27]
5917,[27]
5918,[27]
5919,[27]
5920,[27]
5921,[27]
5922,[27]
5923,[27]
5924,[27]
5925,[27]
5926,[27]
5927,[27]
5928,[27]
5929,[27]
5930,[27]
5931,[27]
5932,[27]
5933,[27]
5934,[27]
5935,[27]
5936,[27]
5937,[27]
5938,[27]
5939,[27]
5940,[27]
5941,[27]
5942,[27]
5943,[27]
5944,[27]
5945,[27]
5946,[27]
5947,[27]
5948,[27]
5949,[27]
5950,[26]
5951,[26]
5952,[26]
5953,[26]
5954,[26]
5955,[26]
5956,[26]
5957,[26]
5958,[26]
5959,[26]
5960,[26]
5961,[26]
5962,[26]
5963,[26]
5964,[26]
5965,[26]
5966,[26]
5967,[26]
5968,[26]
5969,[26]
5970,[26]
5971,[26]
5972,[26]
5973,[26]
5974,[26]
5975,[26]
5976,[26]
5977,[26]
5978,[26]
5979,[26]
5980,[26]
5981,[26]
5982,[26]
5983,[26]
5984,[26]
5985,[26]
5986,[26]
5987,[26]
5988,[26]
5989,[26]
5990,[26]
5991,[26]
5992,[26]
5993,[26]
5994,[26]
5995,[26]
5996,[26]
5997,[26]
5998,[26]
5999,[26]
6000,[26]
6001,[26]
6002,[26]
6003,[26]
6004,[26]
6005,[26]
6006,[26]
6007,[26]
6008,[26]
6009,[26]
6010,[26]
6011,[26]
6012,[26]
6013,[26]
6014,[26]
6015,[26]
6016,[26]
6017,[26]
6018,[26]
6019,[26]
6020,[26]
6021,[26]
6022,[26]
6023,[26]
6024,[26]
6025,[26]
6026,[26]
6027,[26]
6028,[26]
6029,[26]
6030,[26]
6031,[26]
6032,[26]
6033,[26]
6034,[26]
6035,[26]
6036,[26]
6037,[26]
6038,[26]
6039,[26]
6040,[94]
6041,[94]
6042,[94]
6043,[94]
6044,[94]
6045,[94]
6046,[94]
6047,[94]
6048,[94]
6049,[94]
6050,[94]
6051,[94]
6052,[94]
6053,[94]
6054,[94]
6055,[94]
6056,[94]
6057,[94]
6058,[94]
6059,[94]
6060,[94]
6061,[94]
6062,[94]
6063,[94]
6064,[94]
6065,[94]
6066,[94]
6067,[94]
6068,[94]
6069,[94]
6070,[90]
6071,[90]
6072,[90]
6073,[90]
6074,[90]
6075,[90]
6076,[90]
6077,[90]
6078,[90]
6079,[90]
6080,[90]
6081,[90]
6082,[90]
6083,[90]
6084,[90]
6085,[90]
6086,[90]
6087,[90]
6088,[90]
6089,[90]
6090,[90]
6091,[90]
6092,[90]
6093,[90]
6094,[90]
6095,[90]
6096,[90]
6097,[90]
6098,[90]
6099,[90]
6100,[90]
6101,[90]
6102,[90]
6103,[90]
6104,[90]
6105,[90]
6106,[90]
6107,[90]
6108,[90]
6109,[90]
6110,[90]
6111,[90]
6112,[90]
6113,[90]
6114,[90]
6115,[90]
6116,[90]
6117,[90]
6118,[90]
6119,[90]
6120,[90]
6121,[90]
6122,[90]
6123,[90]
6124,[90]
6125,[90]
6126,[90]
6127,[90]
6128,[90]
6129,[90]
6130,[90]
6131,[90]
6132,[90]
6133,[90]
6134,[90]
6135,[90]
6136,[90]
6137,[90]
6138,[90]
6139,[90]
6140,[90]
6141,[90]
6142,[90]
6143,[90]
6144,[90]
6145,[90]
6146,[90]
6147,[90]
6148,[90]
6149,[90]
6150,[90]
6151,[90]
6152,[90]
6153,[90]
6154,[90]
6155,[90]
6156,[90]
6157,[90]
6158,[90]
6159,[90]
6160,[90]
6161,[90]
6162,[90]
6163,[90]
6164,[90]
6165,[90]
6166,[90]
6167,[90]
6168,[90]
6169,[90]
6170,[90]
6171,[90]
6172,[90]
6173,[90]
6174,[90]
6175,[90]
6176,[90]
6177,[90]
6178,[90]
6179,[90]
6180,[90]
6181,[90]
6182,[90]
6183,[90]
6184,[90]
6185,[90]
6186,[90]
6187,[90]
6188,[90]
6189,[90]
6190,[90]
6191,[90]
6192,[90]
6193,[90]
6194,[90]
6195,[90]
6196,[90]
6197,[90]
6198,[90]
6199,[90]
6200,[90]
6201,[90]
6202,[90]
6203,[90]
6204,[90]
6205,[90]
6206,[90]
6207,[90]
6208,[90]
6209,[90]
6210,[90]
6211,[90]
6212,[90]
6213,[90]
6214,[90]
6215,[90]
6216,[90]
6217,[90]
6218,[90]
6219,[90]
6220,[90]
6221,[90]
6222,[90]
6223,[90]
6224,[90]
6225,[90]
6226,[90]
6227,[90]
6228,[90]
6229,[90]
6230,[90]
6231,[90]
6232,[90]
6233,[90]
6234,[90]
6235,[90]
6236,[90]
6237,[90]
6238,[90]
6239,[90]
6240,[90]
6241,[90]
6242,[90]
6243,[90]
6244,[90]
6245,[90]
6246,[90]
6247,[90]
6248,[90]
6249,[90]
6250,[90]
6251,[90]
6252,[90]
6253,[90]
6254,[90]
6255,[90]
6256,[90]
6257,[90]
6258,[90]
6259,[90]
6260,[90]
6261,[90]
6262,[90]
6263,[90]
6264,[90]
6265,[90]
6266,[90]
6267,[90]
6268,[90]
6269,[90]
6270,[90]
6271,[90]
6272,[90]
6273,[90]
6274,[90]
6275,[90]
6276,[90]
6277,[90]
6278,[90]
6279,[90]
6280,[90]
6281,[90]
6282,[90]
6283,[90]
6284,[90]
6285,[90]
6286,[90]
6287,[90]
6288,[90]
6289,[90]
6290,[90]
6291,[90]
6292,[90]
6293,[90]
6294,[90]
6295,[90]
6296,[90]
6297,[90]
6298,[90]
6299,[90]
6300,[90]
6301,[90]
6302,[90]
6303,[96]
6304,[96]
6305,[96]
6306,[96]
6307,[96]
6308,[96]
6309,[96]
6310,[96]
6311,[96]
6312,[96]
6313,[96]
6314,[96]
6315,[96]
6316,[96]
6317,[96]
6318,[96]
6319,[96]
6320,[96]
6321,[96]
6322,[96]
6323,[96]
6324,[96]
6325,[96]
6326,[96]
6327,[96]
6328,[96]
6329,[96]
6330,[96]
6331,[96]
6332,[96]
6333,[96]
6334,[96]
6335,[96]
6336,[96]
6337,[96]
6338,[96]
6339,[96]
6340,[96]
6341,[96]
6342,[96]
6343,[96]
6344,[96]
6345,[96]
6346,[96]
6347,[96]
6348,[96]
6349,[96]
6350,[96]
6351,[96]
6352,[96]
6353,[96]
6354,[96]
6355,[96]
6356,[96]
6357,[96]
6358,[96]
6359,[96]
6360,[96]
6361,[96]
6362,[96]
6363,[96]
6364,[96]
6365,[96]
6366,[96]
6367,[96]
6368,[96]
6369,[96]
6370,[96]
6371,[96]
6372,[96]
6373,[96]
6374,[96]
6375,[96]
6376,[96]
6377,[96]
6378,[96]
6379,[96]
6380,[96]
6381,[96]
6382,[96]
6383,[96]
6384,[96]
6385,[96]
6386,[96]
6387,[96]
6388,[96]
6389,[96]
6390,[96]
6391,[96]
6392,[96]
6393,[96]
6394,[96]
6395,[96]
6396,[96]
6397,[96]
6398,[96]
6399,[96]
6400,[96]
6401,[96]
6402,[96]
6403,[96]
6404,[96]
6405,[96]
6406,[96]
6407,[96]
6408,[96]
6409,[96]
6410,[96]
6411,[96]
6412,[96]
6413,[96]
6414,[96]
6415,[96]
6416,[96]
6417,[96]
6418,[96]
6419,[96]
6420,[96]
6421,[96]
6422,[96]
6423,[87]
6424,[87]
6425,[87]
6426,[87]
6427,[87]
6428,[87]
6429,[87]
6430,[87]
6431,[87]
6432,[87]
6433,[87]
6434,[87]
6435,[87]
6436,[87]
6437,[87]
6438,[87]
6439,[87]
6440,[87]
6441,[87]
6442,[87]
6443,[87]
6444,[87]
6445,[87]
6446,[87]
6447,[87]
6448,[87]
6449,[87]
6450,[87]
6451,[87]
6452,[87]
6453,[87]
6454,[87]
6455,[87]
6456,[87]
6457,[87]
6458,[87]
6459,[87]
6460,[87]
6461,[87]
6462,[87]
6463,[87]
6464,[87]
6465,[87]
6466,[87]
6467,[87]
6468,[87]
6469,[87]
6470,[87]
6471,[87]
6472,[87]
6473,[87]
6474,[87]
6475,[87]
6476,[87]
6477,[87]
6478,[87]
6479,[87]
6480,[87]
6481,[87]
6482,[87]
6483,[87]
6484,[87]
6485,[87]
6486,[87]
6487,[87]
6488,[87]
6489,[87]
6490,[87]
6491,[87]
6492,[87]
6493,[87]
6494,[87]
6495,[87]
6496,[87]
6497,[87]
6498,[87]
6499,[87]
6500,[87]
6501,[87]
6502,[87]
6503,[87]
6504,[87]
6505,[87]
6506,[87]
6507,[87]
6508,[87]
6509,[87]
6510,[87]
6511,[87]
6512,[87]
6513,[87]
6514,[87]
6515,[87]
6516,[87]
6517,[87]
6518,[87]
6519,[87]
6520,[87]
6521,[87]
6522,[87]
6523,[87]
6524,[87]
6525,[87]
6526,[87]
6527,[87]
6528,[87]
6529,[87]
6530,[87]
6531,[87]
6532,[87]
6533,[87]
6534,[87]
6535,[87]
6536,[87]
6537,[87]
6538,[87]
6539,[87]
6540,[87]
6541,[87]
6542,[87]
6543,"[35, 36, 47]"
6544,"[35, 36, 47]"
6545,"[35, 36, 47]"
6546,"[35, 36, 47]"
6547,"[35, 36, 47]"
6548,"[35, 36, 47]"
6549,"[35, 36, 47]"
6550,"[35, 36, 47]"
6551,"[35, 36, 47]"
6552,"[35, 36, 47]"
6553,"[35, 36, 47]"
6554,"[35, 36, 47]"
6555,"[35, 36, 47]"
6556,"[35, 36, 47]"
6557,"[35, 36, 47]"
6558,"[35, 36, 47]"
6559,"[35, 36, 47]"
6560,"[35, 36, 47]"
6561,"[35, 36, 47]"
6562,"[35, 36, 47]"
6563,"[35, 36, 47]"
6564,"[35, 36, 47]"
6565,"[35, 36, 47]"
6566,"[35, 36, 47]"
6567,"[35, 36, 47]"
6568,"[35, 36, 47]"
6569,"[35, 36, 47]"
6570,"[35, 36, 47]"
6571,"[35, 36, 47]"
6572,"[35, 36, 47]"
6573,"[35, 36, 47]"
6574,"[35, 36, 47]"
6575,"[35, 36, 47]"
6576,"[35, 36, 47]"
6577,"[35, 36, 47]"
6578,"[35, 36, 47]"
6579,"[35, 36, 47]"
6580,"[35, 36, 47]"
6581,"[35, 36, 47]"
6582,"[35, 36, 47]"
6583,"[35, 36, 47]"
6584,"[35, 36, 47]"
6585,"[35, 36, 47]"
6586,"[35, 36, 47]"
6587,"[35, 36, 47]"
6588,"[35, 36, 47]"
6589,"[35, 36, 47]"
6590,"[35, 36, 47]"
6591,"[35, 36, 47]"
6592,"[35, 36, 47]"
6593,"[35, 36, 47]"
6594,"[35, 36, 47]"
6595,"[35, 36, 47]"
6596,"[35, 36, 47]"
6597,"[35, 36, 47]"
6598,"[35, 36, 47]"
6599,"[35, 36, 47]"
6600,"[35, 36, 47]"
6601,"[35, 36, 47]"
6602,"[35, 36, 47]"
6603,"[35, 36, 47]"
6604,"[35, 36, 47]"
6605,"[35, 36, 47]"
6606,"[35, 36, 47]"
6607,"[35, 36, 47]"
6608,"[35, 36, 47]"
6609,"[35, 36, 47]"
6610,"[35, 36, 47]"
6611,"[35, 36, 47]"
6612,"[35, 36, 47]"
6613,"[35, 36, 47]"
6614,"[35, 36, 47]"
6615,"[35, 36, 47]"
6616,"[35, 36, 47]"
6617,"[35, 36, 47]"
6618,"[35, 36, 47]"
6619,"[35, 36, 47]"
6620,"[35, 36, 47]"
6621,"[35, 36, 47]"
6622,"[35, 36, 47]"
6623,"[35, 36, 47]"
6624,"[35, 36, 47]"
6625,"[35, 36, 47]"
6626,"[35, 36, 47]"
6627,"[35, 36, 47]"
6628,"[35, 36, 47]"
6629,"[35, 36, 47]"
6630,"[35, 36, 47]"
6631,"[35, 36, 47]"
6632,"[35, 36, 47]"
6633,"[35, 36, 47]"
6634,"[35, 36, 47]"
6635,"[35, 36, 47]"
6636,"[35, 36, 47]"
6637,"[35, 36, 47]"
6638,"[35, 36, 47]"
6639,"[35, 36, 47]"
6640,"[35, 36, 47]"
6641,"[35, 36, 47]"
6642,"[35, 36, 47]"
6643,"[35, 36, 47]"
6644,"[35, 36, 47]"
6645,"[35, 36, 47]"
6646,"[35, 36, 47]"
6647,"[35, 36, 47]"
6648,"[35, 36, 47]"
6649,"[35, 36, 47]"
6650,"[35, 36, 47]"
6651,"[35, 36, 47]"
6652,"[35, 36, 47]"
6653,"[35, 36, 47]"
6654,"[35, 36, 47]"
6655,"[35, 36, 47]"
6656,"[35, 36, 47]"
6657,"[35, 36, 47]"
6658,"[35, 36, 47]"
6659,"[35, 36, 47]"
6660,"[35, 36, 47]"
6661,"[35, 36, 47]"
6662,"[35, 36, 47]"
6663,"[35, 36, 47]"
6664,"[35, 36, 47]"
6665,"[35, 36, 47]"
6666,"[35, 36, 47]"
6667,"[35, 36, 47]"
6668,"[35, 36, 47]"
6669,"[35, 36, 47]"
6670,"[35, 36, 47]"
6671,"[35, 36, 47]"
6672,"[35, 36, 47]"
6673,"[35, 36, 47]"
6674,"[35, 36, 47]"
6675,"[35, 36, 47]"
6676,"[35, 36, 47]"
6677,"[35, 36, 47]"
6678,"[35, 36, 47]"
6679,"[35, 36, 47]"
6680,"[35, 36, 47]"
6681,"[35, 36, 47]"
6682,"[35, 36, 47]"
6683,"[35, 36, 47]"
6684,"[35, 36, 47]"
6685,"[35, 36, 47]"
6686,"[35, 36, 47]"
6687,"[35, 36, 47]"
6688,"[35, 36, 47]"
6689,"[35, 36, 47]"
6690,"[35, 36, 47]"
6691,"[35, 36, 47]"
6692,"[35, 36, 47]"
6693,"[35, 36, 47]"
6694,"[35, 36, 47]"
6695,"[35, 36, 47]"
6696,"[35, 36, 47]"
6697,"[35, 36, 47]"
6698,"[35, 36, 47]"
6699,"[35, 36, 47]"
6700,"[35, 36, 47]"
6701,"[35, 36, 47]"
6702,"[35, 36, 47]"
6703,"[35, 36, 47]"
6704,"[35, 36, 47]"
6705,"[35, 36, 47]"
6706,"[35, 36, 47]"
6707,"[35, 36, 47]"
6708,"[35, 36, 47]"
6709,"[35, 36, 47]"
6710,"[35, 36, 47]"
6711,"[35, 36, 47]"
6712,"[35, 36, 47]"
6713,"[35, 36, 47]"
6714,"[35, 36, 47]"
6715,"[35, 36, 47]"
6716,"[35, 36, 47]"
6717,"[35, 36, 47]"
6718,"[35, 36, 47]"
6719,"[35, 36, 47]"
6720,"[35, 36, 47]"
6721,"[35, 36, 47]"
6722,"[35, 36, 47]"
6723,"[35, 36, 47]"
6724,"[35, 36, 47]"
6725,"[35, 36, 47]"
6726,"[35, 36, 47]"
6727,"[35, 36, 47]"
6728,"[35, 36, 47]"
6729,"[35, 36, 47]"
6730,"[35, 36, 47]"
6731,"[35, 36, 47]"
6732,"[35, 36, 47]"
6733,"[35, 36, 47]"
6734,"[35, 36, 47]"
6735,"[35, 36, 47]"
6736,"[35, 36, 47]"
6737,"[35, 36, 47]"
6738,"[35, 36, 47]"
6739,"[35, 36, 47]"
6740,"[35, 36, 47]"
6741,"[35, 36, 47]"
6742,"[35, 36, 47]"
6743,"[35, 36, 47]"
6744,"[35, 36, 47]"
6745,"[35, 36, 47]"
6746,"[35, 36, 47]"
6747,"[35, 36, 47]"
6748,"[35, 36, 47]"
6749,"[35, 36, 47]"
6750,"[35, 36, 47]"
6751,"[35, 36, 47]"
6752,"[35, 36, 47]"
6753,[21]
6754,[21]
6755,[21]
6756,[21]
6757,[21]
6758,[21]
6759,[21]
6760,[21]
6761,[21]
6762,[21]
6763,[21]
6764,[21]
6765,[21]
6766,[21]
6767,[21]
6768,[21]
6769,[21]
6770,[21]
6771,[21]
6772,[21]
6773,[21]
6774,[21]
6775,[21]
6776,[21]
6777,[21]
6778,[21]
6779,[21]
6780,[21]
6781,[21]
6782,[21]
6783,[21]
6784,[21]
6785,[21]
6786,[21]
6787,[21]
6788,[21]
6789,[21]
6790,[21]
6791,[112]
6792,[21]
6793,[21]
6794,[21]
6795,[21]
6796,[21]
6797,[21]
6798,[21]
6799,[21]
6800,[21]
6801,[21]
6802,[21]
6803,[21]
6804,[21]
6805,[21]
6806,[21]
6807,[21]
6808,[21]
6809,[21]
6810,[21]
6811,[21]
6812,[21]
6813,[21]
6814,[21]
6815,[21]
6816,[21]
6817,[21]
6818,[21]
6819,[21]
6820,[21]
6821,[21]
6822,[21]
6823,[21]
6824,[112]
6825,[21]
6826,[112]
6827,[21]
6828,[21]
6829,[21]
6830,[21]
6831,[21]
6832,[21]
6833,[21]
6834,[21]
6835,[21]
6836,[21]
6837,[21]
6838,[21]
6839,[29]
6840,[21]
6841,[21]
6842,[21]
6843,[21]
6844,[21]
6845,[112]
6846,[112]
6847,[21]
6848,[21]
6849,[21]
6850,[21]
6851,[21]
6852,[21]
6853,[21]
6854,[21]
6855,[21]
6856,[21]
6857,[21]
6858,[21]
6859,[21]
6860,[21]
6861,[21]
6862,[21]
6863,[21]
6864,[21]
6865,[21]
6866,[21]
6867,[21]
6868,[21]
6869,[21]
6870,[21]
6871,[21]
6872,[21]
6873,[21]
6874,[21]
6875,[21]
6876,[21]
6877,[21]
6878,[21]
6879,[118]
6880,[21]
6881,[21]
6882,[21]
6883,[21]
6884,[21]
6885,[21]
6886,[21]
6887,[21]
6888,[21]
6889,[21]
6890,[21]
6891,[21]
6892,[21]
6893,[21]
6894,[21]
6895,[21]
6896,[21]
6897,[21]
6898,[21]
6899,[21]
6900,[21]
6901,[21]
6902,[21]
6903,[21]
6904,[21]
6905,[21]
6906,[21]
6907,[21]
6908,[21]
6909,[21]
6910,[21]
6911,[21]
6912,[21]
6913,[21]
6914,[21]
6915,[21]
6916,"[21, 103]"
6917,[21]
6918,[21]
6919,[21]
6920,[21]
6921,[21]
6922,[21]
6923,[21]
6924,[21]
6925,[21]
6926,[21]
6927,[21]
6928,[21]
6929,[21]
6930,[21]
6931,[21]
6932,[21]
6933,[21]
6934,[21]
6935,[21]
6936,[21]
6937,[21]
6938,[21]
6939,[21]
6940,[21]
6941,[21]
6942,[21]
6943,[21]
6944,[21]
6945,[21]
6946,[21]
6947,[21]
6948,[21]
6949,[21]
6950,[21]
6951,[21]
6952,[21]
6953,[21]
6954,[21]
6955,[21]
6956,[21]
6957,[21]
6958,[28]
6959,[28]
6960,[28]
6961,[28]
6962,[21]
6963,[21]
6964,[28]
6965,[28]
6966,[28]
6967,[28]
6968,[21]
6969,[21]
6970,[21]
6971,[21]
6972,[21]
6973,[21]
6974,[21]
6975,[21]
6976,[21]
6977,[21]
6978,[21]
6979,[21]
6980,[21]
6981,[21]
6982,[21]
6983,[21]
6984,[21]
6985,[21]
6986,[21]
6987,[21]
6988,[21]
6989,[21]
6990,[21]
6991,[21]
6992,[21]
6993,[21]
6994,[21]
6995,[21]
6996,[21]
6997,[21]
6998,[21]
6999,[21]
7000,[21]
7001,[21]
7002,[21]
7003,[21]
7004,[21]
7005,"[40, 47]"
7006,"[40, 47]"
7007,"[40, 47]"
7008,"[40, 47]"
7009,"[40, 47]"
7010,"[40, 47]"
7011,"[40, 47]"
7012,"[40, 47]"
7013,"[40, 47]"
7014,"[40, 47]"
7015,"[40, 47]"
7016,"[40, 47]"
7017,"[40, 47]"
7018,"[40, 47]"
7019,"[40, 47]"
7020,"[40, 47]"
7021,"[40, 47]"
7022,"[40, 47]"
7023,"[40, 47]"
7024,"[40, 47]"
7025,"[40, 47]"
7026,"[40, 47]"
7027,"[40, 47]"
7028,"[40, 47]"
7029,"[40, 47]"
7030,"[40, 47]"
7031,"[40, 47]"
7032,"[40, 47]"
7033,"[40, 47]"
7034,"[40, 47]"
7035,"[40, 47]"
7036,"[40, 47]"
7037,"[40, 47]"
7038,"[40, 47]"
7039,"[40, 47]"
7040,"[40, 47]"
7041,"[40, 47]"
7042,"[40, 47]"
7043,"[40, 47]"
7044,"[40, 47]"
7045,"[40, 47]"
7046,"[40, 47]"
7047,"[40, 47]"
7048,"[40, 47]"
7049,"[40, 47]"
7050,"[40, 47]"
7051,"[40, 47]"
7052,"[40, 47]"
7053,"[40, 47]"
7054,"[40, 47]"
7055,"[40, 47]"
7056,"[40, 47]"
7057,"[40, 47]"
7058,"[40, 47]"
7059,"[40, 47]"
7060,"[40, 47]"
7061,"[40, 47]"
7062,"[40, 47]"
7063,"[40, 47]"
7064,"[40, 47]"
7065,[47]
7066,[47]
7067,[47]
7068,[47]
7069,[47]
7070,[47]
7071,[47]
7072,[47]
7073,[47]
7074,[47]
7075,[47]
7076,[47]
7077,[47]
7078,[47]
7079,[47]
7080,[47]
7081,[47]
7082,[47]
7083,[47]
7084,[47]
7085,[47]
7086,[47]
7087,[47]
7088,[47]
7089,[47]
7090,[47]
7091,[47]
7092,[47]
7093,[47]
7094,[47]
7095,[47]
7096,[47]
7097,[47]
7098,[47]
7099,[47]
7100,[47]
7101,[47]
7102,[47]
7103,[47]
7104,[47]
7105,[47]
7106,[47]
7107,[47]
7108,[47]
7109,[47]
7110,[47]
7111,[47]
7112,[47]
7113,[47]
7114,[47]
7115,[47]
7116,[47]
7117,[47]
7118,[21]
7119,[21]
7120,[21]
7121,[21]
7122,[21]
7123,[21]
7124,[21]
7125,[21]
7126,[21]
7127,[21]
7128,[21]
7129,[21]
7130,[21]
7131,[21]
7132,[21]
7133,[21]
7134,[21]
7135,[21]
7136,[21]
7137,[21]
7138,[21]
7139,[21]
7140,[21]
7141,[21]
7142,[21]
7143,[21]
7144,[21]
7145,[21]
7146,[21]
7147,[97]
7148,[97]
7149,[97]
7150,[97]
7151,[97]
7152,[97]
7153,[97]
7154,[97]
7155,[97]
7156,[97]
7157,[97]
7158,[97]
7159,[97]
7160,[97]
7161,[97]
7162,[97]
7163,[97]
7164,[97]
7165,[97]
7166,[97]
7167,[97]
7168,[97]
7169,[97]
7170,[97]
7171,[97]
7172,[97]
7173,[97]
7174,[97]
7175,[97]
7176,[97]
7177,[45]
7178,[45]
7179,[45]
7180,[45]
7181,[45]
7182,[45]
7183,[45]
7184,[45]
7185,[45]
7186,[45]
7187,[98]
7188,[98]
7189,[98]
7190,[98]
7191,[98]
7192,[98]
7193,[98]
7194,[98]
7195,[98]
7196,[98]
7197,[49]
7198,[49]
7199,[49]
7200,[49]
7201,[49]
7202,[49]
7203,[49]
7204,[49]
7205,[49]
7206,[49]
7207,[49]
7208,[49]
7209,[49]
7210,[49]
7211,[49]
7212,[49]
7213,[49]
7214,[49]
7215,[49]
7216,[49]
7217,[45]
7218,[45]
7219,[45]
7220,[45]
7221,[45]
7222,[45]
7223,[45]
7224,[45]
7225,[45]
7226,[31]
7227,[31]
7228,[31]
7229,[31]
7230,[31]
7231,[31]
7232,[31]
7233,[31]
7234,[31]
7235,[31]
7236,[56]
7237,[56]
7238,[56]
7239,[56]
7240,[56]
7241,[56]
7242,[56]
7243,[56]
7244,[56]
7245,[56]
7246,[31]
7247,[31]
7248,[31]
7249,[31]
7250,[31]
7251,[31]
7252,[31]
7253,[31]
7254,"[46, 56]"
7255,[31]
7256,[31]
7257,"[46, 56]"
7258,"[46, 56]"
7259,"[46, 56]"
7260,"[46, 56]"
7261,"[46, 56]"
7262,"[46, 56]"
7263,"[46, 56]"
7264,"[46, 56]"
7265,"[46, 56]"
7266,[31]
7267,[31]
7268,[31]
7269,[31]
7270,[31]
7271,[31]
7272,[31]
7273,[31]
7274,[31]
7275,[31]
7276,"[38, 56]"
7277,"[38, 56]"
7278,"[38, 56]"
7279,"[38, 56]"
7280,"[38, 56]"
7281,"[38, 56]"
7282,"[38, 56]"
7283,"[38, 56]"
7284,"[38, 56]"
7285,"[38, 56]"
7286,[31]
7287,[31]
7288,[31]
7289,[31]
7290,[31]
7291,[31]
7292,[31]
7293,[31]
7294,[31]
7295,[31]
7296,[31]
7297,[31]
7298,[31]
7299,[31]
7300,[31]
7301,[31]
7302,[31]
7303,[31]
7304,[31]
7305,[31]
7306,[80]
7307,[80]
7308,[80]
7309,[80]
7310,[80]
7311,[80]
7312,[80]
7313,[80]
7314,[80]
7315,[80]
7316,[80]
7317,[80]
7318,[80]
7319,[80]
7320,[80]
7321,[80]
7322,[80]
7323,[80]
7324,[80]
7325,[80]
7326,[31]
7327,[31]
7328,[31]
7329,[31]
7330,[31]
7331,[31]
7332,[31]
7333,[31]
7334,[31]
7335,[31]
7336,[31]
7337,[31]
7338,[31]
7339,[31]
7340,[31]
7341,[31]
7342,[31]
7343,[31]
7344,[31]
7345,[31]
7346,[31]
7347,[31]
7348,[31]
7349,[31]
7350,[31]
7351,[31]
7352,[31]
7353,[31]
7354,[31]
7355,[31]
7356,[31]
7357,[31]
7358,[31]
7359,[31]
7360,[31]
7361,[31]
7362,[31]
7363,[31]
7364,[31]
7365,[31]
7366,[31]
7367,[31]
7368,[31]
7369,[31]
7370,[31]
7371,[31]
7372,[31]
7373,[31]
7374,[31]
7375,[31]
7376,[31]
7377,[31]
7378,[31]
7379,[31]
7380,[31]
7381,[31]
7382,[31]
7383,[31]
7384,[31]
7385,[31]
7386,[31]
7387,[31]
7388,[31]
7389,[31]
7390,[31]
7391,[31]
7392,[31]
7393,[31]
7394,[31]
7395,[31]
7396,[97]
7397,[97]
7398,[97]
7399,[97]
7400,[97]
7401,[97]
7402,[97]
7403,[97]
7404,[97]
7405,[97]
7406,[97]
7407,[97]
7408,[97]
7409,[97]
7410,[97]
7411,[97]
7412,[97]
7413,[97]
7414,[97]
7415,[97]
7416,[49]
7417,[49]
7418,[49]
7419,[49]
7420,[49]
7421,[49]
7422,[49]
7423,[49]
7424,[49]
7425,[49]
7426,[98]
7427,[98]
7428,[98]
7429,[98]
7430,[98]
7431,[98]
7432,[98]
7433,[98]
7434,[98]
7435,[98]
7436,[49]
7437,[49]
7438,[49]
7439,[49]
7440,[49]
7441,[49]
7442,[49]
7443,[98]
7444,[49]
7445,[49]
7446,[49]
7447,[98]
7448,[98]
7449,[98]
7450,[98]
7451,[98]
7452,[98]
7453,[98]
7454,[98]
7455,[98]
7456,[45]
7457,[45]
7458,[45]
7459,[45]
7460,[45]
7461,[45]
7462,[45]
7463,[45]
7464,[45]
7465,[45]
7466,[45]
7467,[45]
7468,[45]
7469,[45]
7470,[45]
7471,[45]
7472,[45]
7473,[45]
7474,[45]
7475,[45]
7476,[97]
7477,[97]
7478,[97]
7479,[97]
7480,[97]
7481,[97]
7482,[97]
7483,[49]
7484,[49]
7485,[49]
7486,[49]
7487,[49]
7488,[49]
7489,[49]
7490,[49]
7491,[49]
7492,[49]
7493,[49]
7494,[49]
7495,[49]
7496,[49]
7497,[49]
7498,[49]
7499,[49]
7500,[49]
7501,[49]
7502,[49]
7503,[56]
7504,[56]
7505,[56]
7506,[56]
7507,[56]
7508,[56]
7509,[56]
7510,[56]
7511,[56]
7512,[56]
7513,"[46, 56]"
7514,"[46, 56]"
7515,"[46, 56]"
7516,"[46, 56]"
7517,"[46, 56]"
7518,"[46, 56]"
7519,"[46, 56]"
7520,"[46, 56]"
7521,"[46, 56]"
7522,"[46, 56]"
7523,"[46, 56]"
7524,"[46, 56]"
7525,"[46, 56]"
7526,"[46, 56]"
7527,"[46, 56]"
7528,"[46, 56]"
7529,"[46, 56]"
7530,"[46, 56]"
7531,"[46, 56]"
7532,"[46, 56]"
7533,[56]
7534,[56]
7535,[56]
7536,[56]
7537,[56]
7538,[56]
7539,[56]
7540,[56]
7541,[56]
7542,[56]
7543,"[38, 56]"
7544,"[38, 56]"
7545,"[38, 56]"
7546,"[38, 56]"
7547,"[38, 56]"
7548,"[38, 56]"
7549,"[38, 56]"
7550,"[38, 56]"
7551,"[38, 56]"
7552,"[38, 56]"
7553,"[46, 56]"
7554,"[38, 56]"
7555,"[38, 56]"
7556,"[38, 56]"
7557,"[38, 56]"
7558,"[38, 56]"
7559,"[38, 56]"
7560,"[38, 56]"
7561,"[38, 56]"
7562,"[38, 56]"
7563,"[46, 56]"
7564,"[46, 56]"
7565,"[46, 56]"
7566,"[46, 56]"
7567,"[46, 56]"
7568,"[46, 56]"
7569,"[46, 56]"
7570,"[46, 56]"
7571,"[46, 56]"
7572,"[46, 56]"
7573,"[46, 56]"
7574,"[46, 56]"
7575,"[46, 56]"
7576,"[46, 56]"
7577,"[46, 56]"
7578,"[46, 56]"
7579,"[46, 56]"
7580,"[46, 56]"
7581,"[46, 56]"
7582,"[46, 56]"
7583,[53]
7584,[53]
7585,[53]
7586,[53]
7587,[53]
7588,[53]
7589,[53]
7590,[53]
7591,[53]
7592,[53]
7593,[53]
7594,[53]
7595,[53]
7596,[53]
7597,[53]
7598,[53]
7599,[53]
7600,[53]
7601,[53]
7602,[53]
7603,[53]
7604,[53]
7605,[53]
7606,[53]
7607,[53]
7608,[53]
7609,[53]
7610,[53]
7611,[53]
7612,[53]
7613,[53]
7614,[53]
7615,[53]
7616,[53]
7617,[53]
7618,[53]
7619,[53]
7620,[53]
7621,[53]
7622,[53]
7623,[53]
7624,[53]
7625,[53]
7626,[53]
7627,[53]
7628,[53]
7629,[53]
7630,[53]
7631,[53]
7632,[53]
7633,[53]
7634,[53]
7635,[53]
7636,[53]
7637,[53]
7638,[53]
7639,[53]
7640,[53]
7641,[53]
7642,[53]
7643,[53]
7644,[53]
7645,[53]
7646,[53]
7647,[53]
7648,[53]
7649,[53]
7650,[53]
7651,[53]
7652,[53]
7653,[53]
7654,[53]
7655,[53]
7656,[53]
7657,[53]
7658,[53]
7659,[53]
7660,[53]
7661,[53]
7662,[53]
7663,[53]
7664,[53]
7665,[53]
7666,[53]
7667,[53]
7668,[53]
7669,[53]
7670,[53]
7671,[53]
7672,[53]
7673,[53]
7674,[53]
7675,[53]
7676,[53]
7677,[53]
7678,[45]
7679,[45]
7680,[45]
7681,[45]
7682,[45]
7683,[45]
7684,[45]
7685,[45]
7686,[45]
7687,[45]
7688,[45]
7689,[45]
7690,[45]
7691,[45]
7692,[45]
7693,[45]
7694,[45]
7695,[45]
7696,[45]
7697,[45]
7698,[45]
7699,[45]
7700,[45]
7701,[45]
7702,[45]
7703,[45]
7704,[45]
7705,[45]
7706,[45]
7707,[45]
7708,[45]
7709,[45]
7710,[45]
7711,[45]
7712,[45]
7713,[45]
7714,[45]
7715,[45]
7716,[45]
7717,[45]
7718,[33]
7719,[33]
7720,[33]
7721,[33]
7722,[33]
7723,[33]
7724,[33]
7725,[33]
7726,[33]
7727,[33]
7728,[33]
7729,[33]
7730,[33]
7731,[33]
7732,[33]
7733,[33]
7734,[33]
7735,[33]
7736,[33]
7737,[33]
7738,[33]
7739,[33]
7740,[33]
7741,[33]
7742,[33]
7743,[33]
7744,[33]
7745,[33]
7746,[33]
7747,[33]
7748,[33]
7749,[33]
7750,[33]
7751,[33]
7752,[33]
7753,[33]
7754,[33]
7755,[33]
7756,[33]
7757,[33]
7758,[33]
7759,[33]
7760,[33]
7761,[33]
7762,[33]
7763,[33]
7764,[33]
7765,[33]
7766,[33]
7767,[33]
7768,[33]
7769,[33]
7770,[33]
7771,[33]
7772,[33]
7773,[33]
7774,[33]
7775,[33]
7776,[33]
7777,[33]
7778,[31]
7779,[31]
7780,[31]
7781,[31]
7782,[31]
7783,[31]
7784,[31]
7785,[31]
7786,[31]
7787,[31]
7788,[31]
7789,[31]
7790,[31]
7791,[31]
7792,[31]
7793,[31]
7794,[31]
7795,[31]
7796,[31]
7797,[31]
7798,[31]
7799,[31]
7800,[31]
7801,[31]
7802,[31]
7803,[31]
7804,[31]
7805,[31]
7806,[31]
7807,[31]
7808,[31]
7809,[31]
7810,[31]
7811,[31]
7812,[31]
7813,[31]
7814,[31]
7815,[31]
7816,[31]
7817,[31]
7818,[31]
7819,[31]
7820,[31]
7821,[31]
7822,[31]
7823,[31]
7824,[31]
7825,[31]
7826,[31]
7827,[31]
7828,[31]
7829,[31]
7830,[31]
7831,[31]
7832,[31]
7833,[31]
7834,[31]
7835,[31]
7836,[31]
7837,[31]
7838,[31]
7839,[31]
7840,[31]
7841,[31]
7842,[31]
7843,[31]
7844,[31]
7845,[31]
7846,[31]
7847,[31]
7848,[31]
7849,[31]
7850,[31]
7851,[31]
7852,[31]
7853,[31]
7854,[31]
7855,[31]
7856,[31]
7857,[31]
7858,[31]
7859,[31]
7860,[31]
7861,[31]
7862,[31]
7863,[31]
7864,[31]
7865,[31]
7866,[31]
7867,[31]
7868,[31]
7869,[31]
7870,[31]
7871,[31]
7872,[31]
7873,[31]
7874,[31]
7875,[31]
7876,[31]
7877,[31]
7878,[31]
7879,[31]
7880,[31]
7881,[31]
7882,[31]
7883,[31]
7884,[31]
7885,[31]
7886,[31]
7887,[31]
7888,[31]
7889,[31]
7890,[31]
7891,[31]
7892,[31]
7893,[31]
7894,[31]
7895,[31]
7896,[31]
7897,[31]
7898,[31]
7899,[31]
7900,[31]
7901,[31]
7902,[31]
7903,[31]
7904,[31]
7905,[31]
7906,[31]
7907,[31]
7908,[31]
7909,[31]
7910,[31]
7911,[31]
7912,[31]
7913,[31]
7914,[31]
7915,[31]
7916,[31]
7917,[31]
7918,[31]
7919,[31]
7920,[31]
7921,[31]
7922,[31]
7923,[31]
7924,[31]
7925,[31]
7926,[31]
7927,[31]
7928,[31]
7929,[31]
7930,[31]
7931,[31]
7932,[31]
7933,[31]
7934,[31]
7935,[31]
7936,[31]
7937,[31]
7938,[31]
7939,[31]
7940,[31]
7941,[31]
7942,[31]
7943,[31]
7944,[31]
7945,[31]
7946,[31]
7947,[31]
7948,[31]
7949,[31]
7950,[31]
7951,[31]
7952,[31]
7953,[31]
7954,[31]
7955,[31]
7956,[31]
7957,[31]
7958,[31]
7959,[31]
7960,[31]
7961,[31]
7962,[31]
7963,[31]
7964,[31]
7965,[31]
7966,[31]
7967,[31]
7968,[31]
7969,[31]
7970,[31]
7971,[31]
7972,[31]
7973,[31]
7974,[31]
7975,[31]
7976,[31]
7977,[45]
7978,[45]
7979,[45]
7980,[45]
7981,[45]
7982,[45]
7983,[45]
7984,[45]
7985,[45]
7986,[45]
7987,[45]
7988,[45]
7989,[45]
7990,[45]
7991,[45]
7992,[45]
7993,[45]
7994,[45]
7995,[45]
7996,[45]
7997,[42]
7998,[42]
7999,[42]
8000,[42]
8001,[42]
8002,[42]
8003,[42]
8004,[42]
8005,[42]
8006,[42]
8007,[42]
8008,[42]
8009,[42]
8010,[42]
8011,[42]
8012,[42]
8013,[42]
8014,[42]
8015,[42]
8016,[42]
8017,[42]
8018,[42]
8019,[42]
8020,[42]
8021,[42]
8022,[42]
8023,[42]
8024,[42]
8025,[42]
8026,[42]
8027,[42]
8028,[42]
8029,[42]
8030,[42]
8031,[42]
8032,[42]
8033,[42]
8034,[42]
8035,[42]
8036,[42]
8037,[42]
8038,[42]
8039,[42]
8040,[42]
8041,[42]
8042,[42]
8043,[42]
8044,[42]
8045,[42]
8046,[42]
8047,[42]
8048,[42]
8049,[42]
8050,[42]
8051,[42]
8052,[42]
8053,[42]
8054,[42]
8055,[42]
8056,[42]
8057,[42]
8058,[42]
8059,[42]
8060,[42]
8061,[42]
8062,[42]
8063,[42]
8064,[42]
8065,[42]
8066,[42]
8067,[42]
8068,[42]
8069,[42]
8070,[42]
8071,[42]
8072,[42]
8073,[42]
8074,[42]
8075,[42]
8076,[42]
8077,[42]
8078,[42]
8079,[42]
8080,[42]
8081,[42]
8082,[42]
8083,[42]
8084,[51]
8085,[51]
8086,[51]
8087,[51]
8088,[51]
8089,[51]
8090,[51]
8091,[51]
8092,[51]
8093,[51]
8094,[51]
8095,[51]
8096,[51]
8097,[51]
8098,[51]
8099,[51]
8100,[51]
8101,[51]
8102,[51]
8103,[51]
8104,[51]
8105,[51]
8106,[51]
8107,[51]
8108,[51]
8109,[51]
8110,[51]
8111,[51]
8112,[51]
8113,[51]
8114,[51]
8115,[51]
8116,[51]
8117,[51]
8118,[51]
8119,[51]
8120,[51]
8121,[51]
8122,[51]
8123,[51]
8124,[51]
8125,[51]
8126,[51]
8127,[51]
8128,[51]
8129,[51]
8130,[51]
8131,[51]
8132,[51]
8133,[51]
8134,[51]
8135,[51]
8136,[51]
8137,[51]
8138,[51]
8139,[51]
8140,[51]
8141,[51]
8142,[51]
8143,[51]
8144,[51]
8145,[51]
8146,[51]
8147,[51]
8148,[51]
8149,[51]
8150,[51]
8151,[51]
8152,[83]
8153,[83]
8154,[83]
8155,[83]
8156,[83]
8157,[83]
8158,[83]
8159,[83]
8160,[83]
8161,[83]
8162,[83]
8163,[83]
8164,[83]
8165,[83]
8166,[83]
8167,[83]
8168,[83]
8169,[83]
8170,[83]
8171,[83]
8172,[83]
8173,[83]
8174,[83]
8175,[83]
8176,[83]
8177,[83]
8178,[83]
8179,[83]
8180,[83]
8181,[83]
8182,[83]
8183,[83]
8184,[83]
8185,[83]
8186,[83]
8187,[83]
8188,[83]
8189,[83]
8190,[83]
8191,[83]
8192,[83]
8193,[51]
8194,[51]
8195,[51]
8196,[51]
8197,[51]
8198,[51]
8199,[51]
8200,[51]
8201,[51]
8202,[51]
8203,[51]
8204,[51]
8205,[51]
8206,[51]
8207,[51]
8208,[51]
8209,[51]
8210,[51]
8211,[51]
8212,[51]
8213,[51]
8214,[51]
8215,[51]
8216,[51]
8217,[51]
8218,[51]
8219,[51]
8220,[83]
8221,[83]
8222,[83]
8223,[83]
8224,[83]
8225,[83]
8226,[83]
8227,[83]
8228,[83]
8229,[83]
8230,[30]
8231,[30]
8232,[30]
8233,[30]
8234,[30]
8235,[30]
8236,[30]
8237,[30]
8238,[30]
8239,[30]
8240,[30]
8241,[30]
8242,[30]
8243,[30]
8244,[30]
8245,[30]
8246,[30]
8247,[30]
8248,[30]
8249,[30]
8250,[30]
8251,[30]
8252,[30]
8253,[30]
8254,[30]
8255,[30]
8256,[30]
8257,[30]
8258,[30]
8259,[30]
8260,[30]
8261,[30]
8262,[30]
8263,[30]
8264,[30]
8265,[30]
8266,[30]
8267,[30]
8268,[30]
8269,[30]
8270,[30]
8271,[30]
8272,[30]
8273,[30]
8274,[30]
8275,[30]
8276,[30]
8277,[30]
8278,[30]
8279,[30]
8280,[83]
8281,[83]
8282,[83]
8283,[83]
8284,[83]
8285,[83]
8286,[83]
8287,[83]
8288,[83]
8289,[83]
8290,[83]
8291,[83]
8292,[83]
8293,[83]
8294,[83]
8295,[83]
8296,[83]
8297,[83]
8298,[83]
8299,[83]
8300,[83]
8301,[83]
8302,[83]
8303,[83]
8304,[83]
8305,[83]
8306,[83]
8307,[83]
8308,[83]
8309,[83]
8310,[83]
8311,[83]
8312,[83]
8313,[83]
8314,[83]
8315,[83]
8316,[83]
8317,[83]
8318,[83]
8319,[83]
8320,[30]
8321,[30]
8322,[30]
8323,[30]
8324,[30]
8325,[30]
8326,[30]
8327,[30]
8328,[30]
8329,[30]
8330,[83]
8331,[83]
8332,[83]
8333,[83]
8334,[83]
8335,[83]
8336,[83]
8337,[83]
8338,[83]
8339,[83]
8340,[50]
8341,[50]
8342,[50]
8343,[50]
8344,[50]
8345,[50]
8346,[50]
8347,[50]
8348,[50]
8349,[50]
8350,[50]
8351,[50]
8352,[50]
8353,[50]
8354,[50]
8355,[50]
8356,[50]
8357,[50]
8358,[50]
8359,[50]
8360,[83]
8361,[83]
8362,[83]
8363,[83]
8364,[83]
8365,[83]
8366,[83]
8367,[83]
8368,[83]
8369,[83]
8370,[50]
8371,[50]
8372,[50]
8373,[50]
8374,[50]
8375,[50]
8376,[50]
8377,[50]
8378,[50]
8379,[50]
8380,[83]
8381,[83]
8382,[83]
8383,[83]
8384,[83]
8385,[83]
8386,[83]
8387,[83]
8388,[83]
8389,[83]
8390,[50]
8391,[50]
8392,[50]
8393,[50]
8394,[50]
8395,[50]
8396,[50]
8397,[50]
8398,[50]
8399,[50]
8400,[83]
8401,[83]
8402,[83]
8403,[83]
8404,[83]
8405,[83]
8406,[83]
8407,[83]
8408,[83]
8409,[83]
8410,[50]
8411,[50]
8412,[50]
8413,[50]
8414,[50]
8415,[50]
8416,[50]
8417,[50]
8418,[83]
8419,[50]
8420,[83]
8421,[50]
8422,[83]
8423,[83]
8424,[83]
8425,[83]
8426,[83]
8427,[83]
8428,[83]
8429,[83]
8430,[50]
8431,[50]
8432,[50]
8433,[50]
8434,[50]
8435,[50]
8436,[50]
8437,[50]
8438,[50]
8439,[50]
8440,[50]
8441,[50]
8442,[50]
8443,[50]
8444,[50]
8445,[50]
8446,[50]
8447,[50]
8448,[50]
8449,[50]
8450,[50]
8451,[50]
8452,[50]
8453,[50]
8454,[50]
8455,[50]
8456,[50]
8457,[50]
8458,[50]
8459,[50]
8460,[50]
8461,[50]
8462,[50]
8463,[50]
8464,[50]
8465,[50]
8466,[50]
8467,[50]
8468,[50]
8469,[50]
8470,[83]
8471,[83]
8472,[83]
8473,[83]
8474,[83]
8475,[83]
8476,[83]
8477,[83]
8478,[83]
8479,[83]
8480,[83]
8481,[83]
8482,[83]
8483,[83]
8484,[83]
8485,[83]
8486,[83]
8487,[83]
8488,[83]
8489,[83]
8490,[83]
8491,[83]
8492,[83]
8493,[83]
8494,[83]
8495,[83]
8496,[83]
8497,[83]
8498,[83]
8499,[83]
8500,[83]
8501,[83]
8502,[83]
8503,[83]
8504,[83]
8505,[83]
8506,[83]
8507,[83]
8508,[83]
8509,[83]
8510,[83]
8511,[83]
8512,[83]
8513,[83]
8514,[83]
8515,[83]
8516,[83]
8517,[83]
8518,[83]
8519,[83]
8520,[43]
8521,[43]
8522,[43]
8523,[43]
8524,[43]
8525,[43]
8526,[43]
8527,[43]
8528,[43]
8529,[43]
8530,[43]
8531,[43]
8532,[43]
8533,[43]
8534,[43]
8535,[43]
8536,[43]
8537,[43]
8538,[43]
8539,[43]
8540,[43]
8541,[43]
8542,[43]
8543,[43]
8544,[43]
8545,[43]
8546,[43]
8547,[43]
8548,[43]
8549,[43]
8550,[50]
8551,[50]
8552,[50]
8553,[50]
8554,[50]
8555,[50]
8556,[50]
8557,[50]
8558,[50]
8559,[50]
8560,[43]
8561,[43]
8562,[43]
8563,[43]
8564,[43]
8565,[43]
8566,[43]
8567,[43]
8568,[43]
8569,[43]
8570,[43]
8571,[43]
8572,[43]
8573,[43]
8574,[43]
8575,[43]
8576,[43]
8577,[43]
8578,[43]
8579,[43]
8580,[43]
8581,[43]
8582,[43]
8583,[43]
8584,[43]
8585,[43]
8586,[43]
8587,[43]
8588,[43]
8589,[43]
8590,[43]
8591,[43]
8592,[43]
8593,[43]
8594,[43]
8595,[43]
8596,[43]
8597,[43]
8598,[43]
8599,[43]
8600,[43]
8601,[43]
8602,[43]
8603,[43]
8604,[43]
8605,[43]
8606,[43]
8607,[43]
8608,[43]
8609,[43]
8610,[43]
8611,[43]
8612,[43]
8613,[43]
8614,[43]
8615,[43]
8616,[43]
8617,[43]
8618,[43]
8619,[43]
8620,[50]
8621,[50]
8622,[50]
8623,[50]
8624,[50]
8625,[50]
8626,[50]
8627,[50]
8628,[50]
8629,[50]
8630,[50]
8631,[50]
8632,[50]
8633,[50]
8634,[50]
8635,[50]
8636,[50]
8637,[50]
8638,[50]
8639,[50]
8640,[50]
8641,[50]
8642,[50]
8643,[50]
8644,[50]
8645,[50]
8646,[50]
8647,[50]
8648,[50]
8649,[50]
8650,[50]
8651,[50]
8652,[50]
8653,[50]
8654,[50]
8655,[50]
8656,[50]
8657,[50]
8658,[50]
8659,[50]
8660,[50]
8661,[50]
8662,[50]
8663,[50]
8664,[50]
8665,[50]
8666,[50]
8667,[50]
8668,[50]
8669,[50]
8670,[50]
8671,[50]
8672,[50]
8673,[50]
8674,[50]
8675,[50]
8676,[50]
8677,[50]
8678,[50]
8679,[50]
8680,[50]
8681,[50]
8682,[50]
8683,[50]
8684,[50]
8685,[50]
8686,[50]
8687,[50]
8688,[50]
8689,[50]
8690,[50]
8691,[50]
8692,[50]
8693,[50]
8694,[50]
8695,[50]
8696,[50]
8697,[50]
8698,[50]
8699,[50]
8700,[50]
8701,[50]
8702,[50]
8703,[50]
8704,[50]
8705,[50]
8706,[50]
8707,[50]
8708,[50]
8709,[50]
8710,[50]
8711,[50]
8712,[50]
8713,[50]
8714,[50]
8715,[50]
8716,[50]
8717,[50]
8718,[50]
8719,[50]
8720,[39]
8721,[39]
8722,[39]
8723,[39]
8724,[39]
8725,[39]
8726,[39]
8727,[39]
8728,[39]
8729,[39]
8730,[39]
8731,[39]
8732,[39]
8733,[39]
8734,[39]
8735,[39]
8736,[39]
8737,[39]
8738,[39]
8739,[39]
8740,[39]
8741,[39]
8742,[39]
8743,[39]
8744,[39]
8745,[39]
8746,[39]
8747,[39]
8748,[39]
8749,[39]
8750,[39]
8751,[39]
8752,[39]
8753,[39]
8754,[39]
8755,[39]
8756,[39]
8757,[39]
8758,[39]
8759,[39]
8760,[39]
8761,[39]
8762,[39]
8763,[39]
8764,[39]
8765,[39]
8766,[39]
8767,[39]
8768,[39]
8769,[39]
8770,[39]
8771,[39]
8772,[39]
8773,[39]
8774,[39]
8775,[39]
8776,[39]
8777,[39]
8778,[39]
8779,[39]
8780,[39]
8781,[39]
8782,[39]
8783,[39]
8784,[39]
8785,[39]
8786,[39]
8787,[39]
8788,[39]
8789,[39]
8790,[39]
8791,[39]
8792,[39]
8793,[39]
8794,[39]
8795,[39]
8796,[39]
8797,[39]
8798,[39]
8799,[39]
8800,[39]
8801,[39]
8802,[39]
8803,[39]
8804,[39]
8805,[39]
8806,[39]
8807,[39]
8808,[39]
8809,[39]
8810,[39]
8811,[39]
8812,[39]
8813,[39]
8814,[39]
8815,[39]
8816,[39]
8817,[39]
8818,[39]
8819,[39]
8820,[52]
8821,[52]
8822,[52]
8823,[52]
8824,[52]
8825,[52]
8826,[52]
8827,[52]
8828,[52]
8829,[52]
8830,[52]
8831,[52]
8832,[52]
8833,[52]
8834,[52]
8835,[52]
8836,[52]
8837,[52]
8838,[52]
8839,[52]
8840,[52]
8841,[52]
8842,[52]
8843,[52]
8844,[52]
8845,[52]
8846,[52]
8847,[52]
8848,[52]
8849,[52]
8850,[52]
8851,[52]
8852,[52]
8853,[52]
8854,[52]
8855,[52]
8856,[52]
8857,[52]
8858,[52]
8859,[52]
8860,[52]
8861,[52]
8862,[52]
8863,[52]
8864,[52]
8865,[52]
8866,[52]
8867,[52]
8868,[52]
8869,[52]
8870,[52]
8871,[52]
8872,[52]
8873,[52]
8874,[52]
8875,[52]
8876,[52]
8877,[52]
8878,[52]
8879,[52]
8880,[52]
8881,[52]
8882,[52]
8883,[52]
8884,[52]
8885,[52]
8886,[52]
8887,[52]
8888,[52]
8889,[52]
8890,[52]
8891,[52]
8892,[52]
8893,[52]
8894,[52]
8895,[52]
8896,[52]
8897,[52]
8898,[52]
8899,[52]
8900,[52]
8901,[52]
8902,[52]
8903,[52]
8904,[52]
8905,[52]
8906,[52]
8907,[52]
8908,[52]
8909,[52]
8910,[52]
8911,[52]
8912,[52]
8913,[52]
8914,[52]
8915,[52]
8916,[52]
8917,[52]
8918,[52]
8919,[52]
8920,[52]
8921,[52]
8922,[52]
8923,[52]
8924,[52]
8925,[52]
8926,[52]
8927,[52]
8928,[52]
8929,[52]
8930,[50]
8931,[50]
8932,[50]
8933,[50]
8934,[50]
8935,[50]
8936,[50]
8937,[50]
8938,[50]
8939,[50]
8940,[50]
8941,[50]
8942,[50]
8943,[50]
8944,[50]
8945,[50]
8946,[50]
8947,[50]
8948,[50]
8949,[50]
8950,[50]
8951,[50]
8952,[50]
8953,[50]
8954,[50]
8955,[50]
8956,[50]
8957,[50]
8958,[50]
8959,[50]
8960,[50]
8961,[50]
8962,[50]
8963,[50]
8964,[50]
8965,[50]
8966,[50]
8967,[50]
8968,[50]
8969,[50]
8970,[50]
8971,[50]
8972,[50]
8973,[50]
8974,[50]
8975,[50]
8976,[50]
8977,[50]
8978,[50]
8979,[50]
8980,[50]
8981,[50]
8982,[50]
8983,[50]
8984,[50]
8985,[50]
8986,[50]
8987,[50]
8988,[50]
8989,[50]
8990,[50]
8991,[50]
8992,[50]
8993,[50]
8994,[50]
8995,[50]
8996,[50]
8997,[50]
8998,[50]
8999,[50]
9000,[50]
9001,[50]
9002,[50]
9003,[50]
9004,[50]
9005,[50]
9006,[50]
9007,[50]
9008,[50]
9009,[50]
9010,[50]
9011,[50]
9012,[50]
9013,[50]
9014,[50]
9015,[50]
9016,[50]
9017,[50]
9018,[50]
9019,[50]
9020,[50]
9021,[50]
9022,[50]
9023,[50]
9024,[50]
9025,[50]
9026,[50]
9027,[50]
9028,[50]
9029,[50]
9030,[54]
9031,[54]
9032,[54]
9033,[54]
9034,[54]
9035,[54]
9036,[54]
9037,[54]
9038,[54]
9039,[54]
9040,[54]
9041,[54]
9042,[54]
9043,[54]
9044,[54]
9045,[54]
9046,[54]
9047,[54]
9048,[54]
9049,[54]
9050,[54]
9051,[54]
9052,[54]
9053,[54]
9054,[54]
9055,[54]
9056,[54]
9057,[54]
9058,[54]
9059,[54]
9060,[54]
9061,[54]
9062,[54]
9063,[54]
9064,[54]
9065,[54]
9066,[54]
9067,[54]
9068,[54]
9069,[54]
9070,[54]
9071,[54]
9072,[54]
9073,[54]
9074,[54]
9075,[54]
9076,[54]
9077,[54]
9078,[99]
9079,[99]
9080,[99]
9081,[99]
9082,[99]
9083,[99]
9084,[99]
9085,[99]
9086,[99]
9087,[99]
9088,[99]
9089,[99]
9090,[99]
9091,[99]
9092,[99]
9093,[99]
9094,[99]
9095,[99]
9096,[99]
9097,[99]
9098,[99]
9099,[99]
9100,[99]
9101,[99]
9102,[99]
9103,[99]
9104,[99]
9105,[99]
9106,[99]
9107,[99]
9108,[99]
9109,[99]
9110,[99]
9111,[99]
9112,[99]
9113,[99]
9114,[99]
9115,[99]
9116,[99]
9117,[99]
9118,[54]
9119,[54]
9120,[54]
9121,[54]
9122,[54]
9123,[54]
9124,[54]
9125,[54]
9126,[54]
9127,[54]
9128,[99]
9129,[99]
9130,[99]
9131,[99]
9132,[99]
9133,[99]
9134,[99]
9135,[99]
9136,[99]
9137,[99]
9138,[54]
9139,[54]
9140,[54]
9141,[54]
9142,[54]
9143,[54]
9144,[54]
9145,[54]
9146,[54]
9147,[54]
9148,[99]
9149,[99]
9150,[54]
9151,[99]
9152,[54]
9153,[99]
9154,[54]
9155,[99]
9156,[54]
9157,[99]
9158,[54]
9159,[99]
9160,[54]
9161,[99]
9162,[99]
9163,[54]
9164,[99]
9165,[54]
9166,[54]
9167,[54]
9168,[54]
9169,[54]
9170,[54]
9171,[54]
9172,[54]
9173,[54]
9174,[54]
9175,[54]
9176,[54]
9177,[54]
9178,[99]
9179,[99]
9180,[99]
9181,[99]
9182,[99]
9183,[99]
9184,[99]
9185,[99]
9186,[99]
9187,[99]
9188,[54]
9189,[54]
9190,[54]
9191,[54]
9192,[54]
9193,[54]
9194,[54]
9195,[54]
9196,[54]
9197,[54]
9198,[54]
9199,[54]
9200,[54]
9201,[54]
9202,[54]
9203,[54]
9204,[54]
9205,[54]
9206,[54]
9207,[54]
9208,[99]
9209,[99]
9210,[99]
9211,[99]
9212,[99]
9213,[99]
9214,[99]
9215,[99]
9216,[99]
9217,[99]
9218,[99]
9219,[99]
9220,[99]
9221,[99]
9222,[99]
9223,[99]
9224,[99]
9225,[99]
9226,[99]
9227,[99]
9228,[99]
9229,[99]
9230,[99]
9231,[99]
9232,[99]
9233,[99]
9234,[99]
9235,[99]
9236,[99]
9237,[99]
9238,"[23, 44]"
9239,"[23, 44]"
9240,"[23, 44]"
9241,"[23, 44]"
9242,"[23, 44]"
9243,"[23, 44]"
9244,"[23, 44]"
9245,"[23, 44]"
9246,"[23, 44]"
9247,"[23, 44]"
9248,"[23, 44]"
9249,"[23, 44]"
9250,"[23, 44]"
9251,"[23, 44]"
9252,"[23, 44]"
9253,"[23, 44]"
9254,"[23, 44]"
9255,"[23, 44]"
9256,"[23, 44]"
9257,"[23, 44]"
9258,"[23, 44]"
9259,"[23, 44]"
9260,"[23, 44]"
9261,"[23, 44]"
9262,"[23, 44]"
9263,"[23, 44]"
9264,"[23, 44]"
9265,"[23, 44]"
9266,"[23, 44]"
9267,[23]
9268,[23]
9269,[23]
9270,[23]
9271,[23]
9272,[23]
9273,[23]
9274,[23]
9275,[23]
9276,[23]
9277,[23]
9278,[23]
9279,[23]
9280,[23]
9281,[23]
9282,[23]
9283,[23]
9284,[23]
9285,[23]
9286,[23]
9287,[23]
9288,[23]
9289,[23]
9290,[23]
9291,[23]
9292,[23]
9293,[23]
9294,[23]
9295,[23]
9296,[23]
9297,[99]
9298,[99]
9299,[99]
9300,[99]
9301,[99]
9302,[99]
9303,[99]
9304,[99]
9305,[99]
9306,[99]
9307,[23]
9308,[23]
9309,[23]
9310,[23]
9311,[23]
9312,[23]
9313,[23]
9314,[23]
9315,[99]
9316,[23]
9317,[99]
9318,[23]
9319,[99]
9320,[99]
9321,[99]
9322,[99]
9323,[99]
9324,[99]
9325,[99]
9326,[99]
9327,[23]
9328,[23]
9329,[23]
9330,[23]
9331,[23]
9332,[23]
9333,[23]
9334,[23]
9335,[23]
9336,[23]
9337,[99]
9338,[99]
9339,[99]
9340,[99]
9341,[99]
9342,[99]
9343,[99]
9344,[99]
9345,[99]
9346,[99]
9347,[23]
9348,[23]
9349,[23]
9350,[23]
9351,[23]
9352,[23]
9353,[23]
9354,[23]
9355,[23]
9356,[99]
9357,[99]
9358,[99]
9359,[99]
9360,[99]
9361,[99]
9362,[99]
9363,[99]
9364,[99]
9365,[99]
9366,"[23, 52]"
9367,"[23, 52]"
9368,"[23, 52]"
9369,"[23, 52]"
9370,"[23, 52]"
9371,"[23, 52]"
9372,[99]
9373,"[23, 52]"
9374,"[23, 52]"
9375,"[23, 52]"
9376,[99]
9377,[99]
9378,"[23, 52]"
9379,"[23, 52]"
9380,"[23, 52]"
9381,"[23, 52]"
9382,"[23, 52]"
9383,"[23, 52]"
9384,"[23, 52]"
9385,"[23, 52]"
9386,"[23, 52]"
9387,"[23, 52]"
9388,[99]
9389,[99]
9390,[99]
9391,[99]
9392,[99]
9393,[99]
9394,[99]
9395,[99]
9396,[99]
9397,[99]
9398,[99]
9399,[99]
9400,[99]
9401,[99]
9402,[99]
9403,[99]
9404,[99]
9405,[99]
9406,[99]
9407,[99]
9408,"[23, 52]"
9409,"[23, 52]"
9410,"[23, 52]"
9411,"[23, 52]"
9412,"[23, 52]"
9413,"[23, 52]"
9414,[99]
9415,[99]
9416,[99]
9417,[99]
9418,[99]
9419,[99]
9420,[99]
9421,[99]
9422,[99]
9423,[99]
9424,"[23, 52]"
9425,"[23, 52]"
9426,"[23, 52]"
9427,"[23, 52]"
9428,"[23, 52]"
9429,"[23, 52]"
9430,"[23, 52]"
9431,"[23, 52]"
9432,"[23, 52]"
9433,"[23, 52]"
9434,"[23, 52]"
9435,"[23, 52]"
9436,"[23, 52]"
9437,[99]
9438,[99]
9439,[99]
9440,[99]
9441,[99]
9442,[99]
9443,[99]
9444,[99]
9445,[99]
9446,[99]
9447,"[23, 52]"
9448,[99]
9449,[99]
9450,[99]
9451,[99]
9452,[99]
9453,[99]
9454,[99]
9455,[99]
9456,[99]
9457,[99]
9458,[99]
9459,[99]
9460,[99]
9461,[99]
9462,[99]
9463,[99]
9464,[99]
9465,[99]
9466,[99]
9467,[99]
9468,[99]
9469,[99]
9470,[99]
9471,[99]
9472,[99]
9473,[99]
9474,[99]
9475,[99]
9476,[99]
9477,[99]
9478,[99]
9479,[99]
9480,[99]
9481,[99]
9482,[99]
9483,[99]
9484,[99]
9485,[99]
9486,[99]
9487,[99]
9488,[99]
9489,[99]
9490,[99]
9491,[99]
9492,[99]
9493,[99]
9494,[99]
9495,[99]
9496,[99]
9497,[99]
9498,[99]
9499,[99]
9500,[99]
9501,[99]
9502,[99]
9503,[99]
9504,[99]
9505,[99]
9506,[99]
9507,[99]
9508,[99]
9509,[99]
9510,[99]
9511,[99]
9512,[55]
9513,[99]
9514,[99]
9515,[55]
9516,[99]
9517,[99]
9518,[55]
9519,[99]
9520,[99]
9521,[55]
9522,[55]
9523,[55]
9524,[55]
9525,[55]
9526,[55]
9527,[55]
9528,[99]
9529,[99]
9530,[99]
9531,[99]
9532,[99]
9533,[99]
9534,[99]
9535,[99]
9536,[99]
9537,[99]
9538,[55]
9539,[55]
9540,[55]
9541,[55]
9542,[55]
9543,[55]
9544,[55]
9545,[55]
9546,[55]
9547,[55]
9548,[99]
9549,[99]
9550,[99]
9551,[99]
9552,[99]
9553,[99]
9554,[99]
9555,[99]
9556,[99]
9557,[99]
9558,[55]
9559,[55]
9560,[55]
9561,[55]
9562,[55]
9563,[55]
9564,[55]
9565,[55]
9566,[55]
9567,[55]
9568,[99]
9569,[99]
9570,[99]
9571,[99]
9572,[99]
9573,[99]
9574,[99]
9575,[99]
9576,[99]
9577,[99]
9578,[55]
9579,[55]
9580,[55]
9581,[55]
9582,[55]
9583,[55]
9584,[55]
9585,[55]
9586,[55]
9587,[55]
9588,[99]
9589,[99]
9590,[99]
9591,[99]
9592,[55]
9593,[99]
9594,[99]
9595,[55]
9596,[99]
9597,[99]
9598,[55]
9599,[99]
9600,[99]
9601,[55]
9602,[55]
9603,[55]
9604,[55]
9605,[55]
9606,[55]
9607,[55]
9608,[55]
9609,[55]
9610,[55]
9611,[55]
9612,[55]
9613,[55]
9614,[55]
9615,[55]
9616,[55]
9617,[55]
9618,[55]
9619,[55]
9620,[55]
9621,[55]
9622,[55]
9623,[55]
9624,[55]
9625,[55]
9626,[55]
9627,[55]
9628,[55]
9629,[55]
9630,[55]
9631,[55]
9632,[55]
9633,[55]
9634,[55]
9635,[55]
9636,[55]
9637,[55]
9638,[55]
9639,[55]
9640,[55]
9641,[55]
9642,[55]
9643,[55]
9644,[55]
9645,[55]
9646,[55]
9647,[55]
9648,[99]
9649,[99]
9650,[99]
9651,[99]
9652,[99]
9653,[99]
9654,[99]
9655,[99]
9656,[99]
9657,[99]
9658,[99]
9659,[99]
9660,[99]
9661,[99]
9662,[99]
9663,[99]
9664,[99]
9665,[99]
9666,[99]
9667,[99]
9668,[99]
9669,[99]
9670,[99]
9671,[99]
9672,[99]
9673,[99]
9674,[99]
9675,[99]
9676,[99]
9677,[99]
9678,[99]
9679,[99]
9680,[99]
9681,[99]
9682,[99]
9683,[99]
9684,[99]
9685,[99]
9686,[99]
9687,[99]
9688,[99]
9689,[99]
9690,[99]
9691,[99]
9692,[99]
9693,[99]
9694,[99]
9695,[99]
9696,[99]
9697,[99]
9698,[99]
9699,[99]
9700,[99]
9701,[99]
9702,[99]
9703,[99]
9704,[99]
9705,[99]
9706,[99]
9707,[99]
9708,[99]
9709,[99]
9710,[99]
9711,[99]
9712,[99]
9713,[99]
9714,[99]
9715,[99]
9716,[99]
9717,[99]
9718,[99]
9719,[99]
9720,[99]
9721,[99]
9722,[99]
9723,[99]
9724,[99]
9725,[99]
9726,[99]
9727,[99]
9728,[99]
9729,[99]
9730,[99]
9731,[99]
9732,[99]
9733,[99]
9734,[99]
9735,[99]
9736,[99]
9737,[99]
9738,[99]
9739,[99]
9740,[99]
9741,[99]
9742,[99]
9743,[99]
9744,[99]
9745,[99]
9746,[99]
9747,[99]
9748,[57]
9749,[57]
9750,[57]
9751,[57]
9752,[57]
9753,[57]
9754,[57]
9755,[57]
9756,[57]
9757,[57]
9758,[57]
9759,[57]
9760,[57]
9761,[57]
9762,[57]
9763,[57]
9764,[57]
9765,[57]
9766,[57]
9767,[57]
9768,[57]
9769,[57]
9770,[57]
9771,[57]
9772,[57]
9773,[57]
9774,[57]
9775,[57]
9776,[57]
9777,[57]
9778,[57]
9779,[57]
9780,[57]
9781,[57]
9782,[57]
9783,[57]
9784,[57]
9785,[57]
9786,[57]
9787,[57]
9788,[57]
9789,[57]
9790,[57]
9791,[57]
9792,[57]
9793,[57]
9794,[57]
9795,[57]
9796,[57]
9797,[57]
9798,[57]
9799,[57]
9800,[57]
9801,[57]
9802,[57]
9803,[57]
9804,[57]
9805,[57]
9806,[57]
9807,[57]
9808,[57]
9809,[57]
9810,[57]
9811,[57]
9812,[57]
9813,[57]
9814,[57]
9815,[57]
9816,[57]
9817,[57]
9818,[57]
9819,[57]
9820,[57]
9821,[57]
9822,[57]
9823,[57]
9824,[57]
9825,[57]
9826,[57]
9827,[57]
9828,[57]
9829,[57]
9830,[57]
9831,[57]
9832,[57]
9833,[57]
9834,[57]
9835,[57]
9836,[57]
9837,[57]
9838,[99]
9839,[99]
9840,[99]
9841,[99]
9842,[99]
9843,[99]
9844,[99]
9845,[99]
9846,[99]
9847,[99]
9848,[99]
9849,[99]
9850,[99]
9851,[99]
9852,[99]
9853,[99]
9854,[99]
9855,[99]
9856,[99]
9857,[99]
9858,[99]
9859,[99]
9860,[99]
9861,[99]
9862,[99]
9863,[99]
9864,[99]
9865,[99]
9866,[99]
9867,[99]
9868,[99]
9869,[99]
9870,[99]
9871,[99]
9872,[99]
9873,[99]
9874,[99]
9875,[99]
9876,[99]
9877,[99]
9878,[99]
9879,[99]
9880,[99]
9881,[99]
9882,[99]
9883,[99]
9884,[99]
9885,[99]
9886,[99]
9887,[99]
9888,[99]
9889,[99]
9890,[99]
9891,[99]
9892,[99]
9893,[99]
9894,[99]
9895,[99]
9896,[99]
9897,[99]
9898,[99]
9899,[99]
9900,[99]
9901,[99]
9902,[99]
9903,[99]
9904,[99]
9905,[99]
9906,[99]
9907,[99]
9908,[99]
9909,[99]
9910,[99]
9911,[99]
9912,[99]
9913,[99]
9914,[99]
9915,[99]
9916,[99]
9917,[99]
9918,[99]
9919,[99]
9920,[99]
9921,[99]
9922,[99]
9923,[99]
9924,[99]
9925,[99]
9926,[99]
9927,[99]
9928,[99]
9929,[99]
9930,[99]
9931,[99]
9932,[99]
9933,[99]
9934,[99]
9935,[99]
9936,[99]
9937,[57]
9938,[57]
9939,[57]
9940,[57]
9941,[57]
9942,[57]
9943,[57]
9944,[57]
9945,[57]
9946,[57]
9947,[37]
9948,[37]
9949,[37]
9950,[37]
9951,[37]
9952,[37]
9953,[37]
9954,[37]
9955,[37]
9956,[37]
9957,[37]
9958,[37]
9959,[37]
9960,[37]
9961,[37]
9962,[37]
9963,[37]
9964,[37]
9965,[37]
9966,[37]
9967,[37]
9968,[37]
9969,[37]
9970,[37]
9971,[37]
9972,[37]
9973,[37]
9974,[37]
9975,[37]
9976,[37]
9977,[37]
9978,[37]
9979,[37]
9980,[37]
9981,[37]
9982,[37]
9983,[37]
9984,[37]
9985,[37]
9986,[37]
9987,[37]
9988,[37]
9989,[37]
9990,[37]
9991,[37]
9992,[37]
9993,[37]
9994,[37]
9995,[37]
9996,[37]
9997,[37]
9998,[37]
9999,[37]
10000,[37]
10001,[37]
10002,[37]
10003,[37]
10004,[37]
10005,[37]
10006,[79]
10007,[79]
10008,[79]
10009,[79]
10010,[79]
10011,[79]
10012,[79]
10013,[79]
10014,[79]
10015,[79]
10016,[79]
10017,[79]
10018,[79]
10019,[79]
10020,[79]
10021,[79]
10022,[79]
10023,[79]
10024,[79]
10025,[79]
10026,[79]
10027,[79]
10028,[79]
10029,[79]
10030,[79]
10031,[79]
10032,[79]
10033,[79]
10034,[79]
10035,[79]
10036,[79]
10037,[79]
10038,[79]
10039,[79]
10040,[79]
10041,[79]
10042,[79]
10043,[79]
10044,[79]
10045,[79]
10046,[79]
10047,[79]
10048,[79]
10049,[79]
10050,[79]
10051,[79]
10052,[79]
10053,[79]
10054,[79]
10055,[79]
10056,[79]
10057,[79]
10058,[79]
10059,[79]
10060,[79]
10061,[79]
10062,[79]
10063,[79]
10064,[79]
10065,[79]
10066,[79]
10067,[79]
10068,[79]
10069,[79]
10070,[79]
10071,[79]
10072,[79]
10073,[79]
10074,[79]
10075,[79]
10076,[79]
10077,[79]
10078,[79]
10079,[79]
10080,[79]
10081,[79]
10082,[79]
10083,[79]
10084,[79]
10085,[79]
10086,[79]
10087,[79]
10088,[79]
10089,[79]
10090,[79]
10091,[79]
10092,[79]
10093,[79]
10094,[79]
10095,[79]
10096,[79]
10097,[79]
10098,[79]
10099,[79]
10100,[79]
10101,[79]
10102,[79]
10103,[79]
10104,[79]
10105,[79]
10106,[56]
10107,[69]
10108,[69]
10109,[69]
10110,[69]
10111,[69]
10112,[69]
10113,[69]
10114,[69]
10115,[69]
10116,[69]
10117,[19]
10118,[19]
10119,[19]
10120,[19]
10121,[19]
10122,[19]
10123,[19]
10124,[19]
10125,[19]
10126,[19]
10127,[19]
10128,[19]
10129,[19]
10130,[19]
10131,[19]
10132,[19]
10133,[19]
10134,[19]
10135,[19]
10136,[19]
10137,[19]
10138,[19]
10139,[19]
10140,[19]
10141,[19]
10142,[19]
10143,[19]
10144,[19]
10145,[19]
10146,[19]
10147,[19]
10148,[19]
10149,[19]
10150,[19]
10151,[19]
10152,[19]
10153,[19]
10154,[19]
10155,[19]
10156,[19]
10157,[19]
10158,[19]
10159,[19]
10160,[19]
10161,[19]
10162,[19]
10163,[19]
10164,[19]
10165,[19]
10166,[19]
10167,[19]
10168,[19]
10169,[19]
10170,[19]
10171,[19]
10172,[19]
10173,[19]
10174,[19]
10175,[19]
10176,[19]
10177,[20]
10178,[20]
10179,[20]
10180,[20]
10181,[20]
10182,[20]
10183,[20]
10184,[20]
10185,[20]
10186,[20]
10187,[20]
10188,[20]
10189,[20]
10190,[20]
10191,[20]
10192,[20]
10193,[20]
10194,[20]
10195,[20]
10196,[20]
10197,[18]
10198,[18]
10199,[18]
10200,[18]
10201,[18]
10202,[18]
10203,[18]
10204,[18]
10205,[18]
10206,[18]
10207,[18]
10208,[18]
10209,[18]
10210,[18]
10211,[18]
10212,[18]
10213,[18]
10214,[18]
10215,[18]
10216,[18]
10217,[69]
10218,[69]
10219,[69]
10220,[69]
10221,[69]
10222,[69]
10223,[69]
10224,[69]
10225,[69]
10226,[69]
10227,[69]
10228,[69]
10229,[69]
10230,[69]
10231,[69]
10232,[69]
10233,[69]
10234,[69]
10235,[69]
10236,[69]
10237,[19]
10238,[19]
10239,[19]
10240,[19]
10241,[19]
10242,[19]
10243,[19]
10244,[19]
10245,[19]
10246,[19]
10247,[19]
10248,[19]
10249,[19]
10250,[19]
10251,[19]
10252,[19]
10253,[19]
10254,[19]
10255,[19]
10256,[19]
10257,[16]
10258,[16]
10259,[16]
10260,[16]
10261,[16]
10262,[16]
10263,[16]
10264,[16]
10265,[16]
10266,[16]
10267,[16]
10268,[16]
10269,[16]
10270,[16]
10271,[16]
10272,[16]
10273,[16]
10274,[16]
10275,[16]
10276,[16]
10277,[16]
10278,[16]
10279,[16]
10280,[16]
10281,[16]
10282,[16]
10283,[16]
10284,[16]
10285,[16]
10286,[16]
10287,[16]
10288,[16]
10289,[16]
10290,[16]
10291,[16]
10292,[16]
10293,[16]
10294,[16]
10295,[16]
10296,[16]
10297,[16]
10298,[16]
10299,[16]
10300,[16]
10301,[16]
10302,[16]
10303,[16]
10304,[16]
10305,[16]
10306,[16]
10307,[16]
10308,[16]
10309,[16]
10310,[16]
10311,[16]
10312,[16]
10313,[16]
10314,[16]
10315,[16]
10316,[16]
10317,[17]
10318,[17]
10319,[17]
10320,[17]
10321,[17]
10322,[17]
10323,[17]
10324,[17]
10325,[17]
10326,[17]
10327,[17]
10328,[17]
10329,[17]
10330,[17]
10331,[17]
10332,[17]
10333,[17]
10334,[17]
10335,[17]
10336,[17]
10337,[17]
10338,[17]
10339,[17]
10340,[17]
10341,[17]
10342,[17]
10343,[17]
10344,[17]
10345,[17]
10346,[17]
10347,[17]
10348,[17]
10349,[17]
10350,[17]
10351,[17]
10352,[17]
10353,[17]
10354,[17]
10355,[16]
10356,[16]
10357,[16]
10358,[16]
10359,[16]
10360,[16]
10361,[16]
10362,[16]
10363,[16]
10364,[16]
10365,[16]
10366,[16]
10367,[16]
10368,[16]
10369,[16]
10370,[16]
10371,[16]
10372,[16]
10373,[89]
10374,[89]
10375,[89]
10376,[89]
10377,[89]
10378,[89]
10379,[89]
10380,[89]
10381,[89]
10382,[89]
10383,[89]
10384,[89]
10385,[89]
10386,[89]
10387,[89]
10388,[89]
10389,[89]
10390,[89]
10391,[89]
10392,[89]
10393,[91]
10394,[91]
10395,[91]
10396,[91]
10397,[91]
10398,[91]
10399,[91]
10400,[91]
10401,[91]
10402,[91]
10403,[90]
10404,[90]
10405,[90]
10406,[90]
10407,[90]
10408,[90]
10409,[90]
10410,[90]
10411,[90]
10412,[90]
10413,[88]
10414,[88]
10415,[88]
10416,[88]
10417,[88]
10418,[88]
10419,[88]
10420,[88]
10421,[88]
10422,[88]
10423,[26]
10424,[26]
10425,[26]
10426,[26]
10427,[26]
10428,[26]
10429,[26]
10430,[26]
10431,[26]
10432,[26]
10433,[26]
10434,[26]
10435,[26]
10436,[26]
10437,[26]
10438,[26]
10439,[26]
10440,[26]
10441,[26]
10442,[26]
10443,[26]
10444,[26]
10445,[26]
10446,[26]
10447,[26]
10448,[26]
10449,[26]
10450,[26]
10451,[26]
10452,[26]
10453,[26]
10454,[26]
10455,[26]
10456,[26]
10457,[26]
10458,[26]
10459,[26]
10460,[26]
10461,[26]
10462,[26]
10463,[26]
10464,[26]
10465,[26]
10466,[26]
10467,[26]
10468,[26]
10469,[26]
10470,[26]
10471,[26]
10472,[26]
10473,[26]
10474,[26]
10475,[26]
10476,[26]
10477,[26]
10478,[26]
10479,[26]
10480,[26]
10481,[26]
10482,[26]
10483,[26]
10484,[26]
10485,[26]
10486,[26]
10487,[26]
10488,[26]
10489,[26]
10490,[26]
10491,[26]
10492,[26]
10493,[26]
10494,[26]
10495,[26]
10496,[26]
10497,[26]
10498,[26]
10499,[26]
10500,[26]
10501,[26]
10502,[26]
10503,[26]
10504,[26]
10505,[26]
10506,[26]
10507,[26]
10508,[26]
10509,[26]
10510,[26]
10511,[26]
10512,[26]
10513,[26]
10514,[26]
10515,[26]
10516,[26]
10517,[26]
10518,[26]
10519,[26]
10520,[26]
10521,[26]
10522,[26]
10523,[26]
10524,[26]
10525,[26]
10526,[26]
10527,[26]
10528,[26]
10529,[26]
10530,[26]
10531,[26]
10532,[26]
10533,[26]
10534,[26]
10535,[26]
10536,[26]
10537,[26]
10538,[27]
10539,[27]
10540,[27]
10541,[27]
10542,[27]
10543,[27]
10544,[27]
10545,[27]
10546,[27]
10547,[27]
10548,[27]
10549,[27]
10550,[27]
10551,[27]
10552,[27]
10553,[27]
10554,[27]
10555,[27]
10556,[27]
10557,[27]
10558,[27]
10559,[27]
10560,[27]
10561,[27]
10562,[27]
10563,[27]
10564,[27]
10565,[27]
10566,[27]
10567,[27]
10568,[27]
10569,[27]
10570,[27]
10571,[27]
10572,[27]
10573,[27]
10574,[27]
10575,[27]
10576,[27]
10577,[27]
10578,[27]
10579,[27]
10580,[27]
10581,[27]
10582,[27]
10583,[27]
10584,[27]
10585,[27]
10586,[27]
10587,[27]
10588,[27]
10589,[27]
10590,[27]
10591,[27]
10592,[27]
10593,[27]
10594,[27]
10595,[27]
10596,[27]
10597,[27]
10598,[27]
10599,[27]
10600,[27]
10601,[27]
10602,[27]
10603,[27]
10604,[27]
10605,[27]
10606,[27]
10607,[27]
10608,[27]
10609,[27]
10610,[27]
10611,[27]
10612,[27]
10613,[27]
10614,[27]
10615,[27]
10616,[27]
10617,[27]
10618,[27]
10619,[27]
10620,[27]
10621,[27]
10622,[27]
10623,[27]
10624,[27]
10625,[27]
10626,[27]
10627,[27]
10628,[27]
10629,[27]
10630,[27]
10631,[27]
10632,[27]
10633,[27]
10634,[27]
10635,[27]
10636,[27]
10637,[27]
10638,[27]
10639,[27]
10640,[27]
10641,[27]
10642,[27]
10643,[27]
10644,[27]
10645,[27]
10646,[27]
10647,[27]
10648,[27]
10649,[27]
10650,[27]
10651,[47]
10652,[47]
10653,[47]
10654,[47]
10655,[47]
10656,[47]
10657,[47]
10658,[47]
10659,[47]
10660,[47]
10661,[47]
10662,[47]
10663,[47]
10664,[47]
10665,[47]
10666,[47]
10667,[47]
10668,[47]
10669,[47]
10670,[47]
10671,[47]
10672,[47]
10673,[47]
10674,[47]
10675,[47]
10676,[47]
10677,[47]
10678,[47]
10679,[47]
10680,[47]
10681,[47]
10682,[47]
10683,[47]
10684,[47]
10685,[47]
10686,[47]
10687,[47]
10688,[47]
10689,[47]
10690,[47]
10691,[47]
10692,[47]
10693,[47]
10694,[47]
10695,[47]
10696,[47]
10697,[47]
10698,[47]
10699,[47]
10700,[47]
10701,[47]
10702,[47]
10703,[47]
10704,[47]
10705,[47]
10706,[47]
10707,[47]
10708,[47]
10709,[47]
10710,[47]
10711,[47]
10712,[47]
10713,[47]
10714,[47]
10715,[47]
10716,[47]
10717,[47]
10718,[47]
10719,[47]
10720,[47]
10721,[80]
10722,[80]
10723,[80]
10724,[80]
10725,[80]
10726,[80]
10727,[80]
10728,[80]
10729,[80]
10730,[80]
10731,[47]
10732,[47]
10733,[47]
10734,[47]
10735,[47]
10736,[47]
10737,[47]
10738,[47]
10739,[47]
10740,[47]
10741,[47]
10742,[47]
10743,[47]
10744,[47]
10745,[47]
10746,[47]
10747,[47]
10748,[47]
10749,[47]
10750,[47]
10751,[80]
10752,[80]
10753,[80]
10754,[80]
10755,[80]
10756,[80]
10757,[80]
10758,[80]
10759,[80]
10760,[80]
10761,[80]
10762,[80]
10763,[80]
10764,[80]
10765,[80]
10766,[80]
10767,[80]
10768,[80]
10769,[80]
10770,[80]
10771,[80]
10772,[80]
10773,[80]
10774,[80]
10775,[80]
10776,[80]
10777,[80]
10778,[80]
10779,[80]
10780,[80]
10781,[80]
10782,[80]
10783,[80]
10784,[80]
10785,[80]
10786,[80]
10787,[80]
10788,[80]
10789,[80]
10790,[80]
10791,[80]
10792,[80]
10793,[80]
10794,[80]
10795,[80]
10796,[80]
10797,[80]
10798,[80]
10799,[80]
10800,[80]
10801,[80]
10802,[80]
10803,[80]
10804,[80]
10805,[80]
10806,[80]
10807,[80]
10808,[80]
10809,[80]
10810,[94]
10811,[94]
10812,[94]
10813,[94]
10814,[94]
10815,[94]
10816,[94]
10817,[94]
10818,[94]
10819,[94]
10820,[94]
10821,[94]
10822,[94]
10823,[94]
10824,[94]
10825,[94]
10826,[94]
10827,[94]
10828,[94]
10829,[94]
10830,[94]
10831,[94]
10832,[94]
10833,[94]
10834,[94]
10835,[94]
10836,[94]
10837,[94]
10838,[94]
10839,[94]
10840,[95]
10841,[95]
10842,[95]
10843,[95]
10844,[95]
10845,[95]
10846,[95]
10847,[95]
10848,[95]
10849,[95]
10850,[95]
10851,[95]
10852,[95]
10853,[95]
10854,[95]
10855,[95]
10856,[95]
10857,[95]
10858,[95]
10859,[95]
10860,[95]
10861,[95]
10862,[95]
10863,[95]
10864,[95]
10865,[95]
10866,[95]
10867,[95]
10868,[95]
10869,[95]
10870,[80]
10871,[80]
10872,[80]
10873,[80]
10874,[80]
10875,[80]
10876,[80]
10877,[80]
10878,[80]
10879,[80]
10880,[95]
10881,[95]
10882,[95]
10883,[95]
10884,[95]
10885,[95]
10886,[95]
10887,[95]
10888,[95]
10889,[95]
10890,[95]
10891,[95]
10892,[95]
10893,[95]
10894,[95]
10895,[95]
10896,[95]
10897,[95]
10898,[95]
10899,[80]
10900,[80]
10901,[80]
10902,[80]
10903,[80]
10904,[80]
10905,[80]
10906,[80]
10907,[80]
10908,[80]
10909,[80]
10910,[80]
10911,[80]
10912,[80]
10913,[80]
10914,[80]
10915,[80]
10916,[80]
10917,[80]
10918,[80]
10919,[95]
10920,[95]
10921,[95]
10922,[95]
10923,[95]
10924,[95]
10925,[95]
10926,[95]
10927,[95]
10928,[95]
10929,[80]
10930,[80]
10931,[80]
10932,[80]
10933,[80]
10934,[80]
10935,[80]
10936,[80]
10937,[80]
10938,[80]
10939,[80]
10940,[80]
10941,[80]
10942,[80]
10943,[80]
10944,[80]
10945,[80]
10946,[80]
10947,[80]
10948,[80]
10949,[80]
10950,[80]
10951,[80]
10952,[80]
10953,[80]
10954,[80]
10955,[80]
10956,[80]
10957,[80]
10958,[80]
10959,[80]
10960,[80]
10961,[80]
10962,[80]
10963,[80]
10964,[80]
10965,[80]
10966,[80]
10967,[80]
10968,[80]
10969,[80]
10970,[80]
10971,[80]
10972,[80]
10973,[80]
10974,[80]
10975,[80]
10976,[80]
10977,[80]
10978,[80]
10979,[80]
10980,[80]
10981,[80]
10982,[80]
10983,[80]
10984,[80]
10985,[80]
10986,[80]
10987,[80]
10988,[80]
10989,[80]
10990,[80]
10991,[80]
10992,[80]
10993,[80]
10994,[80]
10995,[80]
10996,[80]
10997,[80]
10998,[80]
10999,[80]
11000,[80]
11001,[80]
11002,[80]
11003,[80]
11004,[80]
11005,[80]
11006,[80]
11007,[80]
11008,[80]
11009,[80]
11010,[80]
11011,[80]
11012,[80]
11013,[80]
11014,[80]
11015,[80]
11016,[80]
11017,[80]
11018,[80]
11019,[82]
11020,[82]
11021,[82]
11022,[82]
11023,[82]
11024,[82]
11025,[82]
11026,[82]
11027,[82]
11028,[82]
11029,[82]
11030,[82]
11031,[82]
11032,[82]
11033,[82]
11034,[82]
11035,[82]
11036,[82]
11037,[82]
11038,[82]
11039,[82]
11040,[82]
11041,[82]
11042,[82]
11043,[82]
11044,[82]
11045,[82]
11046,[82]
11047,[82]
11048,[82]
11049,[82]
11050,[82]
11051,[82]
11052,[82]
11053,[82]
11054,[82]
11055,[82]
11056,[82]
11057,[82]
11058,[82]
11059,[82]
11060,[82]
11061,[82]
11062,[82]
11063,[82]
11064,[82]
11065,[82]
11066,[82]
11067,[82]
11068,[82]
11069,[82]
11070,[82]
11071,[82]
11072,[82]
11073,[82]
11074,[82]
11075,[82]
11076,[82]
11077,[82]
11078,[82]
11079,[82]
11080,[82]
11081,[82]
11082,[82]
11083,[82]
11084,[82]
11085,[82]
11086,[82]
11087,[82]
11088,[82]
11089,[82]
11090,[82]
11091,[82]
11092,[82]
11093,[82]
11094,[82]
11095,[82]
11096,[82]
11097,[82]
11098,[82]
11099,[82]
11100,[82]
11101,[82]
11102,[82]
11103,[82]
11104,[82]
11105,[82]
11106,[82]
11107,[82]
11108,[82]
11109,[82]
11110,[82]
11111,[82]
11112,[82]
11113,[82]
11114,[82]
11115,[82]
11116,[82]
11117,[82]
11118,[82]
11119,[82]
11120,[82]
11121,[82]
11122,[82]
11123,[82]
11124,[82]
11125,[82]
11126,[82]
11127,[82]
11128,[82]
11129,[82]
11130,[82]
11131,[82]
11132,[82]
11133,[82]
11134,[82]
11135,[82]
11136,[82]
11137,[82]
11138,[82]
11139,[82]
11140,[82]
11141,[82]
11142,[82]
11143,[82]
11144,[82]
11145,[82]
11146,[82]
11147,[93]
11148,[93]
11149,[93]
11150,[93]
11151,[93]
11152,[93]
11153,[93]
11154,[93]
11155,[93]
11156,[93]
11157,[82]
11158,[82]
11159,[82]
11160,[82]
11161,[82]
11162,[82]
11163,[82]
11164,[82]
11165,[82]
11166,[82]
11167,[82]
11168,[82]
11169,[82]
11170,[82]
11171,[82]
11172,[82]
11173,[82]
11174,[82]
11175,[82]
11176,[82]
11177,[93]
11178,[93]
11179,[93]
11180,[93]
11181,[93]
11182,[93]
11183,[93]
11184,[93]
11185,[93]
11186,[93]
11187,[82]
11188,[82]
11189,[82]
11190,[82]
11191,[82]
11192,[82]
11193,[82]
11194,[82]
11195,[93]
11196,[82]
11197,[93]
11198,[93]
11199,[82]
11200,[93]
11201,[93]
11202,[93]
11203,[93]
11204,[93]
11205,[93]
11206,[93]
11207,[82]
11208,[82]
11209,[82]
11210,[82]
11211,[82]
11212,[82]
11213,[82]
11214,[82]
11215,[82]
11216,[82]
11217,[82]
11218,[82]
11219,[82]
11220,[82]
11221,[82]
11222,[82]
11223,[82]
11224,[82]
11225,[82]
11226,[82]
11227,[93]
11228,[93]
11229,[93]
11230,[93]
11231,[93]
11232,[93]
11233,[93]
11234,[93]
11235,[93]
11236,[93]
11237,[93]
11238,[93]
11239,[93]
11240,[93]
11241,[93]
11242,[93]
11243,[93]
11244,[93]
11245,[93]
11246,[92]
11247,[92]
11248,[92]
11249,[92]
11250,[92]
11251,[92]
11252,[92]
11253,[92]
11254,[92]
11255,[92]
11256,[92]
11257,[92]
11258,[92]
11259,[92]
11260,[92]
11261,[92]
11262,[92]
11263,[92]
11264,[92]
11265,[92]
11266,[92]
11267,[92]
11268,[92]
11269,[92]
11270,[92]
11271,[92]
11272,[92]
11273,[92]
11274,[92]
11275,[92]
11276,[92]
11277,[92]
11278,[92]
11279,[92]
11280,[92]
11281,[92]
11282,[92]
11283,[92]
11284,[92]
11285,[92]
11286,[82]
11287,[82]
11288,[82]
11289,[82]
11290,[82]
11291,[82]
11292,[82]
11293,[82]
11294,[82]
11295,[82]
11296,[82]
11297,[82]
11298,[82]
11299,[82]
11300,[82]
11301,[82]
11302,[82]
11303,[82]
11304,[82]
11305,[82]
11306,[82]
11307,[82]
11308,[82]
11309,[82]
11310,[82]
11311,[82]
11312,[82]
11313,[82]
11314,[82]
11315,[82]
11316,[82]
11317,[82]
11318,[82]
11319,[82]
11320,[82]
11321,[82]
11322,[82]
11323,[82]
11324,[82]
11325,[82]
11326,[82]
11327,[82]
11328,[82]
11329,[82]
11330,[82]
11331,[82]
11332,[82]
11333,[82]
11334,[82]
11335,[82]
11336,[82]
11337,[82]
11338,[82]
11339,[82]
11340,[82]
11341,[82]
11342,[82]
11343,[82]
11344,[82]
11345,[82]
11346,[82]
11347,[82]
11348,[82]
11349,[82]
11350,[82]
11351,[82]
11352,[82]
11353,[82]
11354,[82]
11355,[59]
11356,[59]
11357,[59]
11358,[59]
11359,[59]
11360,[59]
11361,[59]
11362,[59]
11363,[59]
11364,[59]
11365,[82]
11366,[82]
11367,[82]
11368,[82]
11369,[82]
11370,[82]
11371,[82]
11372,[82]
11373,[82]
11374,[82]
11375,[59]
11376,[59]
11377,[59]
11378,[59]
11379,[59]
11380,[59]
11381,[59]
11382,[59]
11383,[59]
11384,[59]
11385,[59]
11386,[59]
11387,[59]
11388,[59]
11389,[59]
11390,[59]
11391,[59]
11392,[59]
11393,[59]
11394,[59]
11395,[82]
11396,[82]
11397,[82]
11398,[82]
11399,[82]
11400,[82]
11401,[82]
11402,[82]
11403,[59]
11404,[82]
11405,[59]
11406,[59]
11407,[82]
11408,[59]
11409,[59]
11410,[59]
11411,[59]
11412,[59]
11413,[59]
11414,[59]
11415,[59]
11416,[59]
11417,[59]
11418,[59]
11419,[82]
11420,[59]
11421,[59]
11422,[82]
11423,[59]
11424,[59]
11425,[82]
11426,[59]
11427,[59]
11428,[82]
11429,[82]
11430,[82]
11431,[82]
11432,[82]
11433,[82]
11434,[82]
11435,[59]
11436,[59]
11437,[59]
11438,[59]
11439,[59]
11440,[59]
11441,[59]
11442,[59]
11443,[59]
11444,[59]
11445,[59]
11446,[59]
11447,[59]
11448,[59]
11449,[59]
11450,[59]
11451,[59]
11452,[59]
11453,[59]
11454,[59]
11455,[59]
11456,[59]
11457,[59]
11458,[59]
11459,[59]
11460,[59]
11461,[59]
11462,[59]
11463,[59]
11464,[59]
11465,[59]
11466,[59]
11467,[59]
11468,[59]
11469,[59]
11470,[59]
11471,[59]
11472,[59]
11473,[59]
11474,[59]
11475,[61]
11476,[61]
11477,[61]
11478,[61]
11479,[61]
11480,[61]
11481,[61]
11482,[61]
11483,[61]
11484,[61]
11485,[61]
11486,[61]
11487,[61]
11488,[61]
11489,[61]
11490,[61]
11491,[61]
11492,[61]
11493,[61]
11494,[61]
11495,[61]
11496,[61]
11497,[61]
11498,[61]
11499,[61]
11500,[61]
11501,[61]
11502,[61]
11503,[61]
11504,[61]
11505,[61]
11506,[61]
11507,[61]
11508,[61]
11509,[61]
11510,[61]
11511,[61]
11512,[61]
11513,[61]
11514,[61]
11515,[61]
11516,[61]
11517,[61]
11518,[61]
11519,[61]
11520,[61]
11521,[61]
11522,[61]
11523,[61]
11524,[61]
11525,[61]
11526,[61]
11527,[61]
11528,[61]
11529,[61]
11530,[61]
11531,[61]
11532,[61]
11533,[61]
11534,[61]
11535,[61]
11536,[61]
11537,[61]
11538,[61]
11539,[61]
11540,[61]
11541,[61]
11542,[61]
11543,[61]
11544,[61]
11545,[61]
11546,[61]
11547,[61]
11548,[61]
11549,[61]
11550,[61]
11551,[61]
11552,[61]
11553,[61]
11554,[61]
11555,[61]
11556,[61]
11557,[61]
11558,[61]
11559,[61]
11560,[61]
11561,[61]
11562,[61]
11563,[61]
11564,[61]
11565,[60]
11566,[60]
11567,[60]
11568,[60]
11569,[60]
11570,[60]
11571,[60]
11572,[60]
11573,[60]
11574,[60]
11575,[60]
11576,[60]
11577,[60]
11578,[60]
11579,[60]
11580,[60]
11581,[60]
11582,[60]
11583,[60]
11584,[60]
11585,[60]
11586,[60]
11587,[60]
11588,[60]
11589,[60]
11590,[60]
11591,[60]
11592,[60]
11593,[60]
11594,[60]
11595,[60]
11596,[60]
11597,[60]
11598,[60]
11599,[60]
11600,[60]
11601,[60]
11602,[60]
11603,[60]
11604,[60]
11605,[60]
11606,[60]
11607,[60]
11608,[60]
11609,[60]
11610,[60]
11611,[60]
11612,[60]
11613,[60]
11614,[60]
11615,[60]
11616,[60]
11617,[60]
11618,[60]
11619,[60]
11620,[60]
11621,[60]
11622,[60]
11623,[60]
11624,[60]
11625,[60]
11626,[60]
11627,[60]
11628,[60]
11629,[60]
11630,[60]
11631,[60]
11632,[60]
11633,[60]
11634,[60]
11635,[60]
11636,[60]
11637,[60]
11638,[60]
11639,[60]
11640,[60]
11641,[60]
11642,[60]
11643,[60]
11644,[60]
11645,[9]
11646,[9]
11647,[9]
11648,[9]
11649,[9]
11650,[9]
11651,[9]
11652,[9]
11653,[9]
11654,[9]
11655,[9]
11656,[9]
11657,[9]
11658,[9]
11659,[9]
11660,[9]
11661,[9]
11662,[9]
11663,[9]
11664,[9]
11665,[9]
11666,[9]
11667,[9]
11668,[9]
11669,[9]
11670,[9]
11671,[9]
11672,[9]
11673,[9]
11674,[9]
11675,[10]
11676,[10]
11677,[10]
11678,[10]
11679,[10]
11680,[10]
11681,[10]
11682,[10]
11683,[10]
11684,[10]
11685,[10]
11686,[10]
11687,[10]
11688,[10]
11689,[10]
11690,[10]
11691,[10]
11692,[10]
11693,[10]
11694,[10]
11695,[10]
11696,[10]
11697,[10]
11698,[10]
11699,[10]
11700,[10]
11701,[10]
11702,[10]
11703,[10]
11704,[10]
11705,[10]
11706,[10]
11707,[10]
11708,[10]
11709,[10]
11710,[10]
11711,[10]
11712,[10]
11713,[10]
11714,[10]
11715,[10]
11716,[10]
11717,[10]
11718,[10]
11719,[10]
11720,[10]
11721,[10]
11722,[10]
11723,[10]
11724,[10]
11725,[10]
11726,[10]
11727,[10]
11728,[10]
11729,[10]
11730,[10]
11731,[10]
11732,[10]
11733,[10]
11734,[10]
11735,[10]
11736,[10]
11737,[10]
11738,[10]
11739,[10]
11740,[10]
11741,[10]
11742,[10]
11743,[10]
11744,[9]
11745,[9]
11746,[9]
11747,[9]
11748,[9]
11749,[9]
11750,[9]
11751,[9]
11752,[9]
11753,[9]
11754,[9]
11755,[9]
11756,[9]
11757,[9]
11758,[9]
11759,[9]
11760,[9]
11761,[9]
11762,[9]
11763,[9]
11764,[9]
11765,[9]
11766,[9]
11767,[9]
11768,[9]
11769,[9]
11770,[9]
11771,[9]
11772,[9]
11773,[9]
11774,[10]
11775,[10]
11776,[10]
11777,[10]
11778,[10]
11779,[10]
11780,[10]
11781,[10]
11782,[10]
11783,[10]
11784,[10]
11785,[10]
11786,[10]
11787,[10]
11788,[10]
11789,[10]
11790,[10]
11791,[10]
11792,[10]
11793,[10]
11794,[10]
11795,[10]
11796,[10]
11797,[10]
11798,[10]
11799,[10]
11800,[10]
11801,[10]
11802,[10]
11803,[10]
11804,[10]
11805,[10]
11806,[10]
11807,[10]
11808,[10]
11809,[10]
11810,[10]
11811,[10]
11812,[10]
11813,[10]
11814,[10]
11815,[10]
11816,[10]
11817,[10]
11818,[10]
11819,[10]
11820,[10]
11821,[10]
11822,[10]
11823,[10]
11824,[10]
11825,[10]
11826,[10]
11827,[10]
11828,[10]
11829,[10]
11830,[10]
11831,[10]
11832,[10]
11833,[10]
11834,[28]
11835,[28]
11836,[28]
11837,[28]
11838,[28]
11839,[28]
11840,[28]
11841,[28]
11842,[28]
11843,[28]
11844,[28]
11845,[28]
11846,[28]
11847,[28]
11848,[28]
11849,[28]
11850,[28]
11851,[28]
11852,[28]
11853,[28]
11854,[28]
11855,[28]
11856,[28]
11857,[28]
11858,[28]
11859,[28]
11860,[28]
11861,[28]
11862,[28]
11863,[28]
11864,[28]
11865,[28]
11866,[28]
11867,[28]
11868,[28]
11869,[28]
11870,[28]
11871,[28]
11872,[28]
11873,[28]
11874,[28]
11875,[28]
11876,[28]
11877,[28]
11878,[28]
11879,[28]
11880,[28]
11881,[28]
11882,[28]
11883,[28]
11884,[28]
11885,[28]
11886,[28]
11887,[28]
11888,[28]
11889,[28]
11890,[28]
11891,[28]
11892,[28]
11893,[28]
11894,[28]
11895,[28]
11896,[28]
11897,[28]
11898,[28]
11899,[28]
11900,[28]
11901,[28]
11902,[28]
11903,[28]
11904,[28]
11905,[28]
11906,[28]
11907,[28]
11908,[28]
11909,[28]
11910,[28]
11911,[28]
11912,[28]
11913,[28]
11914,[28]
11915,[28]
11916,[28]
11917,[28]
11918,[28]
11919,[28]
11920,[28]
11921,[28]
11922,[28]
11923,[28]
11924,[28]
11925,[28]
11926,[28]
11927,[28]
11928,[28]
11929,[28]
11930,[28]
11931,[28]
11932,[89]
11933,[89]
11934,[89]
11935,[89]
11936,[89]
11937,[89]
11938,[89]
11939,[89]
11940,[89]
11941,[89]
11942,[89]
11943,[89]
11944,[89]
11945,[89]
11946,[89]
11947,[89]
11948,[89]
11949,[89]
11950,[89]
11951,[89]
11952,[91]
11953,[91]
11954,[91]
11955,[91]
11956,[91]
11957,[91]
11958,[91]
11959,[91]
11960,[91]
11961,[91]
11962,[91]
11963,[91]
11964,[91]
11965,[91]
11966,[91]
11967,[91]
11968,[91]
11969,[91]
11970,[91]
11971,[91]
11972,[90]
11973,[90]
11974,[90]
11975,[90]
11976,[90]
11977,[90]
11978,[90]
11979,[90]
11980,[90]
11981,[90]
11982,[55]
11983,[55]
11984,[55]
11985,[55]
11986,[55]
11987,[55]
11988,[55]
11989,[55]
11990,[55]
11991,[55]
11992,[59]
11993,[59]
11994,[59]
11995,[59]
11996,[59]
11997,[59]
11998,[59]
11999,[59]
12000,[59]
12001,[59]
12002,[59]
12003,[59]
12004,[59]
12005,[59]
12006,[59]
12007,[59]
12008,[59]
12009,[59]
12010,[59]
12011,[59]
12012,[59]
12013,[59]
12014,[59]
12015,[59]
12016,[59]
12017,[59]
12018,[59]
12019,[59]
12020,[59]
12021,[59]
12022,[9]
12023,[9]
12024,[9]
12025,[9]
12026,[9]
12027,[9]
12028,[9]
12029,[9]
12030,[9]
12031,[9]
12032,[10]
12033,[10]
12034,[10]
12035,[10]
12036,[10]
12037,[10]
12038,[10]
12039,[10]
12040,[10]
12041,[10]
12042,[10]
12043,[10]
12044,[10]
12045,[10]
12046,[10]
12047,[10]
12048,[10]
12049,[10]
12050,[10]
12051,[10]
12052,[9]
12053,[9]
12054,[9]
12055,[9]
12056,[9]
12057,[9]
12058,[9]
12059,[9]
12060,[9]
12061,[9]
12062,[10]
12063,[10]
12064,[10]
12065,[10]
12066,[10]
12067,[10]
12068,[10]
12069,[10]
12070,[10]
12071,[10]
12072,[10]
12073,[10]
12074,[10]
12075,[10]
12076,[10]
12077,[10]
12078,[10]
12079,[10]
12080,[10]
12081,[10]
12082,[60]
12083,[60]
12084,[60]
12085,[60]
12086,[60]
12087,[60]
12088,[60]
12089,[60]
12090,[60]
12091,[60]
12092,[60]
12093,[60]
12094,[60]
12095,[60]
12096,[60]
12097,[60]
12098,[60]
12099,[60]
12100,[60]
12101,[60]
12102,[61]
12103,[61]
12104,[61]
12105,[61]
12106,[61]
12107,[61]
12108,[61]
12109,[61]
12110,[61]
12111,[61]
12112,[61]
12113,[61]
12114,[61]
12115,[61]
12116,[61]
12117,[61]
12118,[61]
12119,[61]
12120,[61]
12121,[61]
12122,[61]
12123,[61]
12124,[61]
12125,[61]
12126,[61]
12127,[61]
12128,[61]
12129,[61]
12130,[61]
12131,[61]
12132,[94]
12133,[94]
12134,[94]
12135,[94]
12136,[94]
12137,[94]
12138,[94]
12139,[94]
12140,[94]
12141,[94]
12142,[102]
12143,[102]
12144,[102]
12145,[102]
12146,[102]
12147,[102]
12148,[102]
12149,[102]
12150,[102]
12151,[102]
12152,[102]
12153,[102]
12154,[102]
12155,[102]
12156,[102]
12157,[102]
12158,[102]
12159,[102]
12160,[102]
12161,[102]
12162,[49]
12163,[49]
12164,[49]
12165,[49]
12166,[49]
12167,[49]
12168,"[2, 45]"
12169,"[2, 45]"
12170,"[2, 45]"
12171,"[2, 45]"
12172,"[2, 45]"
12173,"[2, 45]"
12174,"[2, 45]"
12175,"[2, 45]"
12176,"[2, 45]"
12177,"[2, 45]"
12178,"[2, 45]"
12179,"[2, 45]"
12180,"[2, 45]"
12181,"[2, 45]"
12182,"[2, 45]"
12183,"[2, 45]"
12184,"[2, 45]"
12185,"[2, 45]"
12186,"[2, 45]"
12187,"[2, 45]"
12188,"[2, 45]"
12189,"[2, 45]"
12190,"[2, 45]"
12191,"[2, 45]"
12192,"[2, 45]"
12193,"[2, 45]"
12194,"[2, 45]"
12195,"[2, 45]"
12196,"[2, 45]"
12197,"[2, 45]"
12198,"[2, 45]"
12199,"[2, 45]"
12200,"[2, 45]"
12201,"[2, 45]"
12202,"[2, 45]"
12203,"[2, 45]"
12204,"[2, 45]"
12205,"[2, 45]"
12206,"[2, 45]"
12207,"[2, 45]"
12208,[12]
12209,[12]
12210,[12]
12211,[12]
12212,[12]
12213,[12]
12214,[12]
12215,[12]
12216,[12]
12217,[12]
12218,[12]
12219,[12]
12220,[12]
12221,[12]
12222,[12]
12223,[12]
12224,[12]
12225,[12]
12226,[12]
12227,[12]
12228,[12]
12229,[12]
12230,[12]
12231,[12]
12232,[12]
12233,[12]
12234,[12]
12235,[12]
12236,[12]
12237,[12]
12238,[12]
12239,[12]
12240,[12]
12241,[12]
12242,[12]
12243,[12]
12244,[12]
12245,[12]
12246,[12]
12247,[12]
12248,[12]
12249,[12]
12250,[12]
12251,[12]
12252,[12]
12253,[12]
12254,[12]
12255,[12]
12256,[12]
12257,[12]
12258,[12]
12259,[12]
12260,[12]
12261,[12]
12262,[12]
12263,[12]
12264,[12]
12265,[12]
12266,[12]
12267,[12]
12268,[12]
12269,[12]
12270,[12]
12271,[12]
12272,[12]
12273,[12]
12274,[12]
12275,[12]
12276,[12]
12277,[12]
12278,[12]
12279,[12]
12280,[12]
12281,[12]
12282,[12]
12283,[12]
12284,[12]
12285,[12]
12286,[86]
12287,[86]
12288,[86]
12289,[86]
12290,[86]
12291,[86]
12292,[86]
12293,[86]
12294,[86]
12295,[86]
12296,[86]
12297,[86]
12298,[86]
12299,[86]
12300,[86]
12301,[86]
12302,[86]
12303,[86]
12304,[86]
12305,[86]
12306,[86]
12307,[86]
12308,[86]
12309,[86]
12310,[86]
12311,[86]
12312,[86]
12313,[86]
12314,[86]
12315,[86]
12316,[84]
12317,[84]
12318,[84]
12319,[84]
12320,[84]
12321,[84]
12322,[84]
12323,[84]
12324,[84]
12325,[84]
12326,[84]
12327,[84]
12328,[84]
12329,[84]
12330,[84]
12331,[84]
12332,[84]
12333,[84]
12334,[84]
12335,[84]
12336,[84]
12337,[84]
12338,[84]
12339,[84]
12340,[84]
12341,[84]
12342,[84]
12343,[84]
12344,[84]
12345,[84]
12346,[85]
12347,[85]
12348,[85]
12349,[85]
12350,"[85, 86]"
12351,[85]
12352,[85]
12353,[85]
12354,[85]
12355,[85]
12356,[85]
12357,[85]
12358,[85]
12359,[85]
12360,[85]
12361,[85]
12362,[85]
12363,[85]
12364,[85]
12365,[85]
12366,[85]
12367,[85]
12368,[85]
12369,[85]
12370,[85]
12371,[85]
12372,[85]
12373,[85]
12374,[85]
12375,[85]
12376,[3]
12377,[3]
12378,[3]
12379,[3]
12380,[3]
12381,[3]
12382,[3]
12383,[3]
12384,[3]
12385,[3]
12386,[3]
12387,[3]
12388,[3]
12389,[3]
12390,[3]
12391,[3]
12392,[3]
12393,[3]
12394,[3]
12395,[3]
12396,[3]
12397,[3]
12398,[3]
12399,[3]
12400,[3]
12401,[3]
12402,[3]
12403,[3]
12404,[3]
12405,[3]
12406,[3]
12407,[3]
12408,[3]
12409,[3]
12410,[3]
12411,[3]
12412,[3]
12413,[3]
12414,[3]
12415,[3]
12416,[3]
12417,[3]
12418,[3]
12419,[3]
12420,[3]
12421,[3]
12422,[3]
12423,[3]
12424,[3]
12425,[3]
12426,[3]
12427,[3]
12428,[3]
12429,[3]
12430,[3]
12431,[3]
12432,[3]
12433,[3]
12434,[3]
12435,[3]
12436,[3]
12437,[3]
12438,[3]
12439,[3]
12440,[3]
12441,[3]
12442,[3]
12443,[3]
12444,[3]
12445,[3]
12446,[3]
12447,[3]
12448,[3]
12449,[3]
12450,[3]
12451,[3]
12452,[3]
12453,[3]
12454,[3]
12455,[3]
12456,[3]
12457,[3]
12458,[3]
12459,[3]
12460,[3]
12461,[3]
12462,[3]
12463,[3]
12464,[3]
12465,[3]
12466,[3]
12467,[3]
12468,[3]
12469,[3]
12470,[8]
12471,[8]
12472,[8]
12473,[8]
12474,[8]
12475,[8]
12476,[8]
12477,[8]
12478,[8]
12479,[8]
12480,[8]
12481,[8]
12482,[8]
12483,[8]
12484,[8]
12485,[8]
12486,[8]
12487,[8]
12488,[8]
12489,[8]
12490,[8]
12491,[8]
12492,[8]
12493,[8]
12494,[8]
12495,[8]
12496,[8]
12497,[8]
12498,[8]
12499,[8]
12500,[8]
12501,[8]
12502,[8]
12503,[8]
12504,[8]
12505,[8]
12506,[8]
12507,[8]
12508,[8]
12509,[8]
12510,[8]
12511,[8]
12512,[8]
12513,[8]
12514,[8]
12515,[8]
12516,[8]
12517,[8]
12518,[8]
12519,[8]
12520,[8]
12521,[8]
12522,[8]
12523,[8]
12524,[8]
12525,[8]
12526,[8]
12527,[8]
12528,[8]
12529,[8]
12530,[8]
12531,[8]
12532,[8]
12533,[8]
12534,[8]
12535,[8]
12536,[8]
12537,[8]
12538,[8]
12539,[8]
12540,[8]
12541,[8]
12542,[8]
12543,[8]
12544,[8]
12545,[8]
12546,[8]
12547,[8]
12548,[8]
12549,[8]
12550,[8]
12551,[8]
12552,[8]
12553,[8]
12554,[8]
12555,[8]
12556,[8]
12557,[8]
12558,[8]
12559,[8]
12560,[8]
12561,[8]
12562,[8]
12563,[8]
12564,[8]
12565,[8]
12566,[8]
12567,[8]
12568,[5]
12569,[5]
12570,[5]
12571,[5]
12572,[5]
12573,[5]
12574,[5]
12575,[5]
12576,[5]
12577,[5]
12578,[5]
12579,[5]
12580,[5]
12581,[5]
12582,[5]
12583,[5]
12584,[5]
12585,[5]
12586,[5]
12587,[5]
12588,[5]
12589,[5]
12590,[5]
12591,[5]
12592,[5]
12593,[5]
12594,[5]
12595,[5]
12596,[5]
12597,[5]
12598,[5]
12599,[5]
12600,[5]
12601,[5]
12602,[5]
12603,[5]
12604,[5]
12605,[5]
12606,[5]
12607,[5]
12608,[5]
12609,[5]
12610,[5]
12611,[5]
12612,[5]
12613,[5]
12614,[5]
12615,[5]
12616,[5]
12617,[5]
12618,[5]
12619,[5]
12620,[5]
12621,[5]
12622,[5]
12623,[5]
12624,[5]
12625,[5]
12626,[5]
12627,[67]
12628,[67]
12629,[67]
12630,[67]
12631,[67]
12632,[67]
12633,[67]
12634,[67]
12635,[67]
12636,[67]
12637,[67]
12638,[67]
12639,[67]
12640,[67]
12641,[67]
12642,[67]
12643,[67]
12644,[67]
12645,[67]
12646,[67]
12647,[67]
12648,[67]
12649,[67]
12650,[67]
12651,[67]
12652,[67]
12653,[67]
12654,[67]
12655,[67]
12656,"[2, 25, 45]"
12657,"[2, 25, 45]"
12658,"[2, 25, 45]"
12659,"[2, 25, 45]"
12660,"[2, 25, 45]"
12661,"[2, 25, 45]"
12662,"[2, 25, 45]"
12663,"[2, 25, 45]"
12664,"[2, 25, 45]"
12665,"[2, 25, 45]"
12666,"[2, 25, 45]"
12667,"[2, 25, 45]"
12668,"[2, 25, 45]"
12669,"[2, 25, 45]"
12670,"[2, 25, 45]"
12671,"[2, 25, 45]"
12672,"[2, 25, 45]"
12673,"[2, 25, 45]"
12674,"[2, 25, 45]"
12675,"[2, 25, 45]"
12676,"[2, 25, 45]"
12677,"[2, 25, 45]"
12678,"[2, 25, 45]"
12679,"[2, 25, 45]"
12680,"[2, 25, 45]"
12681,"[2, 25, 45]"
12682,"[2, 25, 45]"
12683,"[2, 25, 45]"
12684,"[2, 25, 45]"
12685,"[2, 25, 45]"
12686,"[2, 25, 45]"
12687,"[2, 25, 45]"
12688,"[2, 25, 45]"
12689,"[2, 25, 45]"
12690,"[2, 25, 45]"
12691,"[2, 25, 45]"
12692,"[2, 25, 45]"
12693,"[2, 25, 45]"
12694,"[2, 25, 45]"
12695,"[2, 25, 45]"
12696,"[2, 25, 45]"
12697,"[2, 25, 45]"
12698,"[2, 25, 45]"
12699,"[2, 25, 45]"
12700,"[2, 25, 45]"
12701,"[2, 25, 45]"
12702,"[2, 25, 45]"
12703,"[2, 25, 45]"
12704,"[2, 25, 45]"
12705,"[2, 25, 45]"
12706,"[2, 25, 32, 49]"
12707,"[2, 25, 32, 49]"
12708,"[2, 25, 32, 49]"
12709,"[2, 25, 32, 49]"
12710,"[2, 25, 32, 49]"
12711,"[2, 25, 32, 49]"
12712,"[2, 25, 32, 49]"
12713,"[2, 25, 32, 49]"
12714,"[2, 25, 32, 49]"
12715,"[2, 25, 32, 49]"
12716,"[2, 25, 32, 49]"
12717,"[2, 25, 32, 49]"
12718,"[2, 25, 32, 49]"
12719,"[2, 25, 32, 49]"
12720,"[2, 25, 32, 49]"
12721,"[2, 25, 32, 49]"
12722,"[2, 25, 32, 49]"
12723,"[2, 25, 32, 49]"
12724,"[2, 25, 32, 49]"
12725,"[2, 25, 32, 49]"
12726,"[2, 25, 32, 49]"
12727,"[2, 25, 32, 49]"
12728,"[2, 25, 32, 49]"
12729,"[2, 25, 32, 49]"
12730,"[2, 25, 32, 49]"
12731,"[2, 25, 32, 49]"
12732,"[2, 25, 32, 49]"
12733,"[2, 25, 32, 49]"
12734,"[2, 25, 32, 49]"
12735,"[2, 25, 32, 49]"
12736,"[2, 25, 32, 49]"
12737,"[2, 25, 32, 49]"
12738,"[2, 25, 32, 49]"
12739,"[2, 25, 32, 49]"
12740,"[2, 25, 32, 49]"
12741,"[2, 25, 32, 49]"
12742,"[2, 25, 32, 49]"
12743,"[2, 25, 32, 49]"
12744,"[2, 25, 32, 49]"
12745,"[2, 25, 32, 49]"
12746,"[2, 25, 32, 49]"
12747,"[2, 25, 32, 49]"
12748,"[2, 25, 32, 49]"
12749,"[2, 25, 32, 49]"
12750,"[2, 25, 32, 49]"
12751,"[2, 25, 32, 49]"
12752,"[2, 25, 32, 49]"
12753,"[2, 25, 32, 49]"
12754,"[2, 25, 32, 49]"
12755,"[2, 25, 32, 49]"
12756,"[6, 10]"
12757,"[6, 10]"
12758,"[6, 10]"
12759,"[6, 10]"
12760,"[6, 10]"
12761,"[6, 10]"
12762,"[6, 10]"
12763,"[6, 10]"
12764,"[6, 10]"
12765,"[6, 10]"
12766,"[6, 10]"
12767,"[6, 10]"
12768,"[6, 10]"
12769,"[6, 10]"
12770,"[6, 10]"
12771,"[6, 10]"
12772,"[6, 10]"
12773,"[6, 10]"
12774,"[6, 10]"
12775,"[6, 10]"
12776,"[6, 10]"
12777,"[6, 10]"
12778,"[6, 10]"
12779,"[6, 10]"
12780,"[6, 10]"
12781,"[6, 10]"
12782,"[6, 10]"
12783,"[6, 10]"
12784,"[6, 10]"
12785,"[6, 10]"
12786,"[6, 12]"
12787,"[6, 12]"
12788,"[6, 12]"
12789,"[6, 12]"
12790,"[6, 12]"
12791,"[6, 12]"
12792,"[6, 12]"
12793,"[6, 12]"
12794,"[6, 12]"
12795,"[6, 12]"
12796,"[6, 12]"
12797,"[6, 12]"
12798,"[6, 12]"
12799,"[6, 12]"
12800,"[6, 12]"
12801,"[6, 12]"
12802,"[6, 12]"
12803,"[6, 12]"
12804,"[6, 12]"
12805,"[6, 12]"
12806,"[6, 12]"
12807,"[6, 12]"
12808,"[6, 12]"
12809,"[6, 12]"
12810,"[6, 12]"
12811,"[6, 12]"
12812,"[6, 12]"
12813,"[6, 12]"
12814,"[6, 12]"
12815,"[6, 12]"
12816,"[6, 11]"
12817,"[6, 11]"
12818,"[6, 11]"
12819,"[6, 11]"
12820,"[6, 11]"
12821,"[6, 11]"
12822,"[6, 11]"
12823,"[6, 11]"
12824,"[6, 11]"
12825,"[6, 11]"
12826,"[6, 11]"
12827,"[6, 11]"
12828,"[6, 11]"
12829,"[6, 11]"
12830,"[6, 11]"
12831,"[6, 11]"
12832,"[6, 11]"
12833,"[6, 11]"
12834,"[6, 11]"
12835,"[6, 11]"
12836,"[6, 11]"
12837,"[6, 11]"
12838,"[6, 11]"
12839,"[6, 11]"
12840,"[6, 11]"
12841,"[6, 11]"
12842,"[6, 11]"
12843,"[6, 11]"
12844,"[6, 11]"
12845,"[6, 11]"
12846,"[6, 9]"
12847,"[6, 9]"
12848,"[6, 9]"
12849,"[6, 9]"
12850,"[6, 9]"
12851,"[6, 9]"
12852,"[6, 9]"
12853,"[6, 9]"
12854,"[6, 9]"
12855,"[6, 9]"
12856,"[6, 9]"
12857,"[6, 9]"
12858,"[6, 9]"
12859,"[6, 9]"
12860,"[6, 9]"
12861,"[6, 9]"
12862,"[6, 9]"
12863,"[6, 9]"
12864,"[6, 9]"
12865,"[6, 9]"
12866,"[6, 9]"
12867,"[6, 9]"
12868,"[6, 9]"
12869,"[6, 9]"
12870,"[6, 9]"
12871,"[6, 9]"
12872,"[6, 9]"
12873,"[6, 9]"
12874,"[6, 9]"
12875,"[6, 9]"
12876,[13]
12877,[13]
12878,[13]
12879,[13]
12880,[13]
12881,[13]
12882,[13]
12883,[13]
12884,[13]
12885,[13]
12886,[13]
12887,[13]
12888,[13]
12889,[13]
12890,[13]
12891,[13]
12892,[13]
12893,[13]
12894,[13]
12895,[13]
12896,[13]
12897,[13]
12898,[13]
12899,[13]
12900,[13]
12901,[13]
12902,[13]
12903,[13]
12904,[13]
12905,[13]
12906,[13]
12907,[13]
12908,[13]
12909,[13]
12910,[13]
12911,[13]
12912,[13]
12913,[13]
12914,[13]
12915,[13]
12916,[13]
12917,[13]
12918,[13]
12919,[13]
12920,[13]
12921,[13]
12922,[13]
12923,[13]
12924,[13]
12925,[13]
12926,[13]
12927,[13]
12928,[13]
12929,[13]
12930,[13]
12931,[13]
12932,[13]
12933,[13]
12934,[13]
12935,[13]
12936,[13]
12937,[13]
12938,[13]
12939,[13]
12940,[13]
12941,[13]
12942,[13]
12943,[13]
12944,[13]
12945,[13]
12946,[13]
12947,[13]
12948,[13]
12949,[13]
12950,[13]
12951,[13]
12952,[13]
12953,[13]
12954,[13]
12955,[13]
12956,[13]
12957,[13]
12958,[13]
12959,[13]
12960,[13]
12961,[13]
12962,[13]
12963,[13]
12964,[13]
12965,[13]
12966,[13]
12967,[13]
12968,[13]
12969,[13]
12970,[13]
12971,[13]
12972,[13]
12973,[13]
12974,[13]
12975,[13]
12976,[14]
12977,[14]
12978,[14]
12979,[14]
12980,[14]
12981,[14]
12982,[14]
12983,[14]
12984,[14]
12985,[14]
12986,[14]
12987,[14]
12988,[14]
12989,[14]
12990,[14]
12991,[14]
12992,[14]
12993,[14]
12994,[14]
12995,[14]
12996,[14]
12997,[14]
12998,[14]
12999,[14]
13000,[14]
13001,[14]
13002,[14]
13003,[14]
13004,[14]
13005,[14]
13006,[14]
13007,[14]
13008,[14]
13009,[14]
13010,[14]
13011,[14]
13012,[14]
13013,[14]
13014,[14]
13015,[14]
13016,[14]
13017,[14]
13018,[14]
13019,[14]
13020,[14]
13021,[14]
13022,[14]
13023,[14]
13024,[14]
13025,[14]
13026,[14]
13027,[14]
13028,[14]
13029,[14]
13030,[14]
13031,[14]
13032,[14]
13033,[14]
13034,[14]
13035,[14]
13036,[14]
13037,[14]
13038,[14]
13039,[14]
13040,[14]
13041,[14]
13042,[14]
13043,[14]
13044,[14]
13045,[14]
13046,[58]
13047,[58]
13048,[58]
13049,[58]
13050,[58]
13051,[58]
13052,[58]
13053,[58]
13054,[58]
13055,[58]
13056,[58]
13057,[58]
13058,[58]
13059,[58]
13060,[58]
13061,[58]
13062,[58]
13063,[58]
13064,[58]
13065,[58]
13066,[58]
13067,[58]
13068,[58]
13069,[58]
13070,[58]
13071,[58]
13072,[58]
13073,[58]
13074,[58]
13075,[58]
13076,[58]
13077,[58]
13078,[58]
13079,[58]
13080,[58]
13081,[58]
13082,[58]
13083,[58]
13084,[58]
13085,[58]
13086,[58]
13087,[58]
13088,[58]
13089,[58]
13090,[58]
13091,[58]
13092,[58]
13093,[58]
13094,[58]
13095,[58]
13096,[58]
13097,[58]
13098,[58]
13099,[58]
13100,[58]
13101,[58]
13102,[58]
13103,[58]
13104,[58]
13105,[58]
13106,[58]
13107,[58]
13108,[58]
13109,[58]
13110,[58]
13111,[58]
13112,[58]
13113,[58]
13114,[58]
13115,[58]
13116,[58]
13117,[58]
13118,[58]
13119,[58]
13120,[58]
13121,[58]
13122,[58]
13123,[58]
13124,[58]
13125,[58]
13126,[58]
13127,[58]
13128,[58]
13129,[58]
13130,[58]
13131,[58]
13132,[58]
13133,[58]
13134,[58]
13135,[58]
13136,[58]
13137,[58]
13138,[58]
13139,[58]
13140,[58]
13141,[58]
13142,[58]
13143,[58]
13144,[58]
13145,[58]
13146,[58]
13147,[58]
13148,[58]
13149,[58]
13150,[58]
13151,[58]
13152,[58]
13153,[58]
13154,[58]
13155,[58]
13156,[58]
13157,[58]
13158,[58]
13159,[58]
13160,[58]
13161,[59]
13162,[59]
13163,[59]
13164,[59]
13165,[59]
13166,[59]
13167,[59]
13168,[59]
13169,[59]
13170,[59]
13171,[59]
13172,[59]
13173,[59]
13174,[59]
13175,[59]
13176,[59]
13177,[59]
13178,[59]
13179,[59]
13180,[59]
13181,[59]
13182,[59]
13183,[59]
13184,[59]
13185,[59]
13186,[59]
13187,[59]
13188,[59]
13189,[59]
13190,[57]
13191,[57]
13192,[57]
13193,[57]
13194,[57]
13195,[57]
13196,[57]
13197,[57]
13198,[57]
13199,[57]
13200,[57]
13201,[57]
13202,[57]
13203,[57]
13204,[57]
13205,[57]
13206,[57]
13207,[57]
13208,[57]
13209,[57]
13210,[57]
13211,[57]
13212,[57]
13213,[57]
13214,[57]
13215,[57]
13216,[57]
13217,[57]
13218,[57]
13219,[57]
13220,[57]
13221,[57]
13222,[57]
13223,[57]
13224,[57]
13225,[57]
13226,[57]
13227,[57]
13228,[57]
13229,[57]
13230,[57]
13231,[57]
13232,[57]
13233,[57]
13234,[57]
13235,[57]
13236,[57]
13237,[57]
13238,[57]
13239,[57]
13240,[57]
13241,[57]
13242,[57]
13243,[57]
13244,[57]
13245,[57]
13246,[57]
13247,[57]
13248,[57]
13249,[57]
13250,[57]
13251,[99]
13252,[99]
13253,[99]
13254,[99]
13255,[99]
13256,[99]
13257,[99]
13258,[99]
13259,[99]
13260,[99]
13261,[99]
13262,[99]
13263,[99]
13264,[99]
13265,[99]
13266,[99]
13267,[99]
13268,[99]
13269,[99]
13270,[70]
13271,[70]
13272,[70]
13273,[70]
13274,[70]
13275,[70]
13276,[70]
13277,[70]
13278,[70]
13279,[70]
13280,[70]
13281,[70]
13282,[70]
13283,[70]
13284,[70]
13285,[70]
13286,[70]
13287,[70]
13288,[70]
13289,[70]
13290,[70]
13291,[70]
13292,[70]
13293,[70]
13294,[70]
13295,[70]
13296,[70]
13297,[70]
13298,[70]
13299,[99]
13300,[99]
13301,[99]
13302,[99]
13303,[99]
13304,[99]
13305,[99]
13306,[99]
13307,[99]
13308,[99]
13309,[99]
13310,[99]
13311,[99]
13312,[99]
13313,[99]
13314,[99]
13315,[99]
13316,[99]
13317,[99]
13318,[99]
13319,[99]
13320,[99]
13321,[99]
13322,[99]
13323,[99]
13324,[99]
13325,[99]
13326,[99]
13327,[99]
13328,[99]
13329,[99]
13330,[99]
13331,[99]
13332,[99]
13333,[99]
13334,[99]
13335,[99]
13336,[99]
13337,[99]
13338,[99]
13339,[99]
13340,[99]
13341,[99]
13342,[99]
13343,[99]
13344,[99]
13345,[99]
13346,[99]
13347,[99]
13348,[99]
13349,[99]
13350,[99]
13351,[99]
13352,[99]
13353,[99]
13354,[99]
13355,[99]
13356,[99]
13357,[99]
13358,[99]
13359,[99]
13360,[99]
13361,[99]
13362,[99]
13363,[99]
13364,[99]
13365,[99]
13366,[99]
13367,[99]
13368,[99]
13369,[99]
13370,[99]
13371,[99]
13372,[99]
13373,[99]
13374,[99]
13375,[99]
13376,[99]
13377,[99]
13378,[70]
13379,[70]
13380,[70]
13381,[70]
13382,[70]
13383,[70]
13384,[70]
13385,[70]
13386,[70]
13387,[70]
13388,[70]
13389,[70]
13390,[70]
13391,[70]
13392,[70]
13393,[71]
13394,[71]
13395,[71]
13396,[71]
13397,[71]
13398,[71]
13399,[71]
13400,[71]
13401,[71]
13402,[71]
13403,[71]
13404,[71]
13405,[71]
13406,[71]
13407,[71]
13408,[71]
13409,[71]
13410,[71]
13411,[71]
13412,[71]
13413,[71]
13414,[71]
13415,[71]
13416,[71]
13417,[71]
13418,[71]
13419,[71]
13420,[71]
13421,[71]
13422,[71]
13423,[71]
13424,[71]
13425,[71]
13426,[71]
13427,[71]
13428,[71]
13429,[71]
13430,[71]
13431,[71]
13432,[71]
13433,[82]
13434,[82]
13435,[82]
13436,[82]
13437,[82]
13438,[82]
13439,[82]
13440,[82]
13441,[82]
13442,[82]
13443,[82]
13444,[82]
13445,[82]
13446,[82]
13447,[82]
13448,[82]
13449,[82]
13450,[82]
13451,[82]
13452,[82]
13453,[82]
13454,[82]
13455,[82]
13456,[82]
13457,[82]
13458,[82]
13459,[82]
13460,[82]
13461,[82]
13462,[82]
13463,[82]
13464,[82]
13465,[82]
13466,[82]
13467,[82]
13468,[82]
13469,[82]
13470,[82]
13471,[82]
13472,[82]
13473,[45]
13474,[45]
13475,[45]
13476,[45]
13477,[45]
13478,[45]
13479,[45]
13480,[45]
13481,[45]
13482,[45]
13483,[45]
13484,[45]
13485,[45]
13486,[45]
13487,[45]
13488,[45]
13489,[45]
13490,[45]
13491,[45]
13492,[45]
13493,[45]
13494,[45]
13495,[45]
13496,[45]
13497,[45]
13498,[45]
13499,[45]
13500,[45]
13501,[45]
13502,[45]
13503,[45]
13504,[45]
13505,[45]
13506,[45]
13507,[45]
13508,[45]
13509,[45]
13510,[45]
13511,[45]
13512,[45]
13513,[59]
13514,[59]
13515,[59]
13516,[59]
13517,[59]
13518,[59]
13519,[59]
13520,[59]
13521,[59]
13522,[59]
13523,[59]
13524,[59]
13525,[59]
13526,[59]
13527,[59]
13528,[59]
13529,[59]
13530,[59]
13531,[59]
13532,[59]
13533,[59]
13534,[59]
13535,[59]
13536,[59]
13537,[59]
13538,[59]
13539,[59]
13540,[59]
13541,[59]
13542,[59]
13543,[59]
13544,[59]
13545,[59]
13546,[59]
13547,[59]
13548,[59]
13549,[59]
13550,[59]
13551,[59]
13552,[59]
13553,[30]
13554,[30]
13555,[30]
13556,[30]
13557,[30]
13558,[30]
13559,[30]
13560,[30]
13561,[30]
13562,[30]
13563,[30]
13564,[30]
13565,[30]
13566,[30]
13567,[30]
13568,[30]
13569,[30]
13570,[30]
13571,[30]
13572,[30]
13573,[30]
13574,[30]
13575,[30]
13576,[30]
13577,[30]
13578,[30]
13579,[30]
13580,[30]
13581,[30]
13582,[30]
13583,[30]
13584,[30]
13585,[30]
13586,[30]
13587,[30]
13588,[30]
13589,[30]
13590,[30]
13591,[30]
13592,[30]
13593,[30]
13594,[30]
13595,[30]
13596,[30]
13597,[30]
13598,[30]
13599,[30]
13600,[30]
13601,[30]
13602,[30]
13603,[30]
13604,[30]
13605,[30]
13606,[30]
13607,[30]
13608,[30]
13609,[30]
13610,[30]
13611,[30]
13612,[57]
13613,[57]
13614,[57]
13615,[57]
13616,[57]
13617,[57]
13618,[57]
13619,[57]
13620,[57]
13621,[57]
13622,[57]
13623,[57]
13624,[57]
13625,[57]
13626,[57]
13627,[57]
13628,[57]
13629,[57]
13630,[57]
13631,[57]
13632,[57]
13633,[57]
13634,[57]
13635,[57]
13636,[57]
13637,[57]
13638,[57]
13639,[57]
13640,[57]
13641,[57]
13642,[57]
13643,[57]
13644,[57]
13645,[57]
13646,[57]
13647,[57]
13648,[57]
13649,[57]
13650,[57]
13651,[57]
13652,[57]
13653,[57]
13654,[57]
13655,[57]
13656,[57]
13657,[57]
13658,[57]
13659,[57]
13660,[57]
13661,[57]
13662,[57]
13663,[57]
13664,[57]
13665,[57]
13666,[57]
13667,[57]
13668,[57]
13669,[57]
13670,[57]
13671,[57]
13672,[57]
13673,[57]
13674,[57]
13675,[57]
13676,[57]
13677,[57]
13678,[57]
13679,[57]
13680,[57]
13681,[57]
13682,[57]
13683,[57]
13684,[57]
13685,[57]
13686,[57]
13687,[57]
13688,[57]
13689,[57]
13690,[57]
13691,[57]
13692,[57]
13693,[57]
13694,[57]
13695,[57]
13696,[57]
13697,[57]
13698,[57]
13699,[57]
13700,[57]
13701,[57]
13702,[57]
13703,[57]
13704,[57]
13705,[57]
13706,[57]
13707,[57]
13708,[57]
13709,[57]
13710,[57]
13711,[57]
13712,[57]
13713,[57]
13714,[57]
13715,[57]
13716,[57]
13717,[57]
13718,[57]
13719,[57]
13720,[57]
13721,[57]
13722,[57]
13723,[57]
13724,[57]
13725,[57]
13726,[57]
13727,[57]
13728,[57]
13729,[57]
13730,[57]
13731,[57]
13732,[57]
13733,[57]
13734,[57]
13735,[57]
13736,[57]
13737,[57]
13738,[57]
13739,[57]
13740,[57]
13741,[57]
13742,[57]
13743,[57]
13744,[57]
13745,[57]
13746,[57]
13747,[57]
13748,[57]
13749,[57]
13750,[57]
13751,[57]
13752,[57]
13753,[60]
13754,[60]
13755,[60]
13756,[60]
13757,[60]
13758,[60]
13759,[60]
13760,[60]
13761,[60]
13762,[60]
13763,[60]
13764,[60]
13765,[60]
13766,[60]
13767,[60]
13768,[60]
13769,[60]
13770,[60]
13771,[60]
13772,[60]
13773,[31]
13774,[31]
13775,[31]
13776,[31]
13777,[31]
13778,[31]
13779,[31]
13780,[31]
13781,[31]
13782,[31]
13783,[31]
13784,[31]
13785,[31]
13786,[31]
13787,[31]
13788,[31]
13789,[31]
13790,[31]
13791,[31]
13792,[31]
13793,[31]
13794,[31]
13795,[31]
13796,[31]
13797,[31]
13798,[31]
13799,[31]
13800,[31]
13801,[31]
13802,[31]
13803,[99]
13804,[99]
13805,[99]
13806,[99]
13807,[99]
13808,[99]
13809,[99]
13810,[99]
13811,[99]
13812,[99]
13813,[99]
13814,[99]
13815,[99]
13816,[99]
13817,[99]
13818,[99]
13819,[99]
13820,[99]
13821,[99]
13822,[99]
13823,[99]
13824,[99]
13825,[99]
13826,[99]
13827,[99]
13828,[99]
13829,[99]
13830,[99]
13831,[99]
13832,[99]
13833,[99]
13834,[99]
13835,[99]
13836,[99]
13837,[99]
13838,[99]
13839,[99]
13840,[99]
13841,[99]
13842,[99]
13843,[99]
13844,[99]
13845,[99]
13846,[99]
13847,[99]
13848,[99]
13849,[99]
13850,[99]
13851,[99]
13852,[99]
13853,[99]
13854,[99]
13855,[99]
13856,[99]
13857,[99]
13858,[99]
13859,[99]
13860,[99]
13861,[99]
13862,[99]
13863,[99]
13864,[99]
13865,[99]
13866,[99]
13867,[99]
13868,[99]
13869,[99]
13870,[99]
13871,[99]
13872,[99]
13873,[99]
13874,[99]
13875,[99]
13876,[99]
13877,[99]
13878,[99]
13879,[99]
13880,[99]
13881,[99]
13882,[99]
13883,[99]
13884,[99]
13885,[99]
13886,[99]
13887,[99]
13888,[99]
13889,[99]
13890,[99]
13891,[99]
13892,[99]
13893,[99]
13894,[99]
13895,[99]
13896,[99]
13897,[99]
13898,[99]
13899,[99]
13900,[99]
13901,[99]
13902,[99]
13903,[99]
13904,[99]
13905,[99]
13906,[99]
13907,[99]
13908,[99]
13909,[99]
13910,[99]
13911,[99]
13912,[99]
13913,[99]
13914,[99]
13915,[99]
13916,[99]
13917,[99]
13918,[99]
13919,[99]
13920,[99]
13921,[99]
13922,[99]
13923,[99]
13924,[99]
13925,[99]
13926,[99]
13927,[99]
13928,[99]
13929,[99]
13930,[99]
13931,[99]
13932,[99]
13933,[99]
13934,[99]
13935,[99]
13936,[99]
13937,[99]
13938,[99]
13939,[99]
13940,[99]
13941,[99]
13942,[99]
13943,[99]
13944,[99]
13945,[99]
13946,[99]
13947,[99]
13948,[99]
13949,[99]
13950,[99]
13951,[99]
13952,[99]
13953,[99]
13954,[99]
13955,[99]
13956,[99]
13957,[99]
13958,[99]
13959,[99]
13960,[99]
13961,[99]
13962,[99]
13963,[99]
13964,[99]
13965,[99]
13966,[99]
13967,[99]
13968,[99]
13969,[99]
13970,[99]
13971,[99]
13972,[99]
13973,[99]
13974,[99]
13975,[99]
13976,[99]
13977,[99]
13978,[99]
13979,[99]
13980,[99]
13981,[99]
13982,[99]
13983,[99]
13984,[99]
13985,[99]
13986,[99]
13987,[99]
13988,[99]
13989,[99]
13990,[99]
13991,[99]
13992,[99]
13993,[99]
13994,[99]
13995,[99]
13996,[99]
13997,[99]
13998,[99]
13999,[99]
14000,[99]
14001,[99]
14002,[99]
14003,[99]
14004,[99]
14005,[99]
14006,[99]
14007,[99]
14008,[99]
14009,[99]
14010,[99]
14011,[99]
14012,[99]
14013,[99]
14014,[99]
14015,[99]
14016,[99]
14017,[99]
14018,[99]
14019,[99]
14020,[99]
14021,[99]
14022,[99]
14023,[99]
14024,[99]
14025,[99]
14026,[99]
14027,[99]
14028,[99]
14029,[99]
14030,[99]
14031,[99]
14032,[99]
14033,[99]
14034,[99]
14035,[99]
14036,[99]
14037,[99]
14038,[99]
14039,[99]
14040,[99]
14041,[99]
14042,[99]
14043,[34]
14044,[34]
14045,[34]
14046,[34]
14047,[34]
14048,[34]
14049,[34]
14050,[34]
14051,[34]
14052,[34]
14053,[34]
14054,[34]
14055,[34]
14056,[34]
14057,[34]
14058,[34]
14059,[34]
14060,[34]
14061,[34]
14062,[34]
14063,[34]
14064,[34]
14065,[34]
14066,[34]
14067,[34]
14068,[34]
14069,[34]
14070,[34]
14071,[34]
14072,[34]
14073,[34]
14074,[34]
14075,[34]
14076,[34]
14077,[34]
14078,[34]
14079,[34]
14080,[34]
14081,[34]
14082,[34]
14083,"[33, 34]"
14084,"[33, 34]"
14085,"[33, 34]"
14086,"[33, 34]"
14087,"[33, 34]"
14088,"[33, 34]"
14089,"[33, 34]"
14090,"[33, 34]"
14091,"[33, 34]"
14092,"[33, 34]"
14093,"[33, 34]"
14094,"[33, 34]"
14095,"[33, 34]"
14096,"[33, 34]"
14097,"[33, 34]"
14098,"[33, 34]"
14099,"[33, 34]"
14100,"[33, 34]"
14101,"[33, 34]"
14102,"[33, 34]"
14103,"[33, 34]"
14104,"[33, 34]"
14105,"[33, 34]"
14106,"[33, 34]"
14107,"[33, 34]"
14108,"[33, 34]"
14109,"[33, 34]"
14110,"[33, 34]"
14111,"[33, 34]"
14112,"[33, 34]"
14113,"[33, 34]"
14114,"[33, 34]"
14115,"[33, 34]"
14116,"[33, 34]"
14117,"[33, 34]"
14118,"[33, 34]"
14119,"[33, 34]"
14120,"[33, 34]"
14121,"[33, 34]"
14122,"[33, 34]"
14123,"[33, 34]"
14124,"[33, 34]"
14125,"[33, 34]"
14126,"[33, 34]"
14127,"[33, 34]"
14128,"[33, 34]"
14129,"[33, 34]"
14130,"[33, 34]"
14131,"[33, 34]"
14132,"[33, 34]"
14133,"[33, 34]"
14134,"[33, 34]"
14135,"[33, 34]"
14136,"[33, 34]"
14137,"[33, 34]"
14138,"[33, 34]"
14139,"[33, 34]"
14140,"[33, 34]"
14141,"[33, 34]"
14142,"[33, 34]"
14143,[99]
14144,[99]
14145,[99]
14146,[99]
14147,[99]
14148,[99]
14149,[99]
14150,[99]
14151,[99]
14152,[99]
14153,[99]
14154,[99]
14155,[99]
14156,[99]
14157,[99]
14158,[99]
14159,[99]
14160,[99]
14161,[99]
14162,[99]
14163,[99]
14164,[99]
14165,[99]
14166,[99]
14167,[99]
14168,[99]
14169,[99]
14170,[99]
14171,[99]
14172,[99]
14173,[99]
14174,[99]
14175,[99]
14176,[99]
14177,[99]
14178,[99]
14179,[99]
14180,[99]
14181,[99]
14182,[99]
14183,[99]
14184,[99]
14185,[99]
14186,[99]
14187,[99]
14188,[99]
14189,[99]
14190,[99]
14191,[99]
14192,[99]
14193,[99]
14194,[99]
14195,[99]
14196,[99]
14197,[99]
14198,[99]
14199,[99]
14200,[99]
14201,[99]
14202,[99]
14203,[99]
14204,[99]
14205,[99]
14206,[99]
14207,[99]
14208,[99]
14209,[99]
14210,[99]
14211,[99]
14212,[99]
14213,[99]
14214,[99]
14215,[99]
14216,[99]
14217,[99]
14218,[99]
14219,[99]
14220,[99]
14221,[99]
14222,[99]
14223,[99]
14224,[99]
14225,[99]
14226,[99]
14227,[99]
14228,[99]
14229,[99]
14230,[99]
14231,[99]
14232,[99]
14233,[99]
14234,[99]
14235,[99]
14236,[99]
14237,[99]
14238,[99]
14239,[99]
14240,[99]
14241,[99]
14242,[99]
14243,[99]
14244,[99]
14245,[99]
14246,[99]
14247,[99]
14248,[99]
14249,[99]
14250,[99]
14251,[99]
14252,[99]
14253,[99]
14254,[99]
14255,[99]
14256,[99]
14257,[99]
14258,[99]
14259,[99]
14260,[99]
14261,[99]
14262,[99]
14263,[99]
14264,[99]
14265,[99]
14266,[99]
14267,[99]
14268,[99]
14269,[99]
14270,[99]
14271,[99]
14272,[99]
14273,[99]
14274,[99]
14275,[99]
14276,[99]
14277,[99]
14278,[99]
14279,[99]
14280,[99]
14281,[99]
14282,[99]
14283,[99]
14284,[99]
14285,[99]
14286,[99]
14287,[99]
14288,[99]
14289,[99]
14290,[99]
14291,[99]
14292,[99]
14293,[99]
14294,[99]
14295,[99]
14296,[99]
14297,[99]
14298,[99]
14299,[99]
14300,[99]
14301,[99]
14302,[99]
14303,[99]
14304,[99]
14305,[99]
14306,[99]
14307,[99]
14308,[99]
14309,[99]
14310,[99]
14311,[99]
14312,[99]
14313,[99]
14314,[99]
14315,[99]
14316,[99]
14317,[99]
14318,[99]
14319,[99]
14320,[99]
14321,[99]
14322,[99]
14323,[99]
14324,[99]
14325,[99]
14326,[99]
14327,[99]
14328,[99]
14329,[99]
14330,[99]
14331,[99]
14332,[99]
14333,[99]
14334,[99]
14335,[99]
14336,[99]
14337,[99]
14338,[99]
14339,[99]
14340,[99]
14341,[99]
14342,[99]
14343,[99]
14344,[99]
14345,[99]
14346,[99]
14347,[99]
14348,[99]
14349,[99]
14350,[99]
14351,[99]
14352,[99]
14353,[100]
14354,[100]
14355,[100]
14356,[100]
14357,[100]
14358,[100]
14359,[100]
14360,[100]
14361,[100]
14362,[100]
14363,[100]
14364,[100]
14365,[100]
14366,[100]
14367,[100]
14368,[100]
14369,[100]
14370,[100]
14371,[100]
14372,[100]
14373,[100]
14374,[100]
14375,[100]
14376,[100]
14377,[100]
14378,[100]
14379,[100]
14380,[100]
14381,[100]
14382,[100]
14383,[100]
14384,[100]
14385,[100]
14386,[100]
14387,[100]
14388,[100]
14389,[100]
14390,[100]
14391,[100]
14392,[100]
14393,[100]
14394,[100]
14395,[100]
14396,[100]
14397,[100]
14398,[100]
14399,[100]
14400,[100]
14401,[100]
14402,[100]
14403,[64]
14404,[64]
14405,[64]
14406,[64]
14407,[64]
14408,[64]
14409,[64]
14410,[64]
14411,[100]
14412,[100]
14413,[100]
14414,[100]
14415,[100]
14416,[100]
14417,[100]
14418,[100]
14419,[100]
14420,[100]
14421,[100]
14422,[100]
14423,[100]
14424,[100]
14425,[100]
14426,[100]
14427,[100]
14428,[100]
14429,[100]
14430,[100]
14431,[100]
14432,[100]
14433,[100]
14434,[100]
14435,[100]
14436,[100]
14437,[100]
14438,[100]
14439,[100]
14440,[100]
14441,[100]
14442,[100]
14443,[100]
14444,[100]
14445,[100]
14446,[100]
14447,[100]
14448,[100]
14449,[100]
14450,[100]
14451,[100]
14452,[100]
14453,[100]
14454,[100]
14455,[100]
14456,[100]
14457,[100]
14458,[100]
14459,[100]
14460,[100]
14461,[100]
14462,[100]
14463,[100]
14464,[100]
14465,[100]
14466,[100]
14467,[100]
14468,[100]
14469,[100]
14470,[100]
14471,[100]
14472,[100]
14473,[100]
14474,[100]
14475,[100]
14476,[100]
14477,[100]
14478,[100]
14479,[100]
14480,[100]
14481,[100]
14482,[100]
14483,[100]
14484,[100]
14485,[100]
14486,[100]
14487,[100]
14488,[100]
14489,[100]
14490,[100]
14491,[100]
14492,[100]
14493,[100]
14494,[100]
14495,[100]
14496,[100]
14497,[100]
14498,[100]
14499,[100]
14500,[100]
14501,[100]
14502,[100]
14503,[100]
14504,[100]
14505,[100]
14506,[100]
14507,[100]
14508,[100]
14509,[100]
14510,[100]
14511,[100]
14512,[100]
14513,[100]
14514,[100]
14515,[100]
14516,[100]
14517,[100]
14518,[100]
14519,[100]
14520,[100]
14521,[100]
14522,[100]
14523,[100]
14524,[100]
14525,[100]
14526,[100]
14527,[100]
14528,[100]
14529,[100]
14530,[100]
14531,[100]
14532,[100]
14533,[100]
14534,[100]
14535,[100]
14536,[100]
14537,[100]
14538,[100]
14539,[100]
14540,[100]
14541,[100]
14542,[100]
14543,[100]
14544,[100]
14545,[100]
14546,[100]
14547,[100]
14548,[100]
14549,[100]
14550,[100]
14551,[64]
14552,[64]
14553,[64]
14554,[64]
14555,[64]
14556,[64]
14557,[64]
14558,[64]
14559,[64]
14560,[64]
14561,[100]
14562,[100]
14563,[100]
14564,[100]
14565,[100]
14566,[100]
14567,[100]
14568,[100]
14569,[100]
14570,[100]
14571,[100]
14572,[100]
14573,[100]
14574,[100]
14575,[100]
14576,[100]
14577,[100]
14578,[100]
14579,[100]
14580,[100]
14581,[100]
14582,[100]
14583,[100]
14584,[100]
14585,[100]
14586,[100]
14587,[100]
14588,[100]
14589,[100]
14590,[100]
14591,[100]
14592,[100]
14593,[100]
14594,[100]
14595,[100]
14596,[100]
14597,[100]
14598,[100]
14599,[100]
14600,[100]
14601,[100]
14602,[100]
14603,[100]
14604,[100]
14605,[100]
14606,[100]
14607,[100]
14608,[100]
14609,[100]
14610,[100]
14611,[100]
14612,[100]
14613,[100]
14614,[100]
14615,[100]
14616,[100]
14617,[100]
14618,[100]
14619,[100]
14620,[100]
14621,[100]
14622,[100]
14623,[100]
14624,[100]
14625,[100]
14626,[100]
14627,[100]
14628,[100]
14629,[100]
14630,[100]
14631,[100]
14632,[100]
14633,[100]
14634,[100]
14635,[100]
14636,[100]
14637,[100]
14638,[100]
14639,[100]
14640,[100]
14641,[100]
14642,[100]
14643,[100]
14644,[100]
14645,[100]
14646,[100]
14647,[100]
14648,[100]
14649,[100]
14650,[100]
14651,[100]
14652,[100]
14653,[100]
14654,[100]
14655,[100]
14656,[100]
14657,[100]
14658,[100]
14659,[100]
14660,[100]
14661,[49]
14662,[49]
14663,[49]
14664,[49]
14665,[49]
14666,[49]
14667,[49]
14668,[49]
14669,[49]
14670,[49]
14671,[49]
14672,[49]
14673,[49]
14674,[49]
14675,[49]
14676,[49]
14677,[49]
14678,[49]
14679,[49]
14680,[49]
14681,[49]
14682,[49]
14683,[49]
14684,[49]
14685,[49]
14686,[49]
14687,[49]
14688,[49]
14689,[49]
14690,[49]
14691,[49]
14692,[49]
14693,[49]
14694,[49]
14695,[49]
14696,[49]
14697,[49]
14698,[49]
14699,[49]
14700,[49]
14701,"[4, 65]"
14702,"[7, 15]"
14703,"[7, 15]"
14704,"[7, 15]"
14705,"[7, 15]"
14706,"[7, 15]"
14707,"[7, 15]"
14708,"[7, 15]"
14709,"[7, 15]"
14710,"[7, 15]"
14711,"[7, 15]"
14712,[15]
14713,[15]
14714,[15]
14715,[15]
14716,[15]
14717,[15]
14718,[15]
14719,[15]
14720,[15]
14721,[15]
14722,[15]
14723,[15]
14724,[15]
14725,[15]
14726,[15]
14727,[15]
14728,[15]
14729,[15]
14730,[15]
14731,[15]
14732,[15]
14733,[15]
14734,[15]
14735,[15]
14736,[15]
14737,[15]
14738,[15]
14739,[15]
14740,[15]
14741,[15]
14742,[15]
14743,[15]
14744,[15]
14745,[15]
14746,[15]
14747,[15]
14748,[15]
14749,[14]
14750,[14]
14751,[14]
14752,[14]
14753,[14]
14754,[14]
14755,[14]
14756,[14]
14757,[14]
14758,[14]
14759,"[13, 14]"
14760,"[13, 14]"
14761,"[13, 14]"
14762,"[13, 14]"
14763,"[13, 14]"
14764,"[13, 14]"
14765,"[13, 14]"
14766,"[13, 14]"
14767,"[13, 14]"
14768,"[13, 14]"
14769,[14]
14770,[14]
14771,[14]
14772,[14]
14773,[14]
14774,[14]
14775,[14]
14776,[14]
14777,[14]
14778,"[13, 14]"
14779,"[13, 14]"
14780,"[13, 14]"
14781,"[13, 14]"
14782,"[13, 14]"
14783,"[13, 14]"
14784,"[13, 14]"
14785,"[13, 14]"
14786,"[13, 14]"
14787,"[13, 14]"
14788,[119]
14789,[119]
14790,[119]
14791,[119]
14792,[119]
14793,[119]
14794,[119]
14795,[119]
14796,[119]
14797,[119]
14798,[119]
14799,[119]
14800,[119]
14801,[119]
14802,[119]
14803,[119]
14804,[119]
14805,[119]
14806,[119]
14807,[119]
14808,[119]
14809,[119]
14810,[119]
14811,[119]
14812,[119]
14813,[119]
14814,[119]
14815,[119]
14816,[119]
14817,[119]
14818,[119]
14819,[119]
14820,[119]
14821,[119]
14822,[119]
14823,[119]
14824,[119]
14825,[119]
14826,[119]
14827,[119]
14828,[119]
14829,[119]
14830,[119]
14831,[119]
14832,[119]
14833,[119]
14834,[119]
14835,[119]
14836,[119]
14837,[119]
14838,[119]
14839,[119]
14840,[119]
14841,[119]
14842,[119]
14843,[119]
14844,[119]
14845,[119]
14846,[119]
14847,[119]
14848,[119]
14849,[119]
14850,[119]
14851,[119]
14852,[119]
14853,[119]
14854,[119]
14855,[119]
14856,[119]
14857,[119]
14858,[119]
14859,[119]
14860,[119]
14861,[119]
14862,[119]
14863,[119]
14864,[119]
14865,[119]
14866,[119]
14867,[119]
14868,[119]
14869,[119]
14870,[119]
14871,[119]
14872,[119]
14873,[119]
14874,[119]
14875,[119]
14876,[119]
14877,[119]
14878,[119]
14879,[119]
14880,[119]
14881,[119]
14882,[119]
14883,[119]
14884,[119]
14885,[119]
14886,[119]
14887,[119]
14888,[119]
14889,[119]
14890,[119]
14891,[119]
14892,[119]
14893,[119]
14894,[119]
14895,[119]
14896,[119]
14897,[119]
14898,[119]
14899,[119]
14900,[119]
14901,[119]
14902,[119]
14903,[119]
14904,[119]
14905,[119]
14906,[119]
14907,[119]
14908,[119]
14909,[119]
14910,[119]
14911,[119]
14912,[119]
14913,[119]
14914,[119]
14915,[119]
14916,[119]
14917,[119]
14918,[119]
14919,[119]
14920,[119]
14921,[119]
14922,[119]
14923,[119]
14924,[119]
14925,[119]
14926,[119]
14927,[119]
14928,[119]
14929,[119]
14930,[119]
14931,[119]
14932,[119]
14933,[119]
14934,[119]
14935,[119]
14936,[119]
14937,[119]
14938,[119]
14939,[119]
14940,[119]
14941,[119]
14942,[119]
14943,[119]
14944,[119]
14945,[119]
14946,[119]
14947,[119]
14948,[119]
14949,[119]
14950,[119]
14951,[119]
14952,[119]
14953,[119]
14954,[119]
14955,[119]
14956,[119]
14957,[119]
14958,[119]
14959,[119]
14960,[119]
14961,[119]
14962,[119]
14963,[119]
14964,[119]
14965,[119]
14966,[119]
14967,[119]
14968,[119]
14969,[119]
14970,[119]
14971,[119]
14972,[119]
14973,[119]
14974,[119]
14975,[119]
14976,[119]
14977,[119]
14978,[119]
14979,[119]
14980,[119]
14981,[119]
14982,[119]
14983,[119]
14984,[119]
14985,[119]
14986,[119]
14987,[119]
14988,[119]
14989,[119]
14990,[119]
14991,[119]
14992,[119]
14993,[119]
14994,[119]
14995,[119]
14996,[119]
14997,[119]
14998,[119]
14999,[119]
15000,[119]
15001,[119]
15002,[119]
15003,[119]
15004,[119]
15005,[119]
15006,[119]
15007,[119]
15008,[119]
15009,[119]
15010,[119]
15011,[119]
15012,[119]
15013,[119]
15014,[119]
15015,[119]
15016,[119]
15017,[119]
15018,[119]
15019,[119]
15020,[119]
15021,[119]
15022,[119]
15023,[119]
15024,[119]
15025,[119]
15026,[119]
15027,[119]
15028,[119]
15029,[119]
15030,[119]
15031,[119]
15032,[119]
15033,[119]
15034,[119]
15035,[119]
15036,[119]
15037,[119]
15038,[119]
15039,[119]
15040,[119]
15041,[119]
15042,[119]
15043,[119]
15044,[119]
15045,[119]
15046,[119]
15047,[119]
15048,[119]
15049,[119]
15050,[119]
15051,[119]
15052,[119]
15053,[119]
15054,[119]
15055,[119]
15056,[119]
15057,[119]
15058,[119]
15059,[119]
15060,[119]
15061,[119]
15062,[119]
15063,[119]
15064,[119]
15065,[119]
15066,[119]
15067,[119]
15068,[119]
15069,[119]
15070,[117]
15071,[117]
15072,[117]
15073,[117]
15074,[117]
15075,[117]
15076,[117]
15077,[117]
15078,[117]
15079,[117]
15080,[117]
15081,[117]
15082,[117]
15083,[117]
15084,[117]
15085,[117]
15086,[117]
15087,[117]
15088,[117]
15089,[117]
15090,[117]
15091,[117]
15092,[117]
15093,[117]
15094,[117]
15095,[117]
15096,[117]
15097,[117]
15098,[117]
15099,[117]
15100,[117]
15101,[117]
15102,[117]
15103,[117]
15104,[15]
15105,[15]
15106,[15]
15107,[15]
15108,[15]
15109,[15]
15110,[15]
15111,[15]
15112,[15]
15113,[15]
15114,[15]
15115,[15]
15116,[15]
15117,[15]
15118,[15]
15119,[15]
15120,[15]
15121,[15]
15122,[15]
15123,[15]
15124,[15]
15125,[15]
15126,[15]
15127,[15]
15128,[15]
15129,[15]
15130,[15]
15131,[15]
15132,[15]
15133,[15]
15134,[15]
15135,[15]
15136,[15]
15137,[15]
15138,[15]
15139,[15]
15140,[15]
15141,[15]
15142,[15]
15143,[15]
15144,[15]
15145,[15]
15146,[15]
15147,[15]
15148,[15]
15149,[15]
15150,[15]
15151,[15]
15152,[15]
15153,[15]
15154,[15]
15155,[15]
15156,[15]
15157,[15]
15158,[15]
15159,[15]
15160,[15]
15161,[15]
15162,[15]
15163,[15]
15164,[15]
15165,[15]
15166,[15]
15167,[15]
15168,[15]
15169,[15]
15170,[15]
15171,[15]
15172,[15]
15173,[15]
15174,[15]
15175,[15]
15176,[15]
15177,[15]
15178,[15]
15179,[15]
15180,[15]
15181,[15]
15182,[15]
15183,[15]
15184,[15]
15185,[15]
15186,[15]
15187,[15]
15188,[15]
15189,[15]
15190,[15]
15191,[15]
15192,[15]
15193,[15]
15194,[15]
15195,[15]
15196,[15]
15197,[15]
15198,[15]
15199,[15]
15200,[15]
15201,[15]
15202,[15]
15203,[15]
15204,[15]
15205,[15]
15206,[15]
15207,[15]
15208,[15]
15209,[15]
15210,[15]
15211,[15]
15212,[15]
15213,[15]
15214,[15]
15215,[15]
15216,[15]
15217,[15]
15218,[56]
15219,[56]
15220,[56]
15221,[56]
15222,[56]
15223,[56]
15224,[56]
15225,[56]
15226,[56]
15227,[56]
15228,[56]
15229,[56]
15230,[56]
15231,[56]
15232,[56]
15233,[56]
15234,[56]
15235,[56]
15236,[56]
15237,[56]
15238,[56]
15239,[56]
15240,[56]
15241,[56]
15242,[56]
15243,[56]
15244,[56]
15245,[56]
15246,[56]
15247,[56]
15248,[56]
15249,[56]
15250,[56]
15251,[56]
15252,[56]
15253,[56]
15254,[56]
15255,[56]
15256,[56]
15257,[56]
15258,[15]
15259,[15]
15260,[15]
15261,[15]
15262,[15]
15263,[15]
15264,[15]
15265,[15]
15266,[15]
15267,[15]
15268,[15]
15269,[15]
15270,[15]
15271,[15]
15272,[15]
15273,[15]
15274,[15]
15275,[15]
15276,[15]
15277,[15]
15278,[15]
15279,[15]
15280,[15]
15281,[15]
15282,[15]
15283,[15]
15284,[15]
15285,[15]
15286,[15]
15287,[15]
15288,"[7, 15]"
15289,"[7, 15]"
15290,"[7, 15]"
15291,"[7, 15]"
15292,"[7, 15]"
15293,"[7, 15]"
15294,"[7, 15]"
15295,"[7, 15]"
15296,"[7, 15]"
15297,"[7, 15]"
15298,[54]
15299,[54]
15300,[54]
15301,[54]
15302,[54]
15303,[54]
15304,[54]
15305,[54]
15306,[54]
15307,[54]
15308,[54]
15309,[54]
15310,[54]
15311,[54]
15312,[102]
15313,[102]
15314,[102]
15315,[102]
15316,[102]
15317,[102]
15318,[102]
15319,[102]
15320,[102]
15321,[102]
15322,[102]
15323,[102]
15324,[106]
15325,[106]
15326,[106]
15327,[106]
15328,[106]
15329,[106]
15330,[106]
15331,[106]
15332,[106]
15333,[106]
15334,[106]
15335,[106]
15336,[106]
15337,[106]
15338,[106]
15339,[106]
15340,[106]
15341,"[72, 73, 74, 78]"
15342,"[72, 73, 74, 78]"
15343,"[72, 73, 74, 78]"
15344,"[72, 73, 74, 78]"
15345,[23]
15346,[115]
15347,[115]
15348,[115]
15349,[115]
15350,[115]
15351,[115]
15352,[115]
15353,[115]
15354,[115]
15355,[115]
15356,[115]
15357,[115]
15358,[115]
15359,[115]
15360,[115]
15361,[115]
15362,[115]
15363,[115]
15364,[115]
15365,[115]
15366,[115]
15367,[115]
15368,[115]
15369,[115]
15370,[115]
15371,[115]
15372,[115]
15373,[115]
15374,[115]
15375,[115]
15376,[115]
15377,[115]
15378,[115]
15379,[115]
15380,[115]
15381,[115]
15382,[115]
15383,[115]
15384,[115]
15385,[115]
15386,[115]
15387,[115]
15388,[115]
15389,[115]
15390,[115]
15391,[115]
15392,[115]
15393,[115]
15394,[115]
15395,[115]
15396,[115]
15397,[115]
15398,[115]
15399,[123]
15400,[123]
15401,[123]
15402,[123]
15403,[123]
15404,[123]
15405,[123]
15406,[123]
15407,[123]
15408,[123]
15409,[123]
15410,[123]
15411,[123]
15412,[123]
15413,[123]
15414,[123]
15415,[123]
15416,[123]
15417,[123]
15418,[123]
15419,[123]
15420,[123]
15421,[123]
15422,[123]
15423,[123]
15424,[123]
15425,[123]
15426,[123]
15427,[123]
15428,[123]
15429,[123]
15430,[123]
15431,[123]
15432,[123]
15433,[123]
15434,[123]
15435,[123]
15436,[123]
15437,[123]
15438,[123]
15439,[115]
15440,[123]
15441,[115]
15442,[115]
15443,[115]
15444,[123]
15445,[123]
15446,[123]
15447,[115]
15448,[123]
15449,[115]
15450,[123]
15451,[115]
15452,[123]
15453,[115]
15454,[115]
15455,[123]
15456,[115]
15457,[123]
15458,[123]
15459,[123]
15460,[115]
15461,[123]
15462,[115]
15463,[123]
15464,[115]
15465,[115]
15466,[115]
15467,[123]
15468,[115]
15469,[123]
15470,[123]
15471,[123]
15472,[115]
15473,[123]
15474,[115]
15475,[123]
15476,[115]
15477,[123]
15478,[115]
15479,[53]
15480,[53]
15481,[53]
15482,[53]
15483,[53]
15484,[53]
15485,[53]
15486,[53]
15487,[53]
15488,[53]
15489,[53]
15490,[53]
15491,[53]
15492,[53]
15493,[53]
15494,[53]
15495,[53]
15496,[53]
15497,[53]
15498,[53]
15499,[53]
15500,[53]
15501,[53]
15502,[53]
15503,[53]
15504,[53]
15505,[53]
15506,[53]
15507,[53]
15508,[53]
15509,[109]
15510,[109]
15511,[109]
15512,[109]
15513,[109]
15514,[109]
15515,[109]
15516,[109]
15517,[109]
15518,[109]
15519,[109]
15520,[109]
15521,[109]
15522,[109]
15523,[109]
15524,[109]
15525,[109]
15526,[109]
15527,[109]
15528,[109]
15529,[109]
15530,[109]
15531,[109]
15532,[109]
15533,[109]
15534,[109]
15535,[109]
15536,[109]
15537,[109]
15538,[109]
15539,[109]
15540,[109]
15541,[109]
15542,[109]
15543,[109]
15544,[109]
15545,[109]
15546,[109]
15547,[109]
15548,[109]
15549,[109]
15550,[109]
15551,[109]
15552,[109]
15553,[109]
15554,[109]
15555,[109]
15556,[109]
15557,[109]
15558,[109]
15559,[109]
15560,[109]
15561,[109]
15562,[113]
15563,[113]
15564,[113]
15565,[113]
15566,[113]
15567,[113]
15568,[113]
15569,[113]
15570,[113]
15571,[113]
15572,[113]
15573,[113]
15574,[113]
15575,[113]
15576,[113]
15577,[113]
15578,[113]
15579,[113]
15580,[113]
15581,[113]
15582,[113]
15583,[113]
15584,[113]
15585,[113]
15586,[113]
15587,[113]
15588,[113]
15589,[113]
15590,[113]
15591,[113]
15592,[113]
15593,[113]
15594,[113]
15595,[113]
15596,[113]
15597,[113]
15598,[113]
15599,[113]
15600,[113]
15601,[113]
15602,[113]
15603,[113]
15604,[113]
15605,[113]
15606,[113]
15607,[113]
15608,[113]
15609,[113]
15610,[5]
15611,[5]
15612,[5]
15613,[5]
15614,[5]
15615,[5]
15616,[5]
15617,[5]
15618,[5]
15619,[5]
15620,[5]
15621,[5]
15622,[5]
15623,[5]
15624,[5]
15625,[5]
15626,[5]
15627,[5]
15628,[5]
15629,[5]
15630,[5]
15631,[5]
15632,[5]
15633,[5]
15634,[5]
15635,[5]
15636,[5]
15637,[5]
15638,[5]
15639,[5]
15640,[5]
15641,[5]
15642,[5]
15643,[5]
15644,[5]
15645,[5]
15646,[5]
15647,[5]
15648,[5]
15649,[5]
15650,"[6, 10]"
15651,"[6, 10]"
15652,"[6, 10]"
15653,"[6, 10]"
15654,"[6, 10]"
15655,"[6, 10]"
15656,"[6, 10]"
15657,"[6, 10]"
15658,"[6, 10]"
15659,"[6, 10]"
15660,"[6, 12]"
15661,"[6, 12]"
15662,"[6, 12]"
15663,"[6, 12]"
15664,"[6, 12]"
15665,"[6, 12]"
15666,"[6, 12]"
15667,"[6, 12]"
15668,"[6, 12]"
15669,"[6, 12]"
15670,"[6, 11]"
15671,"[6, 11]"
15672,"[6, 11]"
15673,"[6, 11]"
15674,"[6, 11]"
15675,"[6, 11]"
15676,"[6, 11]"
15677,"[6, 11]"
15678,"[6, 11]"
15679,"[6, 11]"
15680,"[6, 9]"
15681,"[6, 9]"
15682,"[6, 9]"
15683,"[6, 9]"
15684,"[6, 9]"
15685,"[6, 9]"
15686,"[6, 9]"
15687,"[6, 9]"
15688,"[6, 9]"
15689,"[6, 9]"
15690,"[1, 12]"
15691,"[1, 12]"
15692,"[1, 12]"
15693,"[1, 12]"
15694,"[1, 12]"
15695,"[1, 12]"
15696,"[1, 12]"
15697,"[1, 12]"
15698,"[1, 12]"
15699,"[1, 12]"
15700,"[1, 12]"
15701,"[1, 12]"
15702,"[1, 12]"
15703,"[1, 12]"
15704,[1]
15705,[1]
15706,[1]
15707,[1]
15708,[1]
15709,[1]
15710,[1]
15711,[1]
15712,[1]
15713,[1]
15714,[1]
15715,[1]
15716,[1]
15717,[1]
15718,[1]
15719,[1]
15720,[1]
15721,[1]
15722,[1]
15723,[1]
15724,[1]
15725,[1]
15726,[1]
15727,[1]
15728,[1]
15729,[1]
15730,[1]
15731,[1]
15732,[16]
15733,[16]
15734,[16]
15735,[16]
15736,[16]
15737,[16]
15738,[16]
15739,[16]
15740,[16]
15741,[14]
15742,[14]
15743,[14]
15744,[14]
15745,[14]
15746,[14]
15747,[14]
15748,[14]
15749,[14]
15750,[14]
15751,[14]
15752,[14]
15753,[14]
15754,[14]
15755,[14]
15756,[14]
15757,[14]
15758,[14]
15759,[14]
15760,[14]
15761,[14]
15762,[14]
15763,[14]
15764,[14]
15765,[14]
15766,[14]
15767,[14]
15768,[14]
15769,[14]
15770,[14]
15771,[14]
15772,[14]
15773,[14]
15774,[14]
15775,[14]
15776,[14]
15777,[14]
15778,[14]
15779,[13]
15780,[13]
15781,[13]
15782,[13]
15783,[13]
15784,[13]
15785,[13]
15786,[13]
15787,[13]
15788,[13]
15789,[13]
15790,[13]
15791,[13]
15792,[13]
15793,[14]
15794,[14]
15795,[14]
15796,[14]
15797,[14]
15798,[14]
15799,[14]
15800,[14]
15801,[14]
15802,[14]
15803,[14]
15804,[14]
15805,[14]
15806,[14]
15807,[14]
15808,[14]
15809,[14]
15810,[14]
15811,[14]
15812,[14]
15813,[14]
15814,[14]
15815,[14]
15816,[14]
15817,[14]
15818,[14]
15819,[14]
15820,[14]
15821,[14]
15822,[14]
15823,[14]
15824,[14]
15825,[14]
15826,[14]
15827,[14]
15828,[14]
15829,[14]
15830,[14]
15831,[14]
15832,[14]
15833,[14]
15834,[14]
15835,[14]
15836,[14]
15837,[14]
15838,[14]
15839,[14]
15840,[14]
15841,[14]
15842,[14]
15843,[14]
15844,[14]
15845,[14]
15846,[14]
15847,[14]
15848,[14]
15849,[14]
15850,[14]
15851,[14]
15852,[14]
15853,[14]
15854,[14]
15855,[14]
15856,[14]
15857,"[13, 14]"
15858,"[13, 14]"
15859,"[13, 14]"
15860,"[13, 14]"
15861,"[13, 14]"
15862,"[13, 14]"
15863,"[13, 14]"
15864,"[13, 14]"
15865,"[13, 14]"
15866,"[13, 14]"
15867,"[13, 14]"
15868,[14]
15869,[14]
15870,[14]
15871,[14]
15872,[14]
15873,[14]
15874,[14]
15875,[19]
15876,[19]
15877,[19]
15878,[19]
15879,[19]
15880,[19]
15881,[19]
15882,[19]
15883,[19]
15884,[19]
15885,[19]
15886,[19]
15887,[19]
15888,[19]
15889,[19]
15890,[19]
15891,[19]
15892,[19]
15893,[19]
15894,[19]
15895,[19]
15896,[19]
15897,[19]
15898,[19]
15899,[19]
15900,[19]
15901,[101]
15902,[101]
15903,[101]
15904,[101]
15905,[101]
15906,[101]
15907,[101]
15908,[101]
15909,[101]
15910,[101]
15911,[101]
15912,[101]
15913,[101]
15914,[101]
15915,[101]
15916,[101]
15917,[101]
15918,[101]
15919,[101]
15920,[101]
15921,[101]
15922,[101]
15923,[101]
15924,[101]
15925,[101]
15926,[101]
15927,[101]
15928,[101]
15929,[101]
15930,[101]
15931,[101]
15932,[101]
15933,[101]
15934,[101]
15935,[101]
15936,[101]
15937,[101]
15938,[101]
15939,[101]
15940,[101]
15941,[101]
15942,[101]
15943,[101]
15944,[101]
15945,[101]
15946,[101]
15947,[101]
15948,[101]
15949,[101]
15950,[101]
15951,[101]
15952,[101]
15953,[101]
15954,[101]
15955,[101]
15956,[101]
15957,[101]
15958,[101]
15959,[101]
15960,[101]
15961,[101]
15962,[101]
15963,[101]
15964,[101]
15965,[101]
15966,[101]
15967,[101]
15968,[101]
15969,[101]
15970,[101]
15971,[101]
15972,[101]
15973,[101]
15974,[101]
15975,[101]
15976,[101]
15977,[101]
15978,[101]
15979,[101]
15980,[101]
15981,[101]
15982,[101]
15983,[101]
15984,[101]
15985,[101]
15986,[101]
15987,[101]
15988,[101]
15989,[101]
15990,[101]
15991,[21]
15992,[21]
15993,[21]
15994,[21]
15995,[21]
15996,[21]
15997,[21]
15998,[20]
15999,[20]
16000,[20]
16001,[20]
16002,[20]
16003,[20]
16004,[20]
16005,[20]
16006,[20]
16007,[20]
16008,[20]
16009,[20]
16010,[20]
16011,[20]
16012,[20]
16013,[20]
16014,[20]
16015,[20]
16016,[20]
16017,[20]
16018,[20]
16019,[20]
16020,[20]
16021,[20]
16022,[20]
16023,[20]
16024,[20]
16025,[20]
16026,[20]
16027,[20]
16028,[20]
16029,[20]
16030,[20]
16031,[20]
16032,[20]
16033,[20]
16034,[20]
16035,[20]
16036,[20]
16037,[20]
16038,[20]
16039,[20]
16040,[20]
16041,[20]
16042,[20]
16043,[20]
16044,[20]
16045,[20]
16046,[20]
16047,[20]
16048,[20]
16049,[20]
16050,[20]
16051,[20]
16052,[20]
16053,[20]
16054,[20]
16055,[20]
16056,[20]
16057,[20]
16058,[20]
16059,[20]
16060,[20]
16061,[20]
16062,[20]
16063,[20]
16064,[20]
16065,[20]
16066,[81]
16067,[81]
16068,[81]
16069,[81]
16070,[81]
16071,[81]
16072,[81]
16073,[81]
16074,[81]
16075,[81]
16076,[81]
16077,[81]
16078,[81]
16079,[81]
16080,[81]
16081,[81]
16082,[81]
16083,[81]
16084,[81]
16085,[81]
16086,[81]
16087,[81]
16088,[81]
16089,[81]
16090,[81]
16091,[81]
16092,[81]
16093,[81]
16094,[81]
16095,[81]
16096,[83]
16097,[83]
16098,[83]
16099,[83]
16100,[83]
16101,[83]
16102,[83]
16103,[83]
16104,[83]
16105,[83]
16106,[83]
16107,[83]
16108,[83]
16109,[83]
16110,[83]
16111,[83]
16112,[83]
16113,[83]
16114,[83]
16115,[83]
16116,[83]
16117,[83]
16118,[83]
16119,[83]
16120,[83]
16121,[83]
16122,[83]
16123,[83]
16124,[83]
16125,[83]
16126,[83]
16127,[83]
16128,[83]
16129,[83]
16130,[83]
16131,[83]
16132,[83]
16133,[83]
16134,[83]
16135,[83]
16136,[83]
16137,[83]
16138,[83]
16139,[83]
16140,[83]
16141,[83]
16142,[83]
16143,[83]
16144,[83]
16145,[83]
16146,[83]
16147,[83]
16148,[83]
16149,[83]
16150,[83]
16151,[83]
16152,[83]
16153,[83]
16154,[83]
16155,[83]
16156,[79]
16157,[79]
16158,[79]
16159,[79]
16160,[79]
16161,[79]
16162,[79]
16163,[79]
16164,[79]
16165,[79]
16166,[79]
16167,[79]
16168,[79]
16169,[79]
16170,[79]
16171,[79]
16172,[79]
16173,[79]
16174,[79]
16175,[79]
16176,[79]
16177,[79]
16178,[79]
16179,[79]
16180,[79]
16181,[79]
16182,[79]
16183,[79]
16184,[79]
16185,[79]
16186,[79]
16187,[79]
16188,[79]
16189,[79]
16190,[79]
16191,[79]
16192,[79]
16193,[79]
16194,[79]
16195,[79]
16196,[79]
16197,[79]
16198,[79]
16199,[79]
16200,[79]
16201,[79]
16202,[79]
16203,[79]
16204,[79]
16205,[79]
16206,[79]
16207,[79]
16208,[79]
16209,[79]
16210,[79]
16211,[79]
16212,[79]
16213,[79]
16214,[79]
16215,[79]
16216,[79]
16217,[79]
16218,[79]
16219,[79]
16220,[79]
16221,[79]
16222,[79]
16223,[79]
16224,[79]
16225,[79]
16226,[79]
16227,[79]
16228,[79]
16229,[79]
16230,[79]
16231,[79]
16232,[79]
16233,[79]
16234,[79]
16235,[79]
16236,[79]
16237,[79]
16238,[79]
16239,[79]
16240,[79]
16241,[79]
16242,[79]
16243,[79]
16244,[79]
16245,[79]
16246,[79]
16247,[79]
16248,[79]
16249,[79]
16250,[79]
16251,[79]
16252,[79]
16253,[79]
16254,[39]
16255,[39]
16256,[39]
16257,[39]
16258,[39]
16259,[39]
16260,[39]
16261,[39]
16262,[39]
16263,[39]
16264,[39]
16265,[39]
16266,[39]
16267,[39]
16268,[39]
16269,[39]
16270,[39]
16271,[39]
16272,[39]
16273,[39]
16274,[39]
16275,[39]
16276,[39]
16277,[39]
16278,[39]
16279,[39]
16280,[39]
16281,[39]
16282,[39]
16283,[39]
16284,[39]
16285,[39]
16286,[39]
16287,[39]
16288,[39]
16289,[39]
16290,[39]
16291,[39]
16292,[39]
16293,[39]
16294,[39]
16295,[39]
16296,[39]
16297,[39]
16298,[39]
16299,[39]
16300,[39]
16301,[39]
16302,[39]
16303,[39]
16304,[39]
16305,[39]
16306,[39]
16307,[39]
16308,[39]
16309,[39]
16310,[39]
16311,[39]
16312,[39]
16313,[39]
16314,[39]
16315,[39]
16316,[39]
16317,[39]
16318,[39]
16319,[39]
16320,[39]
16321,[39]
16322,[39]
16323,[39]
16324,[39]
16325,[39]
16326,[39]
16327,[39]
16328,[39]
16329,[39]
16330,[39]
16331,[39]
16332,[39]
16333,[39]
16334,[39]
16335,[39]
16336,[39]
16337,[39]
16338,[39]
16339,[39]
16340,[39]
16341,[39]
16342,[39]
16343,[39]
16344,[39]
16345,[39]
16346,[39]
16347,[39]
16348,[39]
16349,[39]
16350,[39]
16351,[39]
16352,[39]
16353,[43]
16354,[43]
16355,[43]
16356,[43]
16357,[43]
16358,[43]
16359,[43]
16360,[43]
16361,[43]
16362,[43]
16363,[43]
16364,[43]
16365,[43]
16366,[43]
16367,[43]
16368,[43]
16369,[43]
16370,[43]
16371,[43]
16372,[43]
16373,[43]
16374,[43]
16375,[43]
16376,[43]
16377,[43]
16378,[43]
16379,[43]
16380,[43]
16381,[43]
16382,[43]
16383,[43]
16384,[43]
16385,[43]
16386,[43]
16387,[43]
16388,[43]
16389,[43]
16390,[43]
16391,[43]
16392,[43]
16393,[43]
16394,[43]
16395,[43]
16396,[43]
16397,[43]
16398,[43]
16399,[43]
16400,[43]
16401,[43]
16402,[43]
16403,[43]
16404,[43]
16405,[43]
16406,[43]
16407,[43]
16408,[43]
16409,[43]
16410,[43]
16411,[43]
16412,[43]
16413,[43]
16414,[43]
16415,[43]
16416,[43]
16417,[43]
16418,[43]
16419,[43]
16420,[43]
16421,[43]
16422,[43]
16423,[43]
16424,[43]
16425,[43]
16426,[43]
16427,[43]
16428,[43]
16429,[43]
16430,[43]
16431,[43]
16432,[43]
16433,[43]
16434,[43]
16435,[43]
16436,[43]
16437,[43]
16438,[43]
16439,[43]
16440,[43]
16441,[43]
16442,[43]
16443,[50]
16444,[50]
16445,[50]
16446,[50]
16447,[50]
16448,[50]
16449,[50]
16450,[50]
16451,[50]
16452,[50]
16453,[50]
16454,[50]
16455,[50]
16456,[50]
16457,[50]
16458,[50]
16459,[50]
16460,[50]
16461,[50]
16462,[50]
16463,[50]
16464,[50]
16465,[50]
16466,[50]
16467,[50]
16468,[50]
16469,[50]
16470,[50]
16471,[50]
16472,[50]
16473,[50]
16474,[50]
16475,[50]
16476,[50]
16477,[50]
16478,[50]
16479,[50]
16480,[50]
16481,[50]
16482,[50]
16483,[50]
16484,[50]
16485,[50]
16486,[50]
16487,[50]
16488,[50]
16489,[50]
16490,[50]
16491,[50]
16492,[50]
16493,[50]
16494,[50]
16495,[50]
16496,[50]
16497,[50]
16498,[50]
16499,[50]
16500,[50]
16501,[50]
16502,[50]
16503,[49]
16504,[49]
16505,[49]
16506,[49]
16507,[49]
16508,[49]
16509,[49]
16510,[49]
16511,[49]
16512,[49]
16513,[49]
16514,[49]
16515,[49]
16516,[49]
16517,[49]
16518,[49]
16519,[49]
16520,[49]
16521,[49]
16522,[49]
16523,[49]
16524,[49]
16525,[49]
16526,[49]
16527,[49]
16528,[49]
16529,[49]
16530,[49]
16531,[49]
16532,[49]
16533,[49]
16534,[49]
16535,[49]
16536,[49]
16537,[49]
16538,[49]
16539,[49]
16540,[49]
16541,[49]
16542,[49]
16543,[49]
16544,[49]
16545,[49]
16546,[49]
16547,[49]
16548,[49]
16549,[49]
16550,[49]
16551,[49]
16552,[49]
16553,[49]
16554,[49]
16555,[49]
16556,[49]
16557,[49]
16558,[49]
16559,[49]
16560,[49]
16561,[49]
16562,[49]
16563,"[2, 45]"
16564,"[2, 45]"
16565,"[2, 45]"
16566,"[2, 45]"
16567,"[2, 45]"
16568,"[2, 45]"
16569,"[2, 45]"
16570,"[2, 45]"
16571,"[2, 45]"
16572,"[2, 45]"
16573,"[2, 45]"
16574,"[2, 45]"
16575,"[2, 45]"
16576,"[2, 45]"
16577,"[2, 45]"
16578,"[2, 45]"
16579,"[2, 45]"
16580,"[2, 45]"
16581,"[2, 45]"
16582,"[2, 45]"
16583,"[2, 45]"
16584,"[2, 45]"
16585,"[2, 45]"
16586,"[2, 45]"
16587,"[2, 45]"
16588,"[2, 45]"
16589,"[2, 45]"
16590,"[2, 45]"
16591,"[2, 45]"
16592,"[2, 45]"
16593,"[2, 45]"
16594,"[2, 45]"
16595,"[2, 45]"
16596,"[2, 45]"
16597,"[2, 45]"
16598,"[2, 45]"
16599,"[2, 45]"
16600,"[2, 45]"
16601,"[2, 45]"
16602,[45]
16603,[45]
16604,[45]
16605,[45]
16606,[45]
16607,[45]
16608,[45]
16609,[45]
16610,[45]
16611,[45]
16612,[45]
16613,[45]
16614,[45]
16615,[45]
16616,[45]
16617,[45]
16618,[45]
16619,[45]
16620,[45]
16621,[45]
16622,[45]
16623,[45]
16624,[45]
16625,[45]
16626,[45]
16627,[45]
16628,[45]
16629,[45]
16630,[45]
16631,[45]
16632,[45]
16633,[45]
16634,[45]
16635,[45]
16636,[45]
16637,[45]
16638,[45]
16639,[45]
16640,[45]
16641,[45]
16642,[49]
16643,[49]
16644,[49]
16645,[49]
16646,[49]
16647,[49]
16648,[49]
16649,[49]
16650,[49]
16651,[49]
16652,[49]
16653,[49]
16654,[49]
16655,[49]
16656,[49]
16657,[49]
16658,[49]
16659,[49]
16660,[49]
16661,[49]
16662,[49]
16663,[49]
16664,[49]
16665,[49]
16666,[49]
16667,[49]
16668,[49]
16669,[49]
16670,[49]
16671,[49]
16672,[49]
16673,[49]
16674,[49]
16675,[49]
16676,[49]
16677,[49]
16678,[49]
16679,[49]
16680,[49]
16681,[49]
16682,[31]
16683,[31]
16684,[31]
16685,[31]
16686,[31]
16687,[31]
16688,[31]
16689,[31]
16690,[31]
16691,[31]
16692,[31]
16693,[31]
16694,[31]
16695,[31]
16696,[31]
16697,[31]
16698,[31]
16699,[31]
16700,[31]
16701,[31]
16702,[31]
16703,[31]
16704,[31]
16705,[31]
16706,[31]
16707,[31]
16708,[31]
16709,[31]
16710,[31]
16711,[31]
16712,[31]
16713,[31]
16714,[31]
16715,[31]
16716,[31]
16717,[31]
16718,[31]
16719,[31]
16720,[31]
16721,[31]
16722,[31]
16723,[31]
16724,[31]
16725,[31]
16726,[31]
16727,[31]
16728,[31]
16729,[31]
16730,[31]
16731,[31]
16732,[31]
16733,[31]
16734,[31]
16735,[31]
16736,[31]
16737,[31]
16738,[31]
16739,[31]
16740,[31]
16741,[31]
16742,[31]
16743,[31]
16744,[31]
16745,[31]
16746,[31]
16747,[31]
16748,[31]
16749,[31]
16750,[31]
16751,[31]
16752,[31]
16753,[31]
16754,[31]
16755,[31]
16756,[31]
16757,[31]
16758,[31]
16759,[31]
16760,[31]
16761,[31]
16762,[31]
16763,[31]
16764,[31]
16765,[31]
16766,[31]
16767,[31]
16768,[31]
16769,[31]
16770,[31]
16771,[31]
16772,[31]
16773,[31]
16774,[31]
16775,[31]
16776,[31]
16777,[31]
16778,[31]
16779,[31]
16780,[31]
16781,[31]
16782,[31]
16783,[31]
16784,[31]
16785,[31]
16786,[31]
16787,[31]
16788,[31]
16789,[121]
16790,[121]
16791,[121]
16792,[121]
16793,[121]
16794,[121]
16795,[121]
16796,[121]
16797,[121]
16798,[121]
16799,[121]
16800,[121]
16801,[121]
16802,[121]
16803,[121]
16804,[121]
16805,[121]
16806,[121]
16807,[121]
16808,[121]
16809,[121]
16810,[110]
16811,[108]
16812,[108]
16813,[108]
16814,[108]
16815,[108]
16816,[108]
16817,[108]
16818,[108]
16819,[110]
16820,[110]
16821,[110]
16822,[110]
16823,[121]
16824,[121]
16825,[121]
16826,[121]
16827,[121]
16828,[121]
16829,[121]
16830,[121]
16831,[121]
16832,[121]
16833,[121]
16834,[121]
16835,[121]
16836,[121]
16837,[121]
16838,[121]
16839,[121]
16840,[121]
16841,[121]
16842,[121]
16843,[121]
16844,[121]
16845,[121]
16846,[121]
16847,[121]
16848,[121]
16849,[121]
16850,[121]
16851,[121]
16852,[121]
16853,[121]
16854,[121]
16855,[121]
16856,[121]
16857,[121]
16858,[121]
16859,[121]
16860,[121]
16861,[121]
16862,[121]
16863,[121]
16864,[121]
16865,[121]
16866,[121]
16867,[121]
16868,[121]
16869,[121]
16870,[121]
16871,[121]
16872,[121]
16873,[121]
16874,[121]
16875,[121]
16876,[121]
16877,[121]
16878,[121]
16879,[121]
16880,[121]
16881,[121]
16882,[121]
16883,[121]
16884,[121]
16885,[121]
16886,[121]
16887,[113]
16888,[113]
16889,[113]
16890,[113]
16891,[113]
16892,[113]
16893,[113]
16894,[113]
16895,[113]
16896,[113]
16897,[113]
16898,[113]
16899,[113]
16900,[113]
16901,[113]
16902,[113]
16903,[113]
16904,[113]
16905,[113]
16906,[113]
16907,[113]
16908,[113]
16909,[113]
16910,[113]
16911,[113]
16912,[113]
16913,[113]
16914,[113]
16915,[113]
16916,[113]
16917,[113]
16918,[113]
16919,[113]
16920,[113]
16921,[113]
16922,[113]
16923,[113]
16924,[113]
16925,[113]
16926,[113]
16927,[113]
16928,[113]
16929,[113]
16930,[113]
16931,[113]
16932,[113]
16933,[113]
16934,[113]
16935,[113]
16936,[113]
16937,[113]
16938,[113]
16939,[113]
16940,[113]
16941,[113]
16942,[113]
16943,[113]
16944,[113]
16945,[113]
16946,[113]
16947,[113]
16948,[113]
16949,[113]
16950,[113]
16951,[113]
16952,[113]
16953,[113]
16954,[113]
16955,[113]
16956,[113]
16957,[113]
16958,[113]
16959,[113]
16960,[113]
16961,[113]
16962,[113]
16963,[113]
16964,[113]
16965,[113]
16966,[113]
16967,[113]
16968,[113]
16969,[113]
16970,[113]
16971,[113]
16972,[113]
16973,[113]
16974,[113]
16975,[113]
16976,[113]
16977,[113]
16978,[113]
16979,[113]
16980,[113]
16981,[113]
16982,[113]
16983,[113]
16984,[113]
16985,[113]
16986,[113]
16987,[113]
16988,[113]
16989,[113]
16990,[113]
16991,[113]
16992,[113]
16993,[113]
16994,[113]
16995,[113]
16996,[113]
16997,[113]
16998,[113]
16999,[113]
17000,[113]
17001,[113]
17002,[113]
17003,[113]
17004,[113]
17005,[113]
17006,[113]
17007,[113]
17008,[113]
17009,[113]
17010,[113]
17011,[113]
17012,[113]
17013,[113]
17014,[113]
17015,[113]
17016,[113]
17017,[113]
17018,[113]
17019,[113]
17020,[113]
17021,[113]
17022,[113]
17023,[113]
17024,[113]
17025,[113]
17026,[113]
17027,[113]
17028,[113]
17029,[111]
17030,[111]
17031,[111]
17032,[111]
17033,[111]
17034,[111]
17035,[111]
17036,[111]
17037,[111]
17038,[111]
17039,[111]
17040,[111]
17041,[111]
17042,[111]
17043,[111]
17044,[117]
17045,[117]
17046,[117]
17047,[117]
17048,[117]
17049,[117]
17050,[117]
17051,[117]
17052,[117]
17053,[117]
17054,[117]
17055,[117]
17056,[117]
17057,[117]
17058,[117]
17059,[117]
17060,[117]
17061,[117]
17062,[117]
17063,[117]
17064,[117]
17065,[117]
17066,[117]
17067,[117]
17068,[117]
17069,[117]
17070,[117]
17071,[117]
17072,[117]
17073,[117]
17074,[114]
17075,[114]
17076,[114]
17077,[114]
17078,[114]
17079,[114]
17080,[114]
17081,[106]
17082,[106]
17083,[106]
17084,[106]
17085,[106]
17086,[106]
17087,[106]
17088,[106]
17089,[106]
17090,[106]
17091,[106]
17092,"[72, 73, 74, 78]"
17093,"[72, 73, 74, 78]"
17094,"[72, 73, 74, 78]"
17095,"[72, 73, 74, 78]"
17096,"[72, 73, 74, 78]"
17097,"[72, 73, 74, 78]"
17098,"[72, 73, 74, 78]"
17099,"[72, 73, 74, 78]"
17100,"[72, 73, 74, 78]"
17101,"[72, 73, 74, 78]"
17102,"[72, 73, 74, 78]"
17103,"[72, 73, 74, 78]"
17104,"[72, 73, 74, 78]"
17105,"[72, 73, 74, 78]"
17106,"[72, 73, 74, 78]"
17107,"[72, 73, 74, 78]"
17108,"[72, 73, 74, 78]"
17109,"[72, 73, 74, 78]"
17110,"[72, 73, 74, 78]"
17111,[104]
17112,[104]
17113,[104]
17114,[104]
17115,[104]
17116,[104]
17117,[104]
17118,[104]
17119,[104]
17120,[104]
17121,[104]
17122,[104]
17123,[104]
17124,[104]
17125,[104]
17126,[104]
17127,[104]
17128,[104]
17129,[104]
17130,[104]
17131,[104]
17132,[104]
17133,[104]
17134,[104]
17135,[104]
17136,[104]
17137,[104]
17138,[104]
17139,[104]
17140,[104]
17141,[104]
17142,[104]
17143,[104]
17144,[104]
17145,[104]
17146,[104]
17147,[104]
17148,[104]
17149,[104]
17150,[104]
17151,[104]
17152,[104]
17153,[104]
17154,[104]
17155,[104]
17156,[104]
17157,[104]
17158,[104]
17159,[104]
17160,[104]
17161,[104]
17162,[104]
17163,[104]
17164,[104]
17165,[104]
17166,[104]
17167,[104]
17168,[104]
17169,[104]
17170,[104]
17171,[104]
17172,[104]
17173,[104]
17174,[104]
17175,[104]
17176,[104]
17177,[104]
17178,[104]
17179,[104]
17180,[104]
17181,[104]
17182,[104]
17183,[104]
17184,[104]
17185,[104]
17186,[104]
17187,[104]
17188,[104]
17189,[104]
17190,[104]
17191,[104]
17192,[104]
17193,[104]
17194,[104]
17195,[104]
17196,[116]
17197,[116]
17198,[116]
17199,[116]
17200,[116]
17201,[116]
17202,[116]
17203,[116]
17204,[116]
17205,[116]
17206,[116]
17207,[26]
17208,[26]
17209,[26]
17210,[26]
17211,[26]
17212,[26]
17213,[26]
17214,[26]
17215,[26]
17216,[26]
17217,[26]
17218,[26]
17219,[26]
17220,[89]
17221,[89]
17222,[89]
17223,[89]
17224,[89]
17225,[89]
17226,[89]
17227,[89]
17228,[89]
17229,[89]
17230,[89]
17231,[89]
17232,[89]
17233,[89]
17234,[89]
17235,[89]
17236,[89]
17237,[89]
17238,[89]
17239,[89]
17240,[89]
17241,[89]
17242,[89]
17243,[89]
17244,[89]
17245,[89]
17246,[89]
17247,[89]
17248,[89]
17249,[89]
17250,[89]
17251,[89]
17252,[89]
17253,[89]
17254,[89]
17255,[89]
17256,[89]
17257,[89]
17258,[89]
17259,[89]
17260,[89]
17261,[89]
17262,[100]
17263,[100]
17264,[100]
17265,[100]
17266,[100]
17267,[100]
17268,[100]
17269,[100]
17270,[100]
17271,[100]
17272,[100]
17273,[100]
17274,[100]
17275,[100]
17276,[100]
17277,[100]
17278,[100]
17279,[100]
17280,[100]
17281,[100]
17282,[100]
17283,[100]
17284,[100]
17285,[100]
17286,[100]
17287,[100]
17288,[100]
17289,[100]
17290,[100]
17291,[100]
17292,[100]
17293,[100]
17294,[100]
17295,[100]
17296,[100]
17297,[100]
17298,[100]
17299,[100]
17300,[100]
17301,[100]
17302,[100]
17303,[100]
17304,[100]
17305,[100]
17306,[100]
17307,[100]
17308,[100]
17309,[100]
17310,[100]
17311,[100]
17312,[100]
17313,[100]
17314,[100]
17315,[100]
17316,[100]
17317,[100]
17318,[100]
17319,[100]
17320,[100]
17321,[100]
17322,[100]
17323,[100]
17324,[100]
17325,[100]
17326,[100]
17327,[100]
17328,[100]
17329,[100]
17330,[100]
17331,[100]
17332,[100]
17333,[100]
17334,[100]
17335,[100]
17336,[100]
17337,[100]
17338,[100]
17339,[100]
17340,[100]
17341,[100]
17342,[100]
17343,[100]
17344,[100]
17345,[100]
17346,[100]
17347,[100]
17348,[100]
17349,[100]
17350,[100]
17351,[100]
17352,[100]
17353,[100]
17354,[100]
17355,[100]
17356,[100]
17357,[100]
17358,[100]
17359,[100]
17360,[100]
17361,[100]
17362,[100]
17363,[100]
17364,[100]
17365,[100]
17366,[100]
17367,[100]
17368,[100]
17369,[100]
17370,[100]
17371,[100]
17372,[100]
17373,[100]
17374,[100]
17375,[100]
17376,[100]
17377,[100]
17378,[100]
17379,[100]
17380,[100]
17381,[100]
17382,[100]
17383,[100]
17384,[100]
17385,[100]
17386,[100]
17387,[100]
17388,[100]
17389,[100]
17390,[100]
17391,[13]
17392,[13]
17393,[13]
17394,[13]
17395,[13]
17396,[13]
17397,[13]
17398,[13]
17399,[13]
17400,[13]
17401,[13]
17402,[13]
17403,[13]
17404,[13]
17405,[13]
17406,[13]
17407,[13]
17408,[13]
17409,[13]
17410,[13]
17411,[13]
17412,[13]
17413,[13]
17414,[13]
17415,[13]
17416,[13]
17417,[13]
17418,[13]
17419,[13]
17420,[13]
17421,[13]
17422,[13]
17423,[13]
17424,[13]
17425,[13]
17426,[13]
17427,[13]
17428,[13]
17429,[13]
17430,[13]
17431,[13]
17432,[13]
17433,[13]
17434,[15]
17435,[15]
17436,[15]
17437,[15]
17438,[15]
17439,[15]
17440,[15]
17441,[15]
17442,[15]
17443,[15]
17444,[15]
17445,[15]
17446,[15]
17447,[15]
17448,[15]
17449,[15]
17450,[15]
17451,[15]
17452,[15]
17453,[15]
17454,[15]
17455,[15]
17456,[15]
17457,[15]
17458,[15]
17459,[15]
17460,[14]
17461,[14]
17462,[14]
17463,"[13, 14]"
17464,"[13, 14]"
17465,"[13, 14]"
17466,"[13, 14]"
17467,"[13, 14]"
17468,"[13, 14]"
17469,"[13, 14]"
17470,"[13, 14]"
17471,"[13, 14]"
17472,[14]
17473,[14]
17474,[14]
17475,[14]
17476,[14]
17477,[14]
17478,[14]
17479,[14]
17480,[49]
17481,[83]
17482,[83]
17483,[83]
17484,[83]
17485,[83]
17486,[83]
17487,[83]
17488,[83]
17489,[83]
17490,[83]
17491,[83]
17492,[83]
17493,[83]
17494,[83]
17495,[83]
17496,[83]
17497,[83]
17498,[83]
17499,[83]
17500,[83]
17501,[83]
17502,[83]
17503,[83]
17504,[83]
17505,[83]
17506,[83]
17507,[83]
17508,[83]
17509,[83]
17510,[83]
17511,[83]
17512,[83]
17513,[83]
17514,[83]
17515,[83]
17516,[83]
17517,[83]
17518,[83]
17519,[83]
17520,[83]
17521,[83]
17522,[83]
17523,[83]
17524,[83]
17525,[83]
17526,[83]
17527,[83]
17528,[83]
17529,[83]
17530,[83]
17531,[83]
17532,[83]
17533,[83]
17534,[83]
17535,[83]
17536,[83]
17537,[83]
17538,[83]
17539,[83]
17540,[83]
17541,[83]
17542,[83]
17543,[83]
17544,[83]
17545,[83]
17546,[83]
17547,[83]
17548,[83]
17549,[83]
17550,[83]
17551,[83]
17552,[83]
17553,[83]
17554,[83]
17555,[83]
17556,[83]
17557,[83]
17558,[83]
17559,[83]
17560,[83]
17561,[83]
17562,[83]
17563,[83]
17564,[83]
17565,[83]
17566,[83]
17567,[83]
17568,[83]
17569,[83]
17570,[83]
17571,[83]
17572,[83]
17573,[83]
17574,[83]
17575,[83]
17576,[83]
17577,[83]
17578,[83]
17579,[83]
17580,[83]
17581,[83]
17582,[83]
17583,[83]
17584,[83]
17585,[83]
17586,[83]
17587,[83]
17588,[83]
17589,[83]
17590,[83]
17591,[83]
17592,[83]
17593,[83]
17594,[83]
17595,[83]
17596,[83]
17597,[83]
17598,[83]
17599,[83]
17600,[83]
17601,[81]
17602,[81]
17603,[81]
17604,[81]
17605,[81]
17606,[81]
17607,[81]
17608,[81]
17609,[81]
17610,[81]
17611,[81]
17612,[81]
17613,[79]
17614,[79]
17615,[79]
17616,[80]
17617,[80]
17618,[80]
17619,[80]
17620,[80]
17621,[80]
17622,[80]
17623,[80]
17624,[80]
17625,[80]
17626,[80]
17627,[80]
17628,[80]
17629,[80]
17630,[80]
17631,[80]
17632,[80]
17633,[80]
17634,[80]
17635,[80]
17636,[80]
17637,[80]
17638,[80]
17639,[80]
17640,[80]
17641,[80]
17642,[80]
17643,[80]
17644,[80]
17645,[80]
17646,[80]
17647,[80]
17648,[80]
17649,[80]
17650,[80]
17651,[80]
17652,[80]
17653,[80]
17654,[80]
17655,[80]
17656,[80]
17657,[80]
17658,[80]
17659,[80]
17660,[80]
17661,[80]
17662,[80]
17663,[80]
17664,[80]
17665,[80]
17666,[80]
17667,[80]
17668,[80]
17669,[80]
17670,[80]
17671,[80]
17672,[80]
17673,[80]
17674,[80]
17675,[80]
17676,[80]
17677,[80]
17678,[80]
17679,[80]
17680,[80]
17681,[80]
17682,[80]
17683,[80]
17684,[80]
17685,[80]
17686,[80]
17687,[80]
17688,[80]
17689,[80]
17690,[80]
17691,[80]
17692,[80]
17693,[80]
17694,[80]
17695,[80]
17696,[80]
17697,[80]
17698,[80]
17699,[80]
17700,[80]
17701,[80]
17702,[80]
17703,[80]
17704,[80]
17705,[80]
17706,[80]
17707,[80]
17708,[80]
17709,[80]
17710,[80]
17711,[80]
17712,[80]
17713,[80]
17714,[80]
17715,[80]
17716,[80]
17717,[80]
17718,[80]
17719,[80]
17720,[80]
17721,[82]
17722,[82]
17723,[82]
17724,[82]
17725,[82]
17726,[82]
17727,[82]
17728,[21]
