item_id,knowledge_code
1,"[1, 2, 177, 179]"
2,"[2, 15, 180]"
3,"[2, 14, 177, 181]"
4,"[2, 9, 177, 182]"
5,"[2, 8, 177, 179]"
6,"[2, 9, 177, 180]"
7,"[7, 11, 177, 181]"
8,"[20, 21, 177, 182]"
9,"[2, 13, 177, 181]"
10,"[7, 17, 180]"
11,"[2, 15, 179]"
12,"[1, 2, 180]"
13,"[1, 2, 181]"
14,"[2, 8, 182]"
15,"[2, 14, 179]"
16,"[20, 21, 180]"
17,"[2, 5, 177, 182]"
18,"[20, 21, 181]"
19,"[7, 10, 177, 180]"
20,"[2, 9, 177, 179]"
21,"[6, 7, 177, 180]"
22,"[2, 8, 181]"
23,"[6, 7, 182]"
24,"[6, 7, 179]"
25,"[6, 7, 180]"
26,"[2, 4, 177, 181]"
27,"[6, 7, 182]"
28,"[2, 4, 181]"
29,"[1, 2, 177, 179]"
30,"[2, 3, 177, 180]"
31,"[2, 4, 177, 181]"
32,"[2, 5, 177, 179]"
33,"[6, 7, 181]"
34,"[2, 8, 180]"
35,"[2, 9, 177, 179]"
36,"[2, 3, 180]"
37,"[7, 10, 177, 181]"
38,"[7, 11, 179]"
39,"[2, 4, 179]"
40,"[2, 5, 177, 180]"
41,"[2, 16, 181]"
42,"[2, 13, 177, 182]"
43,"[6, 7, 179]"
44,"[7, 17, 177, 180]"
45,"[2, 4, 177, 181]"
46,"[6, 7, 182]"
47,"[6, 7, 177, 181]"
48,"[2, 14, 179]"
49,"[2, 22, 180]"
50,"[2, 19, 181]"
51,"[2, 9, 177, 182]"
52,"[6, 7, 179]"
53,"[2, 15, 177, 180]"
54,"[20, 21, 177, 181]"
55,"[2, 5, 177, 182]"
56,"[7, 17, 181]"
57,"[2, 14, 177, 180]"
58,"[6, 7, 179]"
59,"[7, 17, 183]"
60,"[2, 4, 183]"
61,"[2, 9, 179]"
62,"[2, 12, 181]"
63,"[2, 15, 183]"
64,"[2, 4, 179]"
65,"[2, 22, 183]"
66,"[1, 2, 183]"
67,"[6, 7, 179]"
68,"[1, 2, 177, 179]"
69,"[2, 14, 177, 180]"
70,"[2, 5, 177, 181]"
71,"[2, 5, 177, 182]"
72,"[2, 8, 180]"
73,"[7, 11, 181]"
74,"[7, 17, 182]"
75,"[2, 4, 181]"
76,"[2, 15, 177, 180]"
77,"[6, 7, 179]"
78,"[2, 8, 183]"
79,"[20, 21, 179]"
80,"[2, 15, 181]"
81,"[2, 13, 183]"
82,"[7, 10, 179]"
83,"[2, 12, 183]"
84,"[2, 14, 183]"
85,"[2, 15, 179]"
86,"[2, 5, 177, 179]"
87,"[2, 4, 180]"
88,"[1, 2, 177, 182]"
89,"[2, 8, 177, 179]"
90,"[6, 7, 180]"
91,"[6, 7, 181]"
92,"[2, 5, 177, 182]"
93,"[7, 18, 177, 180]"
94,"[2, 22, 179]"
95,"[2, 4, 182]"
96,"[6, 7, 179]"
97,"[2, 5, 177, 180]"
98,"[2, 4, 182]"
99,"[7, 10, 177, 181]"
100,"[7, 10, 180]"
101,"[2, 4, 181]"
102,"[2, 12, 180]"
103,"[2, 13, 179]"
104,"[2, 14, 177, 180]"
105,"[2, 14, 181]"
106,"[7, 10, 177, 179]"
107,"[2, 15, 181]"
108,"[2, 16, 177, 180]"
109,"[2, 14, 177, 180]"
110,"[2, 4, 179]"
111,"[1, 2, 183]"
112,"[20, 21, 183]"
113,"[2, 8, 179]"
114,"[7, 17, 181]"
115,"[20, 21, 183]"
116,"[6, 7, 179]"
117,"[2, 15, 183]"
118,"[6, 7, 183]"
119,"[2, 13, 179]"
120,"[2, 9, 181]"
121,"[6, 7, 180]"
122,"[2, 19, 179]"
123,"[2, 12, 177, 180]"
124,"[2, 8, 177, 181]"
125,"[2, 5, 179]"
126,"[2, 4, 181]"
127,"[2, 3, 177, 180]"
128,"[2, 5, 179]"
129,"[2, 14, 181]"
130,"[2, 16, 177, 179]"
131,"[2, 9, 181]"
132,"[2, 12, 180]"
133,"[7, 11, 179]"
134,"[2, 4, 180]"
135,"[2, 13, 181]"
136,"[6, 7, 177, 179]"
137,"[2, 13, 179]"
138,"[2, 5, 180]"
139,"[6, 7, 179]"
140,"[2, 5, 177, 181]"
141,"[2, 8, 177, 180]"
142,"[7, 18, 179]"
143,"[2, 4, 181]"
144,"[2, 14, 177, 179]"
145,"[2, 8, 179]"
146,"[2, 9, 183]"
147,"[2, 8, 183]"
148,"[2, 5, 179]"
149,"[2, 3, 181]"
150,"[6, 7, 183]"
151,"[7, 10, 179]"
152,"[20, 21, 183]"
153,"[7, 18, 183]"
154,"[2, 5, 179]"
155,"[2, 16, 177, 179]"
156,"[2, 22, 177, 180]"
157,"[2, 9, 181]"
158,"[2, 9, 182]"
159,"[2, 5, 179]"
160,"[7, 17, 180]"
161,"[7, 10, 181]"
162,"[7, 17, 182]"
163,"[6, 7, 181]"
164,"[6, 7, 180]"
165,"[2, 9, 180]"
166,"[2, 5, 177, 181]"
167,"[2, 15, 182]"
168,"[2, 9, 179]"
169,"[2, 4, 180]"
170,"[2, 15, 177, 181]"
171,"[20, 21, 177, 182]"
172,"[7, 11, 181]"
173,"[2, 12, 180]"
174,"[2, 4, 179]"
175,"[2, 19, 183]"
176,"[2, 8, 183]"
177,"[6, 7, 179]"
178,"[2, 4, 181]"
179,"[2, 3, 183]"
180,"[2, 4, 179]"
181,"[7, 10, 183]"
182,"[20, 21, 183]"
183,"[7, 17, 179]"
184,"[24, 25, 179, 181]"
185,"[31, 32, 181, 183]"
186,"[24, 33, 181, 182]"
187,"[24, 26, 51, 179, 183]"
188,"[28, 29, 181, 182]"
189,"[24, 40, 179, 183]"
190,"[38, 39, 181, 183]"
191,"[24, 41, 179, 183]"
192,"[44, 49, 179, 183]"
193,"[31, 32, 181, 183]"
194,"[24, 25, 179, 181]"
195,"[31, 42, 179, 183]"
196,"[32, 36, 179, 183]"
197,"[24, 26, 27, 181, 182]"
198,"[24, 27, 40, 181, 183]"
199,"[31, 32, 181, 183]"
200,"[30, 34, 35, 181, 183]"
201,"[23, 24, 25, 181, 182]"
202,"[24, 48, 179, 183]"
203,"[24, 50, 182, 183]"
204,"[44, 45, 182, 183]"
205,"[27, 31, 32, 179, 183]"
206,"[36, 37, 181, 183]"
207,"[24, 33, 179, 181]"
208,"[36, 37, 181, 183]"
209,"[28, 32, 181, 183]"
210,"[30, 34, 35, 179, 183]"
211,"[24, 43, 182, 183]"
212,"[23, 24, 25, 179, 181]"
213,"[24, 33, 181, 183]"
214,"[24, 48, 179, 181]"
215,"[24, 33, 182, 183]"
216,"[31, 32, 181, 183]"
217,"[28, 29, 179, 183]"
218,"[24, 33, 179, 183]"
219,"[44, 45, 181, 183]"
220,"[23, 46, 47, 179, 183]"
221,"[24, 26, 27, 179, 181]"
222,"[34, 35, 179, 183]"
223,"[24, 40, 179, 181]"
224,"[24, 41, 181, 183]"
225,"[27, 28, 29, 181, 183]"
226,"[24, 25, 181, 183]"
227,"[24, 30, 50, 181, 183]"
228,"[31, 32, 179, 183]"
229,"[24, 40, 179, 182]"
230,"[27, 38, 39, 182, 183]"
231,"[38, 39, 177, 179, 183]"
232,"[36, 37, 181, 182]"
233,"[24, 41, 179, 181]"
234,"[31, 32, 181, 183]"
235,"[36, 37, 181, 183]"
236,"[31, 32, 179, 183]"
237,"[34, 42, 181, 182]"
238,"[24, 25, 180, 181]"
239,"[30, 38, 39, 180, 182]"
240,"[31, 32, 179, 182]"
241,"[44, 45, 180, 181]"
242,"[24, 48, 179, 182]"
243,"[38, 39, 177, 180, 182]"
244,"[24, 33, 179, 180]"
245,"[24, 26, 179, 182]"
246,"[28, 29, 30, 181, 182]"
247,"[24, 43, 179, 182]"
248,"[24, 26, 27, 179, 181]"
249,"[30, 34, 35, 179, 182]"
250,"[36, 37, 180, 181]"
251,"[44, 45, 177, 179, 181]"
252,"[24, 40, 180, 182]"
253,"[30, 34, 35, 177, 179, 182]"
254,"[30, 34, 35, 180, 181]"
255,"[31, 32, 179, 180]"
256,"[27, 46, 47, 179, 181]"
257,"[28, 29, 180, 181]"
258,"[38, 39, 179, 180]"
259,"[44, 45, 180, 182]"
260,"[24, 25, 27, 177, 180, 182]"
261,"[24, 27, 33, 180, 181]"
262,"[34, 35, 180, 182]"
263,"[24, 40, 179, 182]"
264,"[30, 34, 35, 179, 180]"
265,"[24, 26, 179, 180]"
266,"[24, 33, 51, 180, 181]"
267,"[24, 26, 181, 182]"
268,"[24, 41, 179, 180]"
269,"[31, 32, 180, 181]"
270,"[24, 43, 180, 181]"
271,"[34, 42, 179, 180]"
272,"[24, 27, 48, 179, 180]"
273,"[24, 40, 181, 182]"
274,"[23, 24, 25, 180, 181]"
275,"[27, 34, 35, 179, 180]"
276,"[34, 42, 180, 181]"
277,"[30, 34, 42, 179, 180]"
278,"[24, 26, 180, 181]"
279,"[24, 27, 33, 180, 181]"
280,"[24, 30, 48, 179, 180]"
281,"[30, 34, 35, 179, 180]"
282,"[28, 29, 181, 182]"
283,"[28, 37, 180, 181]"
284,"[34, 35, 181, 182]"
285,"[23, 24, 25, 179, 181]"
286,"[24, 33, 181, 183]"
287,"[24, 43, 181, 183]"
288,"[24, 26, 179, 181]"
289,"[31, 32, 182, 183]"
290,"[23, 24, 25, 177, 181, 183]"
291,"[24, 41, 179, 183]"
292,"[24, 40, 179, 183]"
293,"[36, 37, 179, 183]"
294,"[23, 24, 33, 181, 183]"
295,"[30, 31, 32, 179, 183]"
296,"[28, 29, 179, 181]"
297,"[24, 26, 179, 183]"
298,"[38, 39, 179, 183]"
299,"[24, 43, 179, 181]"
300,"[30, 32, 36, 181, 183]"
301,"[44, 45, 177, 181, 183]"
302,"[30, 38, 39, 177, 181, 183]"
303,"[34, 35, 181, 183]"
304,"[31, 32, 181, 183]"
305,"[24, 40, 179, 183]"
306,"[30, 36, 37, 179, 182]"
307,"[24, 50, 182, 183]"
308,"[44, 45, 179, 183]"
309,"[28, 29, 177, 181, 182]"
310,"[34, 35, 179, 181]"
311,"[31, 32, 181, 183]"
312,"[38, 39, 181, 183]"
313,"[24, 41, 179, 183]"
314,"[30, 38, 39, 181, 182]"
315,"[46, 47, 177, 179, 181]"
316,"[24, 25, 180, 182]"
317,"[24, 43, 180, 181]"
318,"[24, 26, 180, 182]"
319,"[34, 35, 177, 180, 182]"
320,"[24, 40, 180, 182]"
321,"[46, 47, 177, 179, 180]"
322,"[28, 29, 179, 182]"
323,"[44, 45, 179, 182]"
324,"[30, 36, 37, 179, 182]"
325,"[30, 34, 42, 179, 181]"
326,"[24, 33, 181, 182]"
327,"[34, 35, 179, 181]"
328,"[28, 30, 37, 180, 182]"
329,"[30, 36, 37, 179, 182]"
330,"[24, 41, 180, 181]"
331,"[28, 29, 30, 179, 180]"
332,"[34, 35, 180, 182]"
333,"[24, 25, 179, 181]"
334,"[24, 30, 33, 181, 183]"
335,"[24, 40, 181, 182]"
336,"[24, 48, 179, 183]"
337,"[24, 33, 181, 182]"
338,"[24, 26, 27, 179, 183]"
339,"[23, 24, 25, 181, 183]"
340,"[30, 31, 32, 181, 183]"
341,"[28, 29, 179, 183]"
342,"[24, 43, 181, 183]"
343,"[30, 31, 32, 179, 183]"
344,"[24, 40, 179, 181]"
345,"[31, 32, 179, 183]"
346,"[36, 37, 179, 183]"
347,"[31, 32, 179, 181]"
348,"[36, 37, 181, 182]"
349,"[31, 32, 181, 183]"
350,"[44, 45, 181, 183]"
351,"[24, 41, 181, 183]"
352,"[38, 39, 181, 182]"
353,"[34, 35, 179, 183]"
354,"[44, 45, 182, 183]"
355,"[24, 50, 182, 183]"
356,"[44, 45, 179, 183]"
357,"[38, 39, 181, 183]"
358,"[31, 32, 179, 181]"
359,"[30, 36, 37, 181, 183]"
360,"[30, 34, 35, 181, 183]"
361,"[30, 34, 35, 179, 183]"
362,"[24, 50, 179, 181]"
363,"[24, 30, 43, 181, 182]"
364,"[30, 31, 32, 179, 183]"
365,"[46, 47, 181, 183]"
366,"[23, 24, 25, 179, 183]"
367,"[24, 26, 30, 179, 181]"
368,"[30, 44, 45, 181, 182]"
369,"[24, 40, 179, 183]"
370,"[38, 39, 179, 183]"
371,"[46, 47, 179, 181]"
372,"[31, 42, 181, 183]"
373,"[24, 43, 179, 183]"
374,"[44, 45, 179, 183]"
375,"[30, 34, 42, 179, 183]"
376,"[31, 42, 181, 182]"
377,"[38, 39, 179, 181]"
378,"[30, 34, 42, 179, 183]"
379,"[24, 41, 179, 183]"
380,"[28, 29, 30, 179, 183]"
381,"[24, 26, 181, 182]"
382,"[30, 34, 35, 179, 181]"
383,"[34, 42, 181, 183]"
384,"[24, 40, 181, 183]"
385,"[46, 47, 179, 182]"
386,"[23, 24, 33, 179, 183]"
387,"[24, 25, 181, 183]"
388,"[24, 26, 27, 181, 183]"
389,"[36, 37, 179, 181]"
390,"[34, 35, 182, 183]"
391,"[24, 40, 181, 183]"
392,"[24, 40, 179, 183]"
393,"[36, 37, 179, 183]"
394,"[24, 43, 177, 181, 183]"
395,"[24, 41, 179, 183]"
396,"[24, 40, 179, 181]"
397,"[31, 32, 179, 183]"
398,"[24, 27, 41, 179, 183]"
399,"[28, 42, 179, 181]"
400,"[31, 32, 181, 183]"
401,"[30, 31, 32, 181, 183]"
402,"[44, 49, 181, 183]"
403,"[31, 32, 181, 183]"
404,"[38, 39, 179, 183]"
405,"[24, 43, 179, 182]"
406,"[28, 29, 30, 177, 182, 183]"
407,"[28, 29, 179, 183]"
408,"[34, 35, 181, 182]"
409,"[27, 46, 47, 179, 181]"
410,"[30, 34, 35, 177, 181, 183]"
411,"[24, 41, 177, 181, 183]"
412,"[31, 32, 181, 182]"
413,"[24, 43, 179, 181]"
414,"[24, 26, 180, 182]"
415,"[24, 40, 180, 181]"
416,"[23, 24, 33, 180, 182]"
417,"[44, 45, 179, 182]"
418,"[23, 24, 25, 180, 181]"
419,"[24, 48, 179, 182]"
420,"[38, 39, 180, 182]"
421,"[24, 30, 33, 179, 182]"
422,"[24, 50, 181, 182]"
423,"[27, 38, 39, 177, 179, 182]"
424,"[28, 29, 179, 181]"
425,"[27, 46, 47, 181, 182]"
426,"[24, 50, 179, 181]"
427,"[28, 29, 177, 180, 182]"
428,"[24, 26, 27, 177, 179, 182]"
429,"[34, 42, 177, 180, 181]"
430,"[34, 42, 179, 180]"
431,"[24, 43, 179, 181]"
432,"[31, 32, 180, 181]"
433,"[36, 37, 179, 180]"
434,"[31, 32, 180, 182]"
435,"[44, 45, 179, 181]"
436,"[34, 42, 180, 182]"
437,"[24, 40, 177, 180, 181]"
438,"[24, 43, 180, 182]"
439,"[30, 34, 42, 179, 182]"
440,"[46, 47, 177, 179, 181]"
441,"[24, 43, 180, 182]"
442,"[28, 29, 180, 181]"
443,"[30, 34, 35, 180, 182]"
444,"[24, 26, 179, 182]"
445,"[24, 40, 180, 181]"
446,"[28, 29, 30, 177, 180, 181]"
447,"[30, 34, 35, 180, 182]"
448,"[30, 34, 42, 179, 180]"
449,"[34, 35, 177, 179, 182]"
450,"[24, 43, 181, 182]"
451,"[24, 48, 179, 182]"
452,"[36, 37, 179, 181]"
453,"[28, 29, 30, 177, 179, 182]"
454,"[24, 40, 177, 179, 181]"
455,"[28, 29, 181, 182]"
456,"[24, 25, 30, 179, 181]"
457,"[24, 26, 27, 180, 182]"
458,"[24, 43, 179, 182]"
459,"[34, 35, 180, 181]"
460,"[34, 42, 179, 180]"
461,"[36, 37, 179, 181]"
462,"[24, 50, 180, 181]"
463,"[31, 32, 179, 180]"
464,"[44, 45, 180, 182]"
465,"[24, 27, 41, 179, 181]"
466,"[31, 32, 180, 182]"
467,"[31, 32, 180, 181]"
468,"[34, 35, 180, 182]"
469,"[36, 37, 179, 182]"
470,"[24, 33, 177, 179, 181]"
471,"[24, 43, 181, 183]"
472,"[24, 33, 179, 181]"
473,"[24, 26, 182, 183]"
474,"[44, 45, 177, 181, 183]"
475,"[24, 25, 179, 183]"
476,"[30, 36, 37, 179, 183]"
477,"[24, 25, 181, 183]"
478,"[24, 30, 40, 179, 183]"
479,"[30, 34, 42, 177, 179, 183]"
480,"[31, 32, 179, 183]"
481,"[34, 35, 179, 181]"
482,"[28, 29, 181, 183]"
483,"[34, 35, 177, 181, 183]"
484,"[24, 30, 40, 181, 183]"
485,"[24, 30, 50, 181, 183]"
486,"[31, 32, 181, 183]"
487,"[34, 35, 179, 183]"
488,"[24, 50, 179, 182]"
489,"[34, 42, 179, 183]"
490,"[30, 38, 39, 177, 179, 181]"
491,"[24, 40, 181, 183]"
492,"[31, 32, 181, 183]"
493,"[34, 35, 177, 179, 183]"
494,"[28, 45, 181, 182]"
495,"[30, 31, 32, 179, 181]"
496,"[30, 31, 49, 180, 182]"
497,"[24, 50, 180, 181]"
498,"[34, 42, 180, 182]"
499,"[30, 38, 39, 177, 179, 182]"
500,"[30, 34, 35, 180, 181]"
501,"[27, 28, 29, 177, 179, 182]"
502,"[44, 45, 179, 180]"
503,"[24, 41, 179, 182]"
504,"[28, 29, 181, 182]"
505,"[36, 37, 179, 182]"
506,"[24, 40, 179, 181]"
507,"[30, 34, 35, 179, 182]"
508,"[27, 36, 37, 179, 181]"
509,"[24, 30, 40, 181, 182]"
510,"[38, 39, 179, 181]"
511,"[24, 40, 180, 182]"
512,"[30, 31, 32, 179, 182]"
513,"[34, 42, 177, 180, 181]"
514,"[38, 39, 179, 180]"
515,"[30, 31, 32, 179, 181]"
516,"[30, 34, 35, 180, 181]"
517,"[24, 43, 179, 180]"
518,"[36, 37, 180, 182]"
519,"[24, 43, 179, 181]"
520,"[24, 25, 180, 181]"
521,"[24, 48, 180, 181]"
522,"[24, 40, 179, 182]"
523,"[24, 30, 40, 180, 181]"
524,"[30, 31, 32, 179, 182]"
525,"[46, 47, 180, 182]"
526,"[24, 40, 179, 180]"
527,"[24, 41, 179, 182]"
528,"[24, 26, 181, 182]"
529,"[28, 29, 177, 179, 182]"
530,"[24, 40, 179, 181]"
531,"[28, 29, 179, 182]"
532,"[24, 25, 179, 181]"
533,"[24, 26, 181, 182]"
534,"[34, 35, 179, 181]"
535,"[30, 44, 45, 180, 182]"
536,"[24, 27, 43, 179, 182]"
537,"[24, 33, 180, 181]"
538,"[34, 42, 179, 180]"
539,"[36, 37, 179, 181]"
540,"[24, 25, 180, 181]"
541,"[44, 45, 179, 180]"
542,"[31, 37, 180, 182]"
543,"[28, 29, 179, 181]"
544,"[30, 34, 35, 180, 182]"
545,"[31, 32, 180, 181]"
546,"[24, 50, 179, 182]"
547,"[24, 25, 27, 179, 182]"
548,"[24, 33, 179, 181]"
549,"[24, 41, 180, 182]"
550,"[24, 48, 180, 181]"
551,"[24, 50, 180, 182]"
552,"[23, 24, 33, 179, 182]"
553,"[24, 33, 180, 181]"
554,"[24, 40, 179, 182]"
555,"[24, 40, 180, 182]"
556,"[24, 25, 179, 180]"
557,"[37, 38, 179, 182]"
558,"[36, 37, 181, 182]"
559,"[34, 35, 179, 182]"
560,"[44, 45, 177, 179, 181]"
561,"[38, 39, 179, 182]"
562,"[30, 38, 39, 179, 181]"
563,"[24, 26, 181, 182]"
564,"[28, 29, 179, 181]"
565,"[31, 32, 180, 182]"
566,"[24, 43, 179, 182]"
567,"[30, 31, 32, 180, 181]"
568,"[36, 37, 179, 180]"
569,"[38, 39, 180, 181]"
570,"[24, 40, 179, 180]"
571,"[36, 37, 180, 182]"
572,"[23, 24, 25, 179, 181]"
573,"[34, 35, 180, 182]"
574,"[24, 41, 180, 181]"
575,"[31, 32, 180, 182]"
576,"[34, 35, 179, 182]"
577,"[23, 24, 33, 179, 181]"
578,"[24, 26, 180, 182]"
579,"[44, 45, 177, 180, 181]"
580,"[28, 29, 180, 182]"
581,"[28, 29, 179, 182]"
582,"[24, 26, 180, 181]"
583,"[24, 41, 179, 182]"
584,"[28, 29, 30, 180, 182]"
585,"[38, 39, 179, 180]"
586,"[30, 44, 45, 179, 182]"
587,"[31, 32, 181, 182]"
588,"[30, 34, 35, 179, 181]"
589,"[34, 42, 179, 182]"
590,"[24, 33, 51, 179, 181]"
591,"[24, 26, 181, 182]"
592,"[44, 45, 179, 181]"
593,"[30, 31, 32, 177, 180, 182]"
594,"[28, 37, 179, 182]"
595,"[24, 25, 180, 181]"
596,"[32, 34, 179, 180]"
597,"[28, 37, 179, 181]"
598,"[27, 46, 47, 180, 181]"
599,"[30, 44, 45, 179, 180]"
600,"[31, 32, 180, 182]"
601,"[24, 48, 177, 179, 181]"
602,"[31, 32, 180, 182]"
603,"[31, 32, 180, 181]"
604,"[24, 40, 179, 182]"
605,"[23, 24, 25, 179, 181]"
606,"[24, 26, 30, 180, 181]"
607,"[23, 24, 25, 181, 182]"
608,"[27, 28, 45, 177, 179, 180]"
609,"[30, 31, 32, 177, 179, 181]"
610,"[23, 24, 33, 180, 182]"
611,"[30, 34, 35, 177, 180, 181]"
612,"[28, 30, 49, 179, 180]"
613,"[23, 24, 33, 179, 181]"
614,"[36, 37, 180, 181]"
615,"[38, 39, 179, 180]"
616,"[24, 26, 179, 181]"
617,"[24, 40, 179, 180]"
618,"[37, 38, 179, 180]"
619,"[24, 30, 40, 179, 181]"
620,"[24, 41, 180, 181]"
621,"[34, 42, 177, 180, 181]"
622,"[30, 34, 35, 180, 181]"
623,"[24, 40, 180, 181]"
624,"[30, 32, 36, 180, 181]"
625,"[30, 31, 32, 179, 180]"
626,"[31, 32, 180, 181]"
627,"[31, 32, 179, 180]"
628,"[37, 38, 180, 181]"
629,"[28, 29, 179, 181]"
630,"[24, 33, 180, 182]"
631,"[24, 26, 180, 181]"
632,"[31, 32, 180, 182]"
633,"[38, 39, 179, 182]"
634,"[24, 50, 180, 181]"
635,"[23, 24, 25, 179, 182]"
636,"[30, 38, 39, 177, 180, 182]"
637,"[24, 43, 179, 180]"
638,"[31, 32, 179, 182]"
639,"[38, 39, 181, 182]"
640,"[31, 32, 179, 182]"
641,"[24, 50, 179, 181]"
642,"[44, 45, 177, 179, 182]"
643,"[34, 35, 179, 181]"
644,"[30, 31, 42, 181, 182]"
645,"[28, 29, 30, 179, 181]"
646,"[27, 44, 45, 180, 182]"
647,"[24, 25, 30, 180, 181]"
648,"[28, 30, 37, 179, 180]"
649,"[44, 45, 180, 181]"
650,"[38, 39, 180, 182]"
651,"[38, 39, 179, 181]"
652,"[24, 40, 180, 182]"
653,"[24, 26, 180, 181]"
654,"[28, 29, 177, 180, 182]"
655,"[28, 29, 179, 182]"
656,"[24, 25, 177, 179, 181]"
657,"[28, 29, 177, 181, 182]"
658,"[24, 50, 181, 183]"
659,"[23, 24, 25, 179, 181]"
660,"[38, 39, 182, 183]"
661,"[24, 30, 33, 181, 183]"
662,"[30, 34, 35, 179, 183]"
663,"[24, 26, 182, 183]"
664,"[30, 31, 32, 181, 182]"
665,"[31, 32, 181, 183]"
666,"[44, 45, 179, 183]"
667,"[28, 29, 179, 181]"
668,"[34, 42, 177, 179, 183]"
669,"[24, 33, 51, 179, 183]"
670,"[24, 41, 179, 181]"
671,"[31, 42, 181, 183]"
672,"[31, 32, 181, 183]"
673,"[46, 47, 181, 183]"
674,"[24, 26, 181, 183]"
675,"[44, 45, 181, 183]"
676,"[27, 36, 37, 179, 181]"
677,"[28, 29, 179, 183]"
678,"[24, 43, 182, 183]"
679,"[36, 37, 179, 183]"
680,"[31, 32, 181, 182]"
681,"[44, 45, 179, 181]"
682,"[38, 39, 181, 183]"
683,"[24, 40, 181, 182]"
684,"[27, 44, 45, 177, 182, 183]"
685,"[30, 34, 35, 181, 182]"
686,"[24, 25, 30, 179, 180]"
687,"[24, 43, 179, 180]"
688,"[27, 38, 39, 180, 181]"
689,"[24, 30, 45, 181, 182]"
690,"[24, 33, 179, 180]"
691,"[31, 32, 180, 181]"
692,"[24, 27, 43, 179, 180]"
693,"[24, 26, 179, 180]"
694,"[38, 39, 179, 180]"
695,"[24, 41, 181, 182]"
696,"[31, 32, 180, 181]"
697,"[46, 47, 179, 180]"
698,"[36, 37, 179, 180]"
699,"[28, 29, 180, 181]"
700,"[28, 29, 181, 182]"
701,"[44, 45, 179, 180]"
702,"[24, 50, 180, 181]"
703,"[24, 40, 179, 180]"
704,"[30, 34, 42, 180, 181]"
705,"[30, 34, 42, 179, 180]"
706,"[23, 24, 33, 179, 180]"
707,"[30, 44, 45, 180, 181]"
708,"[30, 34, 35, 181, 182]"
709,"[23, 24, 25, 179, 181]"
710,"[24, 41, 181, 183]"
711,"[24, 48, 179, 181]"
712,"[31, 32, 182, 183]"
713,"[23, 24, 25, 181, 183]"
714,"[31, 32, 177, 179, 183]"
715,"[24, 40, 179, 183]"
716,"[38, 39, 177, 179, 183]"
717,"[24, 50, 181, 183]"
718,"[38, 39, 179, 183]"
719,"[34, 35, 179, 181]"
720,"[23, 24, 33, 179, 183]"
721,"[24, 40, 179, 183]"
722,"[44, 45, 179, 181]"
723,"[28, 32, 181, 183]"
724,"[44, 45, 181, 183]"
725,"[24, 43, 181, 183]"
726,"[24, 26, 177, 179, 183]"
727,"[24, 25, 179, 182]"
728,"[24, 26, 182, 183]"
729,"[24, 33, 179, 183]"
730,"[30, 38, 39, 181, 182]"
731,"[31, 42, 179, 181]"
732,"[31, 32, 177, 181, 183]"
733,"[24, 27, 40, 181, 183]"
734,"[28, 29, 179, 183]"
735,"[28, 35, 181, 182]"
736,"[23, 24, 25, 179, 182]"
737,"[44, 45, 177, 181, 183]"
738,"[24, 50, 179, 182]"
739,"[28, 29, 179, 182]"
740,"[31, 32, 179, 183]"
741,"[24, 43, 179, 182]"
742,"[24, 33, 181, 183]"
743,"[24, 26, 181, 182]"
744,"[24, 43, 179, 182]"
745,"[46, 47, 177, 179, 183]"
746,"[34, 35, 177, 181, 182]"
747,"[30, 38, 39, 179, 182]"
748,"[24, 26, 182, 183]"
749,"[28, 32, 179, 182]"
750,"[24, 50, 179, 182]"
751,"[44, 45, 179, 182]"
752,"[31, 32, 177, 181, 183]"
753,"[24, 43, 179, 182]"
754,"[31, 32, 179, 182]"
755,"[24, 40, 181, 183]"
756,"[38, 39, 177, 179, 182]"
757,"[24, 40, 179, 182]"
758,"[46, 47, 179, 182]"
759,"[36, 37, 177, 181, 183]"
760,"[30, 34, 42, 179, 182]"
761,"[28, 29, 179, 181]"
762,"[24, 40, 179, 181]"
763,"[24, 50, 180, 182]"
764,"[46, 47, 180, 181]"
765,"[30, 31, 32, 180, 182]"
766,"[38, 39, 180, 182]"
767,"[30, 31, 32, 180, 181]"
768,"[24, 48, 179, 182]"
769,"[27, 28, 45, 180, 182]"
770,"[24, 43, 179, 180]"
771,"[30, 31, 32, 179, 182]"
772,"[24, 41, 181, 182]"
773,"[24, 33, 179, 182]"
774,"[36, 37, 179, 181]"
775,"[24, 50, 179, 182]"
776,"[30, 34, 42, 179, 181]"
777,"[34, 35, 177, 181, 182]"
778,"[24, 40, 179, 181]"
779,"[34, 35, 180, 182]"
780,"[34, 42, 180, 181]"
781,"[24, 26, 179, 180]"
782,"[34, 42, 180, 181]"
783,"[31, 32, 179, 180]"
784,"[24, 33, 180, 182]"
785,"[24, 48, 179, 181]"
786,"[24, 40, 181, 183]"
787,"[24, 26, 181, 183]"
788,"[24, 40, 182, 183]"
789,"[31, 32, 181, 183]"
790,"[23, 24, 25, 179, 183]"
791,"[34, 35, 179, 183]"
792,"[28, 29, 30, 179, 183]"
793,"[31, 32, 177, 181, 183]"
794,"[24, 50, 179, 183]"
795,"[24, 41, 179, 183]"
796,"[23, 24, 25, 179, 181]"
797,"[31, 32, 181, 183]"
798,"[31, 32, 181, 183]"
799,"[44, 45, 181, 183]"
800,"[34, 35, 177, 181, 183]"
801,"[24, 41, 179, 183]"
802,"[44, 45, 179, 182]"
803,"[30, 31, 32, 177, 182, 183]"
804,"[30, 34, 42, 179, 183]"
805,"[36, 37, 179, 181]"
806,"[30, 36, 37, 181, 183]"
807,"[34, 35, 181, 183]"
808,"[44, 45, 177, 179, 183]"
809,"[28, 29, 177, 181, 182]"
810,"[24, 26, 51, 179, 181]"
811,"[24, 25, 27, 181, 182]"
812,"[24, 41, 181, 182]"
813,"[27, 44, 45, 177, 179, 180]"
814,"[30, 31, 32, 177, 179, 181]"
815,"[34, 42, 181, 182]"
816,"[23, 24, 25, 179, 180]"
817,"[36, 37, 179, 182]"
818,"[44, 49, 181, 182]"
819,"[34, 35, 179, 180]"
820,"[30, 34, 35, 179, 181]"
821,"[23, 24, 33, 179, 180]"
822,"[28, 29, 179, 180]"
823,"[24, 26, 27, 179, 181]"
824,"[24, 50, 180, 181]"
825,"[44, 45, 180, 181]"
826,"[31, 32, 180, 181]"
827,"[30, 36, 37, 180, 181]"
828,"[30, 31, 32, 179, 182]"
829,"[24, 40, 180, 182]"
830,"[24, 43, 180, 182]"
831,"[28, 29, 181, 182]"
832,"[30, 46, 47, 179, 182]"
833,"[24, 25, 179, 181]"
834,"[24, 41, 180, 182]"
835,"[24, 41, 180, 181]"
836,"[24, 26, 180, 182]"
837,"[38, 39, 180, 181]"
838,"[36, 37, 179, 182]"
839,"[24, 40, 180, 182]"
840,"[24, 43, 179, 180]"
841,"[24, 43, 179, 182]"
842,"[24, 40, 181, 182]"
843,"[24, 30, 33, 179, 182]"
844,"[31, 42, 179, 181]"
845,"[31, 32, 179, 182]"
846,"[44, 45, 179, 181]"
847,"[24, 27, 48, 181, 182]"
848,"[24, 43, 179, 181]"
849,"[24, 48, 180, 182]"
850,"[38, 39, 179, 182]"
851,"[24, 26, 27, 180, 181]"
852,"[31, 32, 179, 180]"
853,"[36, 37, 179, 181]"
854,"[24, 50, 180, 181]"
855,"[24, 40, 179, 180]"
856,"[34, 35, 177, 180, 182]"
857,"[34, 42, 177, 179, 181]"
858,"[24, 43, 180, 182]"
859,"[27, 36, 37, 180, 182]"
860,"[24, 40, 179, 182]"
861,"[24, 50, 177, 181, 182]"
862,"[24, 40, 179, 180]"
863,"[28, 32, 179, 181]"
864,"[36, 37, 180, 182]"
865,"[24, 50, 181, 182]"
866,"[28, 30, 47, 177, 179, 180]"
867,"[24, 43, 179, 182]"
868,"[34, 42, 181, 182]"
869,"[44, 45, 179, 180]"
870,"[24, 33, 179, 181]"
871,"[23, 24, 25, 177, 179, 180]"
872,"[32, 36, 179, 180]"
873,"[24, 27, 40, 179, 181]"
874,"[36, 37, 181, 182]"
875,"[38, 39, 180, 181]"
876,"[24, 50, 180, 181]"
877,"[24, 40, 180, 181]"
878,"[24, 26, 51, 180, 181]"
879,"[31, 32, 179, 182]"
880,"[30, 31, 42, 180, 182]"
881,"[23, 24, 25, 180, 182]"
882,"[44, 45, 179, 182]"
883,"[27, 36, 37, 181, 182]"
884,"[30, 38, 39, 179, 180]"
885,"[36, 37, 181, 182]"
886,"[24, 40, 180, 181]"
887,"[24, 33, 180, 181]"
888,"[31, 32, 179, 180]"
889,"[44, 45, 181, 182]"
890,"[24, 40, 180, 181]"
891,"[27, 37, 38, 179, 180]"
892,"[28, 29, 181, 182]"
893,"[24, 40, 181, 182]"
894,"[30, 34, 42, 179, 180]"
895,"[31, 32, 180, 181]"
896,"[24, 40, 179, 180]"
897,"[36, 37, 179, 180]"
898,"[36, 37, 181, 182]"
899,"[24, 33, 180, 181]"
900,"[31, 32, 177, 179, 181]"
901,"[24, 33, 181, 182]"
902,"[46, 47, 181, 182]"
903,"[24, 26, 179, 180]"
904,"[24, 27, 40, 179, 181]"
905,"[31, 32, 180, 182]"
906,"[24, 26, 181, 182]"
907,"[24, 25, 179, 180]"
908,"[24, 40, 179, 182]"
909,"[24, 48, 177, 181, 182]"
910,"[30, 38, 39, 179, 180]"
911,"[24, 41, 179, 181]"
912,"[28, 29, 30, 179, 180]"
913,"[24, 27, 41, 179, 180]"
914,"[44, 49, 177, 179, 181]"
915,"[24, 43, 181, 182]"
916,"[36, 37, 180, 181]"
917,"[24, 33, 180, 181]"
918,"[34, 35, 180, 181]"
919,"[31, 32, 180, 181]"
920,"[44, 45, 179, 180]"
921,"[30, 34, 35, 180, 182]"
922,"[30, 38, 39, 180, 182]"
923,"[34, 42, 177, 179, 181]"
924,"[34, 35, 181, 182]"
925,"[23, 24, 25, 179, 181]"
926,"[28, 45, 181, 182]"
927,"[24, 41, 181, 183]"
928,"[38, 39, 179, 181]"
929,"[23, 24, 33, 182, 183]"
930,"[24, 26, 181, 183]"
931,"[24, 40, 179, 183]"
932,"[44, 45, 179, 183]"
933,"[28, 29, 179, 183]"
934,"[28, 29, 181, 183]"
935,"[30, 34, 35, 179, 183]"
936,"[38, 39, 179, 181]"
937,"[24, 40, 179, 183]"
938,"[24, 50, 181, 183]"
939,"[24, 27, 43, 181, 183]"
940,"[24, 26, 179, 183]"
941,"[31, 32, 179, 182]"
942,"[34, 35, 182, 183]"
943,"[24, 25, 30, 179, 183]"
944,"[31, 32, 181, 182]"
945,"[34, 35, 179, 181]"
946,"[24, 26, 181, 183]"
947,"[36, 37, 181, 183]"
948,"[30, 31, 32, 179, 183]"
949,"[31, 32, 181, 182]"
950,"[24, 41, 179, 183]"
951,"[24, 26, 181, 183]"
952,"[24, 25, 27, 181, 183]"
953,"[28, 29, 179, 181]"
954,"[24, 33, 182, 183]"
955,"[38, 39, 181, 183]"
956,"[24, 40, 179, 183]"
957,"[24, 30, 33, 179, 183]"
958,"[24, 40, 179, 183]"
959,"[31, 32, 181, 183]"
960,"[36, 37, 179, 183]"
961,"[31, 42, 179, 181]"
962,"[36, 37, 179, 183]"
963,"[24, 41, 179, 183]"
964,"[38, 39, 177, 179, 181]"
965,"[38, 39, 181, 183]"
966,"[44, 45, 181, 183]"
967,"[24, 26, 27, 181, 183]"
968,"[38, 39, 177, 181, 183]"
969,"[28, 29, 181, 183]"
970,"[30, 34, 42, 179, 183]"
971,"[24, 43, 179, 182]"
972,"[44, 45, 182, 183]"
973,"[34, 42, 179, 183]"
974,"[24, 43, 181, 182]"
975,"[23, 24, 33, 179, 181]"
976,"[34, 42, 181, 183]"
977,"[30, 36, 37, 181, 183]"
978,"[24, 43, 179, 183]"
979,"[28, 29, 181, 182]"
980,"[23, 28, 47, 177, 179, 181]"
981,"[31, 32, 181, 182]"
982,"[30, 34, 35, 177, 180, 181]"
983,"[24, 26, 179, 180]"
984,"[23, 24, 25, 179, 180]"
985,"[24, 41, 180, 181]"
986,"[38, 39, 179, 180]"
987,"[30, 36, 37, 179, 181]"
988,"[24, 43, 180, 181]"
989,"[28, 29, 179, 180]"
990,"[27, 44, 45, 179, 181]"
991,"[24, 40, 179, 180]"
992,"[23, 24, 33, 179, 180]"
993,"[24, 40, 179, 181]"
994,"[34, 35, 180, 181]"
995,"[34, 42, 180, 181]"
996,"[24, 43, 180, 181]"
997,"[36, 37, 177, 180, 181]"
998,"[34, 42, 180, 181]"
999,"[31, 32, 179, 181]"
1000,"[34, 35, 177, 180, 181]"
1001,"[38, 39, 180, 181]"
1002,"[24, 26, 30, 179, 181]"
1003,"[24, 25, 180, 181]"
1004,"[24, 26, 30, 179, 181]"
1005,"[24, 40, 181, 183]"
1006,"[24, 33, 181, 183]"
1007,"[28, 29, 177, 179, 183]"
1008,"[39, 46, 177, 179, 181]"
1009,"[34, 35, 181, 183]"
1010,"[31, 32, 179, 183]"
1011,"[24, 26, 27, 179, 183]"
1012,"[31, 32, 177, 181, 183]"
1013,"[24, 26, 179, 183]"
1014,"[24, 43, 179, 181]"
1015,"[30, 34, 35, 179, 183]"
1016,"[31, 32, 179, 183]"
1017,"[24, 48, 179, 181]"
1018,"[36, 37, 181, 183]"
1019,"[31, 32, 181, 183]"
1020,"[24, 27, 50, 181, 183]"
1021,"[44, 49, 177, 181, 183]"
1022,"[24, 40, 181, 183]"
1023,"[24, 40, 179, 183]"
1024,"[36, 37, 182, 183]"
1025,"[24, 50, 182, 183]"
1026,"[34, 42, 177, 179, 183]"
1027,"[24, 43, 181, 183]"
1028,"[31, 32, 179, 181]"
1029,"[30, 34, 35, 179, 182]"
1030,"[31, 32, 181, 183]"
1031,"[34, 42, 177, 181, 183]"
1032,"[31, 32, 181, 183]"
1033,"[24, 40, 179, 181]"
1034,"[30, 34, 35, 180, 182]"
1035,"[38, 39, 180, 181]"
1036,"[44, 45, 180, 182]"
1037,"[31, 32, 180, 181]"
1038,"[24, 25, 179, 182]"
1039,"[38, 39, 180, 182]"
1040,"[31, 32, 179, 180]"
1041,"[24, 43, 179, 182]"
1042,"[23, 24, 25, 179, 182]"
1043,"[24, 26, 179, 182]"
1044,"[31, 32, 179, 181]"
1045,"[44, 45, 179, 181]"
1046,"[31, 32, 177, 181, 182]"
1047,"[31, 32, 180, 182]"
1048,"[31, 32, 179, 182]"
1049,"[24, 50, 180, 181]"
1050,"[36, 37, 179, 180]"
1051,"[28, 29, 179, 181]"
1052,"[24, 40, 180, 181]"
1053,"[38, 39, 179, 180]"
1054,"[24, 26, 179, 180]"
1055,"[23, 24, 25, 179, 181]"
1056,"[24, 48, 180, 182]"
1057,"[44, 45, 180, 181]"
1058,"[24, 43, 180, 182]"
1059,"[24, 33, 179, 182]"
1060,"[24, 30, 41, 180, 181]"
1061,"[28, 29, 179, 182]"
1062,"[23, 24, 25, 180, 182]"
1063,"[31, 32, 179, 180]"
1064,"[24, 25, 181, 182]"
1065,"[24, 27, 40, 179, 182]"
1066,"[30, 44, 45, 179, 181]"
1067,"[24, 25, 27, 179, 181]"
1068,"[38, 39, 181, 182]"
1069,"[30, 36, 37, 179, 181]"
1070,"[24, 43, 177, 180, 182]"
1071,"[44, 45, 179, 182]"
1072,"[34, 35, 180, 181]"
1073,"[34, 35, 177, 179, 180]"
1074,"[31, 32, 179, 181]"
1075,"[24, 40, 180, 181]"
1076,"[28, 29, 179, 180]"
1077,"[36, 37, 180, 182]"
1078,"[24, 40, 179, 181]"
1079,"[34, 35, 180, 182]"
1080,"[30, 34, 42, 180, 181]"
1081,"[27, 34, 42, 180, 182]"
1082,"[28, 29, 179, 182]"
1083,"[24, 33, 177, 179, 181]"
1084,"[24, 50, 180, 182]"
1085,"[31, 45, 177, 180, 181]"
1086,"[38, 39, 177, 180, 182]"
1087,"[24, 43, 179, 182]"
1088,"[46, 47, 177, 180, 181]"
1089,"[24, 40, 179, 182]"
1090,"[31, 32, 177, 180, 182]"
1091,"[24, 41, 179, 180]"
1092,"[36, 37, 179, 182]"
1093,"[30, 31, 32, 181, 182]"
1094,"[44, 45, 177, 179, 182]"
1095,"[24, 25, 179, 181]"
1096,"[31, 32, 177, 179, 182]"
1097,"[30, 34, 42, 181, 182]"
1098,"[24, 33, 51, 179, 181]"
1099,"[31, 32, 179, 182]"
1100,"[28, 29, 177, 180, 181]"
1101,"[44, 45, 179, 180]"
1102,"[24, 26, 179, 181]"
1103,"[36, 37, 180, 181]"
1104,"[34, 35, 179, 180]"
1105,"[37, 38, 180, 182]"
1106,"[24, 33, 179, 181]"
1107,"[24, 30, 43, 181, 183]"
1108,"[24, 25, 181, 183]"
1109,"[38, 39, 177, 179, 181]"
1110,"[24, 41, 181, 182]"
1111,"[28, 29, 30, 181, 183]"
1112,"[28, 29, 177, 179, 183]"
1113,"[24, 25, 179, 183]"
1114,"[24, 26, 27, 179, 183]"
1115,"[34, 42, 181, 183]"
1116,"[30, 31, 32, 177, 179, 183]"
1117,"[28, 29, 179, 181]"
1118,"[23, 24, 33, 179, 183]"
1119,"[24, 30, 33, 179, 183]"
1120,"[24, 26, 181, 183]"
1121,"[44, 45, 181, 183]"
1122,"[24, 26, 181, 183]"
1123,"[34, 42, 181, 183]"
1124,"[31, 32, 181, 183]"
1125,"[31, 32, 182, 183]"
1126,"[30, 34, 42, 182, 183]"
1127,"[44, 49, 179, 183]"
1128,"[24, 26, 179, 181]"
1129,"[30, 32, 36, 181, 183]"
1130,"[30, 31, 32, 181, 182]"
1131,"[31, 32, 179, 183]"
1132,"[24, 50, 182, 183]"
1133,"[24, 50, 181, 182]"
1134,"[23, 24, 33, 177, 181, 183]"
1135,"[24, 48, 181, 182]"
1136,"[23, 24, 25, 177, 179, 183]"
1137,"[24, 26, 181, 182]"
1138,"[24, 33, 179, 183]"
1139,"[31, 32, 181, 183]"
1140,"[24, 40, 179, 183]"
1141,"[27, 28, 45, 179, 183]"
1142,"[24, 27, 43, 181, 183]"
1143,"[31, 32, 179, 183]"
1144,"[28, 29, 179, 181]"
1145,"[34, 35, 179, 183]"
1146,"[24, 40, 179, 183]"
1147,"[36, 37, 179, 181]"
1148,"[28, 37, 181, 182]"
1149,"[30, 31, 42, 181, 183]"
1150,"[44, 45, 181, 183]"
1151,"[24, 41, 181, 183]"
1152,"[30, 36, 37, 181, 182]"
1153,"[24, 25, 30, 179, 183]"
1154,"[46, 47, 182, 183]"
1155,"[28, 29, 30, 182, 183]"
1156,"[31, 32, 179, 183]"
1157,"[28, 30, 37, 181, 183]"
1158,"[27, 34, 42, 179, 181]"
1159,"[28, 42, 181, 183]"
1160,"[24, 40, 181, 183]"
1161,"[24, 27, 41, 177, 179, 183]"
1162,"[30, 34, 35, 182, 183]"
1163,"[31, 45, 179, 181]"
1164,"[24, 50, 180, 182]"
1165,"[24, 43, 180, 182]"
1166,"[31, 45, 180, 182]"
1167,"[34, 42, 180, 181]"
1168,"[24, 41, 177, 179, 182]"
1169,"[24, 40, 180, 182]"
1170,"[24, 33, 179, 180]"
1171,"[24, 50, 179, 182]"
1172,"[24, 50, 179, 182]"
1173,"[36, 37, 179, 181]"
1174,"[34, 42, 177, 179, 182]"
1175,"[34, 35, 179, 181]"
1176,"[24, 25, 181, 182]"
1177,"[24, 26, 180, 182]"
1178,"[23, 24, 33, 179, 182]"
1179,"[24, 30, 43, 180, 181]"
1180,"[28, 29, 179, 180]"
1181,"[28, 43, 179, 181]"
1182,"[24, 26, 180, 181]"
1183,"[34, 42, 180, 182]"
1184,"[23, 24, 25, 179, 181]"
1185,"[24, 26, 181, 183]"
1186,"[24, 33, 181, 182]"
1187,"[24, 43, 179, 183]"
1188,"[46, 47, 181, 182]"
1189,"[24, 33, 179, 183]"
1190,"[24, 41, 179, 183]"
1191,"[30, 44, 45, 179, 183]"
1192,"[24, 40, 181, 183]"
1193,"[24, 48, 179, 183]"
1194,"[24, 26, 179, 181]"
1195,"[24, 40, 179, 183]"
1196,"[24, 50, 179, 183]"
1197,"[31, 32, 179, 181]"
1198,"[34, 35, 181, 182]"
1199,"[44, 45, 181, 183]"
1200,"[30, 36, 37, 181, 183]"
1201,"[28, 29, 181, 183]"
1202,"[34, 35, 181, 182]"
1203,"[31, 32, 182, 183]"
1204,"[38, 39, 179, 183]"
1205,"[28, 29, 181, 183]"
1206,"[24, 40, 179, 181]"
1207,"[28, 29, 181, 183]"
1208,"[46, 47, 181, 183]"
1209,"[38, 39, 179, 183]"
1210,"[28, 29, 30, 182, 183]"
1211,"[24, 33, 179, 181]"
1212,"[24, 26, 181, 183]"
1213,"[24, 25, 177, 179, 181]"
1214,"[28, 29, 182, 183]"
1215,"[44, 45, 181, 183]"
1216,"[24, 50, 179, 183]"
1217,"[30, 38, 39, 179, 183]"
1218,"[30, 34, 35, 181, 183]"
1219,"[24, 43, 179, 183]"
1220,"[31, 32, 179, 181]"
1221,"[28, 29, 30, 179, 183]"
1222,"[24, 40, 179, 183]"
1223,"[44, 45, 179, 181]"
1224,"[31, 32, 181, 183]"
1225,"[31, 32, 177, 181, 183]"
1226,"[24, 43, 181, 183]"
1227,"[24, 26, 27, 181, 183]"
1228,"[34, 42, 179, 183]"
1229,"[28, 37, 179, 182]"
1230,"[31, 32, 182, 183]"
1231,"[44, 49, 179, 183]"
1232,"[30, 31, 42, 181, 182]"
1233,"[36, 37, 179, 181]"
1234,"[24, 48, 181, 183]"
1235,"[31, 32, 181, 183]"
1236,"[30, 46, 47, 177, 181, 183]"
1237,"[30, 38, 39, 177, 181, 183]"
1238,"[23, 24, 33, 179, 181]"
1239,"[24, 26, 180, 182]"
1240,"[24, 48, 180, 181]"
1241,"[24, 33, 180, 182]"
1242,"[24, 33, 179, 182]"
1243,"[24, 43, 180, 181]"
1244,"[28, 29, 30, 180, 182]"
1245,"[31, 32, 179, 180]"
1246,"[24, 45, 177, 179, 182]"
1247,"[34, 35, 181, 182]"
1248,"[28, 29, 179, 182]"
1249,"[24, 50, 179, 181]"
1250,"[34, 42, 179, 182]"
1251,"[24, 25, 179, 181]"
1252,"[31, 32, 181, 182]"
1253,"[31, 32, 179, 181]"
1254,"[28, 29, 177, 180, 182]"
1255,"[38, 39, 179, 182]"
1256,"[31, 32, 180, 181]"
1257,"[30, 36, 37, 179, 180]"
1258,"[24, 30, 33, 179, 181]"
1259,"[36, 37, 180, 181]"
1260,"[31, 32, 179, 180]"
1261,"[24, 40, 180, 182]"
1262,"[24, 40, 179, 181]"
1263,"[24, 50, 180, 182]"
1264,"[24, 50, 180, 181]"
1265,"[27, 44, 45, 180, 182]"
1266,"[24, 43, 179, 181]"
1267,"[24, 25, 180, 182]"
1268,"[34, 42, 180, 181]"
1269,"[24, 48, 180, 182]"
1270,"[24, 26, 179, 182]"
1271,"[28, 29, 180, 181]"
1272,"[24, 43, 179, 182]"
1273,"[24, 40, 180, 182]"
1274,"[30, 44, 45, 179, 180]"
1275,"[28, 29, 30, 179, 182]"
1276,"[24, 40, 179, 182]"
1277,"[24, 41, 181, 182]"
1278,"[28, 29, 179, 182]"
1279,"[34, 35, 177, 179, 181]"
1280,"[24, 26, 181, 182]"
1281,"[34, 42, 179, 181]"
1282,"[30, 38, 39, 180, 182]"
1283,"[34, 35, 179, 182]"
1284,"[31, 32, 180, 181]"
1285,"[24, 25, 179, 180]"
1286,"[24, 26, 179, 181]"
1287,"[24, 40, 180, 181]"
1288,"[30, 34, 35, 179, 180]"
1289,"[46, 47, 180, 182]"
1290,"[56, 179, 182]"
1291,"[52, 179, 182]"
1292,"[54, 179, 182]"
1293,"[56, 179, 183]"
1294,"[52, 179, 183]"
1295,"[55, 179, 183]"
1296,"[54, 181, 182]"
1297,"[52, 181, 182]"
1298,"[52, 181, 182]"
1299,"[52, 179, 182]"
1300,"[53, 179, 182]"
1301,"[54, 179, 182]"
1302,"[53, 179, 183]"
1303,"[52, 179, 183]"
1304,"[54, 179, 183]"
1305,"[52, 179, 182]"
1306,"[53, 179, 182]"
1307,"[54, 179, 182]"
1308,"[53, 181, 182]"
1309,"[54, 181, 182]"
1310,"[55, 181, 182]"
1311,"[56, 179, 182]"
1312,"[52, 179, 182]"
1313,"[52, 179, 182]"
1314,"[53, 179, 182]"
1315,"[54, 179, 182]"
1316,"[52, 179, 182]"
1317,"[52, 179, 182]"
1318,"[53, 179, 182]"
1319,"[55, 179, 182]"
1320,"[56, 181, 182]"
1321,"[53, 181, 182]"
1322,"[52, 181, 182]"
1323,"[56, 177, 179, 183]"
1324,"[53, 179, 183]"
1325,"[54, 179, 183]"
1326,"[56, 181, 182]"
1327,"[52, 181, 182]"
1328,"[54, 177, 181, 182]"
1329,"[53, 179, 182]"
1330,"[52, 179, 182]"
1331,"[52, 179, 182]"
1332,"[52, 181, 183]"
1333,"[53, 181, 183]"
1334,"[54, 181, 183]"
1335,"[53, 179, 182]"
1336,"[54, 179, 182]"
1337,"[52, 179, 182]"
1338,"[52, 179, 183]"
1339,"[52, 177, 179, 183]"
1340,"[52, 179, 183]"
1341,"[52, 181, 182]"
1342,"[52, 177, 181, 182]"
1343,"[54, 181, 182]"
1344,"[53, 182, 183]"
1345,"[52, 182, 183]"
1346,"[54, 182, 183]"
1347,"[56, 179, 182]"
1348,"[53, 179, 182]"
1349,"[52, 179, 182]"
1350,"[56, 181, 182]"
1351,"[53, 181, 182]"
1352,"[52, 181, 182]"
1353,"[53, 181, 183]"
1354,"[54, 181, 183]"
1355,"[52, 181, 183]"
1356,"[56, 179, 183]"
1357,"[53, 179, 183]"
1358,"[54, 179, 183]"
1359,"[52, 179, 182]"
1360,"[52, 179, 182]"
1361,"[54, 179, 182]"
1362,"[52, 181, 182]"
1363,"[52, 181, 182]"
1364,"[54, 181, 182]"
1365,"[53, 179, 183]"
1366,"[53, 179, 183]"
1367,"[54, 179, 183]"
1368,"[56, 181, 182]"
1369,"[53, 181, 182]"
1370,"[55, 181, 182]"
1371,"[52, 180, 181, 182]"
1372,"[52, 180, 181, 182]"
1373,"[55, 180, 181, 182]"
1374,"[53, 180, 181, 182]"
1375,"[54, 180, 181, 182]"
1376,"[52, 180, 181, 182]"
1377,"[56, 179, 180, 182]"
1378,"[52, 179, 180, 182]"
1379,"[52, 177, 179, 180, 182]"
1380,"[53, 179, 180, 181]"
1381,"[52, 179, 180, 181]"
1382,"[52, 179, 180, 181]"
1383,"[53, 180, 181, 182]"
1384,"[53, 180, 181, 182]"
1385,"[54, 180, 181, 182]"
1386,"[56, 179, 180, 181]"
1387,"[52, 179, 180, 181]"
1388,"[55, 179, 180, 181]"
1389,"[52, 179, 183]"
1390,"[58, 179, 183]"
1391,"[55, 179, 183]"
1392,"[53, 179, 183]"
1393,"[54, 179, 183]"
1394,"[58, 179, 183]"
1395,"[52, 181, 183]"
1396,"[58, 181, 183]"
1397,"[54, 181, 183]"
1398,"[56, 179, 183]"
1399,"[58, 179, 183]"
1400,"[52, 179, 183]"
1401,"[53, 180, 181]"
1402,"[53, 177, 180, 181]"
1403,"[55, 180, 181]"
1404,"[56, 181, 182]"
1405,"[53, 177, 181, 182]"
1406,"[55, 181, 182]"
1407,"[53, 179, 180]"
1408,"[53, 179, 180]"
1409,"[54, 179, 180]"
1410,"[54, 181, 182]"
1411,"[52, 177, 181, 182]"
1412,"[52, 181, 182]"
1413,"[53, 180, 181]"
1414,"[53, 180, 181]"
1415,"[54, 180, 181]"
1416,"[53, 179, 180]"
1417,"[55, 179, 180]"
1418,"[55, 179, 180]"
1419,"[53, 179, 181]"
1420,"[53, 179, 181]"
1421,"[55, 179, 181]"
1422,"[56, 179, 180]"
1423,"[52, 177, 179, 180]"
1424,"[54, 179, 180]"
1425,"[53, 177, 179, 180]"
1426,"[56, 179, 180]"
1427,"[54, 179, 180]"
1428,"[56, 181, 182, 183]"
1429,"[57, 181, 182, 183]"
1430,"[52, 181, 182, 183]"
1431,"[53, 179, 182, 183]"
1432,"[52, 179, 182, 183]"
1433,"[52, 179, 182, 183]"
1434,"[53, 181, 182, 183]"
1435,"[57, 181, 182, 183]"
1436,"[52, 181, 182, 183]"
1437,"[53, 179, 180]"
1438,"[58, 179, 180]"
1439,"[52, 179, 180]"
1440,"[56, 179, 180]"
1441,"[58, 179, 180]"
1442,"[54, 179, 180]"
1443,"[56, 181, 182]"
1444,"[58, 181, 182]"
1445,"[55, 181, 182]"
1446,"[52, 179, 180]"
1447,"[58, 179, 180]"
1448,"[54, 177, 179, 180]"
1449,"[53, 180, 181]"
1450,"[58, 180, 181]"
1451,"[54, 180, 181]"
1452,"[52, 180, 181]"
1453,"[58, 180, 181]"
1454,"[54, 177, 180, 181]"
1455,"[53, 179, 180]"
1456,"[58, 179, 180]"
1457,"[54, 179, 180]"
1458,"[52, 181, 182]"
1459,"[58, 181, 182]"
1460,"[54, 181, 182]"
1461,"[52, 179, 180]"
1462,"[58, 179, 180]"
1463,"[52, 179, 180]"
1464,"[54, 179, 180]"
1465,"[58, 179, 180]"
1466,"[55, 177, 179, 180]"
1467,"[52, 180, 181]"
1468,"[53, 180, 181]"
1469,"[57, 180, 181]"
1470,"[52, 179, 180]"
1471,"[57, 179, 180]"
1472,"[52, 179, 180]"
1473,"[56, 179, 180]"
1474,"[57, 179, 180]"
1475,"[52, 177, 179, 180]"
1476,"[54, 180, 181]"
1477,"[53, 180, 181]"
1478,"[57, 180, 181]"
1479,"[56, 179, 182]"
1480,"[57, 177, 179, 182]"
1481,"[55, 179, 182]"
1482,"[56, 180, 181]"
1483,"[57, 180, 181]"
1484,"[55, 180, 181]"
1485,"[56, 179, 180]"
1486,"[57, 179, 180]"
1487,"[55, 179, 180]"
1488,"[53, 179, 180]"
1489,"[57, 177, 179, 180]"
1490,"[54, 179, 180]"
1491,"[53, 177, 179, 182]"
1492,"[57, 179, 182]"
1493,"[55, 179, 182]"
1494,"[53, 180, 181]"
1495,"[57, 180, 181]"
1496,"[54, 180, 181]"
1497,"[53, 179, 182]"
1498,"[54, 179, 182]"
1499,"[52, 179, 182]"
1500,"[52, 179, 181]"
1501,"[53, 179, 181]"
1502,"[52, 179, 181]"
1503,"[52, 179, 183]"
1504,"[52, 179, 183]"
1505,"[52, 179, 183]"
1506,"[56, 182, 183]"
1507,"[52, 182, 183]"
1508,"[55, 182, 183]"
1509,"[53, 179, 182]"
1510,"[52, 179, 182]"
1511,"[52, 179, 182]"
1512,"[52, 181, 182]"
1513,"[52, 181, 182]"
1514,"[52, 181, 182]"
1515,"[56, 181, 183]"
1516,"[53, 181, 183]"
1517,"[55, 181, 183]"
1518,"[56, 179, 183]"
1519,"[52, 179, 183]"
1520,"[52, 179, 183]"
1521,"[53, 181, 182]"
1522,"[52, 181, 182]"
1523,"[52, 181, 182]"
1524,"[56, 179, 182]"
1525,"[52, 179, 182]"
1526,"[55, 179, 182]"
1527,"[56, 177, 181, 182]"
1528,"[53, 181, 182]"
1529,"[54, 181, 182]"
1530,"[53, 181, 183]"
1531,"[56, 181, 183]"
1532,"[54, 181, 183]"
1533,"[56, 179, 183]"
1534,"[54, 179, 183]"
1535,"[52, 177, 179, 183]"
1536,"[54, 179, 183]"
1537,"[52, 179, 183]"
1538,"[54, 177, 179, 183]"
1539,"[56, 181, 183]"
1540,"[53, 177, 181, 183]"
1541,"[55, 181, 183]"
1542,"[52, 179, 183]"
1543,"[54, 179, 183]"
1544,"[55, 179, 183]"
1545,"[53, 181, 183]"
1546,"[52, 181, 183]"
1547,"[54, 181, 183]"
1548,"[53, 181, 182]"
1549,"[52, 181, 182]"
1550,"[52, 181, 182]"
1551,"[53, 179, 183]"
1552,"[52, 179, 183]"
1553,"[52, 179, 183]"
1554,"[53, 179, 183]"
1555,"[54, 179, 183]"
1556,"[58, 179, 183]"
1557,"[53, 181, 183]"
1558,"[53, 181, 183]"
1559,"[58, 181, 183]"
1560,"[56, 181, 183]"
1561,"[52, 181, 183]"
1562,"[58, 181, 183]"
1563,"[56, 181, 182]"
1564,"[54, 181, 182]"
1565,"[58, 177, 181, 182]"
1566,"[53, 179, 182]"
1567,"[58, 179, 182]"
1568,"[55, 179, 182]"
1569,"[53, 180, 181]"
1570,"[58, 180, 181]"
1571,"[55, 180, 181]"
1572,"[52, 180, 181]"
1573,"[58, 180, 181]"
1574,"[54, 180, 181]"
1575,"[56, 180, 181]"
1576,"[52, 180, 181]"
1577,"[58, 180, 181]"
1578,"[53, 180, 181]"
1579,"[58, 180, 181]"
1580,"[55, 180, 181]"
1581,"[54, 180, 181]"
1582,"[52, 180, 181]"
1583,"[58, 180, 181]"
1584,"[58, 180, 181]"
1585,"[54, 180, 181]"
1586,"[54, 180, 181]"
1587,"[52, 180, 181]"
1588,"[58, 180, 181]"
1589,"[54, 180, 181]"
1590,"[54, 180, 181]"
1591,"[58, 180, 181]"
1592,"[52, 180, 181]"
1593,"[52, 180, 181]"
1594,"[54, 180, 181]"
1595,"[58, 180, 181]"
1596,"[53, 181, 182, 183]"
1597,"[57, 181, 182, 183]"
1598,"[55, 177, 181, 182, 183]"
1599,"[53, 179, 181, 183]"
1600,"[52, 179, 181, 183]"
1601,"[55, 179, 181, 183]"
1602,"[53, 177, 181, 182, 183]"
1603,"[53, 181, 182, 183]"
1604,"[55, 181, 182, 183]"
1605,"[52, 179, 182, 183]"
1606,"[52, 179, 182, 183]"
1607,"[57, 179, 182, 183]"
1608,"[52, 181, 182, 183]"
1609,"[54, 181, 182, 183]"
1610,"[52, 181, 182, 183]"
1611,"[56, 179, 181, 183]"
1612,"[53, 179, 181, 183]"
1613,"[52, 179, 181, 183]"
1614,"[54, 179, 182, 183]"
1615,"[54, 179, 182, 183]"
1616,"[54, 179, 182, 183]"
1617,"[53, 179, 181, 183]"
1618,"[52, 179, 181, 183]"
1619,"[55, 179, 181, 183]"
1620,"[53, 179, 181, 182]"
1621,"[52, 179, 181, 182]"
1622,"[54, 179, 181, 182]"
1623,"[52, 179, 180]"
1624,"[53, 179, 180]"
1625,"[54, 179, 180]"
1626,"[53, 179, 180]"
1627,"[53, 177, 179, 180]"
1628,"[55, 179, 180]"
1629,"[53, 179, 182]"
1630,"[55, 179, 182]"
1631,"[52, 179, 182]"
1632,"[53, 179, 180]"
1633,"[54, 179, 180]"
1634,"[55, 179, 180]"
1635,"[53, 181, 182]"
1636,"[54, 181, 182]"
1637,"[52, 177, 181, 182]"
1638,"[56, 177, 180, 181]"
1639,"[53, 180, 181]"
1640,"[54, 180, 181]"
1641,"[56, 179, 180]"
1642,"[52, 179, 180]"
1643,"[52, 179, 180]"
1644,"[53, 181, 182]"
1645,"[52, 181, 182]"
1646,"[54, 177, 181, 182]"
1647,"[56, 179, 180]"
1648,"[52, 179, 180]"
1649,"[55, 179, 180]"
1650,"[53, 179, 180]"
1651,"[53, 179, 180]"
1652,"[55, 179, 180]"
1653,"[53, 181, 183]"
1654,"[52, 181, 183]"
1655,"[54, 177, 181, 183]"
1656,"[53, 179, 182]"
1657,"[52, 177, 179, 182]"
1658,"[52, 179, 182]"
1659,"[53, 181, 183]"
1660,"[52, 181, 183]"
1661,"[52, 181, 183]"
1662,"[56, 179, 182]"
1663,"[52, 177, 179, 182]"
1664,"[55, 179, 182]"
1665,"[53, 177, 181, 183]"
1666,"[52, 181, 183]"
1667,"[54, 181, 183]"
1668,"[56, 179, 182]"
1669,"[54, 179, 182]"
1670,"[52, 179, 182]"
1671,"[56, 179, 183]"
1672,"[53, 179, 183]"
1673,"[54, 179, 183]"
1674,"[53, 179, 182]"
1675,"[52, 179, 182]"
1676,"[52, 179, 182]"
1677,"[56, 179, 183]"
1678,"[52, 179, 183]"
1679,"[55, 179, 183]"
1680,"[52, 179, 182]"
1681,"[52, 179, 182]"
1682,"[54, 179, 182]"
1683,"[56, 179, 180]"
1684,"[52, 179, 180]"
1685,"[58, 179, 180]"
1686,"[53, 179, 182]"
1687,"[58, 179, 182]"
1688,"[54, 179, 182]"
1689,"[52, 179, 180]"
1690,"[58, 177, 179, 180]"
1691,"[54, 179, 180]"
1692,"[53, 179, 182]"
1693,"[58, 179, 182]"
1694,"[54, 179, 182]"
1695,"[56, 180, 181]"
1696,"[57, 180, 181]"
1697,"[54, 180, 181]"
1698,"[53, 180, 181]"
1699,"[57, 180, 181]"
1700,"[55, 180, 181]"
1701,"[56, 180, 181]"
1702,"[54, 180, 181]"
1703,"[57, 180, 181]"
1704,"[53, 180, 181]"
1705,"[52, 180, 181]"
1706,"[57, 180, 181]"
1707,"[53, 180, 181]"
1708,"[57, 180, 181]"
1709,"[52, 180, 181]"
1710,"[52, 180, 181]"
1711,"[54, 180, 181]"
1712,"[57, 180, 181]"
1713,"[53, 180, 181]"
1714,"[52, 180, 181]"
1715,"[57, 180, 181]"
1716,"[56, 179, 183]"
1717,"[53, 179, 183]"
1718,"[55, 179, 183]"
1719,"[56, 179, 182]"
1720,"[52, 179, 182]"
1721,"[55, 179, 182]"
1722,"[53, 179, 183]"
1723,"[56, 179, 183]"
1724,"[54, 179, 183]"
1725,"[53, 181, 182]"
1726,"[52, 181, 182]"
1727,"[54, 181, 182]"
1728,"[52, 181, 182]"
1729,"[52, 181, 182]"
1730,"[55, 181, 182]"
1731,"[56, 179, 182]"
1732,"[53, 179, 182]"
1733,"[55, 179, 182]"
1734,"[56, 179, 182]"
1735,"[52, 179, 182]"
1736,"[55, 179, 182]"
1737,"[53, 180, 181]"
1738,"[54, 180, 181]"
1739,"[57, 177, 180, 181]"
1740,"[52, 179, 180]"
1741,"[57, 179, 180]"
1742,"[55, 179, 180]"
1743,"[53, 180, 181]"
1744,"[57, 180, 181]"
1745,"[54, 180, 181]"
1746,"[56, 179, 180]"
1747,"[52, 179, 180]"
1748,"[54, 177, 179, 180]"
1749,"[53, 179, 180]"
1750,"[54, 177, 179, 180]"
1751,"[55, 179, 180]"
1752,"[53, 181, 182]"
1753,"[52, 181, 182]"
1754,"[54, 177, 181, 182]"
1755,"[56, 179, 180]"
1756,"[53, 179, 180]"
1757,"[55, 179, 180]"
1758,"[56, 180, 181]"
1759,"[53, 180, 181]"
1760,"[54, 177, 180, 181]"
1761,"[56, 179, 180]"
1762,"[54, 179, 180]"
1763,"[54, 179, 180]"
1764,"[53, 179, 180]"
1765,"[52, 179, 180]"
1766,"[54, 179, 180]"
1767,"[56, 179, 180]"
1768,"[53, 179, 180]"
1769,"[55, 179, 180]"
1770,"[56, 180, 181]"
1771,"[55, 180, 181]"
1772,"[54, 180, 181]"
1773,"[52, 179, 180]"
1774,"[54, 179, 180]"
1775,"[54, 179, 180]"
1776,"[56, 180, 181]"
1777,"[52, 180, 181]"
1778,"[54, 180, 181]"
1779,"[52, 179, 180, 181]"
1780,"[52, 179, 180, 181]"
1781,"[54, 179, 180, 181]"
1782,"[56, 179, 180]"
1783,"[57, 179, 180]"
1784,"[54, 179, 180]"
1785,"[52, 179, 180, 182]"
1786,"[52, 179, 180, 182]"
1787,"[55, 179, 180, 182]"
1788,"[54, 180, 181]"
1789,"[52, 180, 181]"
1790,"[54, 180, 181]"
1791,"[53, 179, 182]"
1792,"[54, 179, 182]"
1793,"[57, 179, 182]"
1794,"[53, 180, 181]"
1795,"[52, 180, 181]"
1796,"[54, 180, 181]"
1797,"[53, 180, 181]"
1798,"[58, 180, 181]"
1799,"[52, 180, 181]"
1800,"[56, 180, 181]"
1801,"[58, 180, 181]"
1802,"[54, 180, 181]"
1803,"[56, 180, 181]"
1804,"[54, 180, 181]"
1805,"[54, 180, 181]"
1806,"[53, 179, 180]"
1807,"[52, 179, 180]"
1808,"[55, 179, 180]"
1809,"[53, 179, 182]"
1810,"[54, 179, 182]"
1811,"[55, 179, 182]"
1812,"[56, 180, 181]"
1813,"[52, 180, 181]"
1814,"[57, 180, 181]"
1815,"[56, 179, 180]"
1816,"[52, 179, 180]"
1817,"[54, 179, 180]"
1818,"[57, 180, 181]"
1819,"[52, 180, 181]"
1820,"[55, 180, 181]"
1821,"[56, 179, 180, 182]"
1822,"[52, 179, 180, 182]"
1823,"[54, 179, 180, 182]"
1824,"[52, 180, 181]"
1825,"[54, 180, 181]"
1826,"[54, 180, 181]"
1827,"[56, 180, 181]"
1828,"[58, 180, 181]"
1829,"[52, 180, 181]"
1830,"[56, 180, 181]"
1831,"[54, 180, 181]"
1832,"[58, 180, 181]"
1833,"[53, 179, 183]"
1834,"[52, 177, 179, 183]"
1835,"[52, 179, 183]"
1836,"[53, 177, 179, 183]"
1837,"[52, 179, 183]"
1838,"[55, 179, 183]"
1839,"[53, 181, 183]"
1840,"[56, 181, 183]"
1841,"[52, 181, 183]"
1842,"[53, 179, 183]"
1843,"[52, 179, 183]"
1844,"[55, 179, 183]"
1845,"[52, 181, 183]"
1846,"[52, 181, 183]"
1847,"[52, 181, 183]"
1848,"[52, 181, 182]"
1849,"[53, 181, 182]"
1850,"[55, 181, 182]"
1851,"[53, 179, 183]"
1852,"[52, 179, 183]"
1853,"[54, 179, 183]"
1854,"[52, 181, 182]"
1855,"[55, 181, 182]"
1856,"[52, 177, 181, 182]"
1857,"[52, 177, 179, 183]"
1858,"[54, 179, 183]"
1859,"[54, 179, 183]"
1860,"[56, 179, 183]"
1861,"[53, 177, 179, 183]"
1862,"[54, 179, 183]"
1863,"[52, 180, 181]"
1864,"[53, 180, 181]"
1865,"[55, 180, 181]"
1866,"[53, 180, 181]"
1867,"[52, 180, 181]"
1868,"[54, 180, 181]"
1869,"[56, 180, 181]"
1870,"[53, 180, 181]"
1871,"[54, 180, 181]"
1872,"[53, 180, 181]"
1873,"[52, 180, 181]"
1874,"[52, 180, 181]"
1875,"[56, 180, 181]"
1876,"[53, 180, 181]"
1877,"[55, 180, 181]"
1878,"[53, 180, 181]"
1879,"[52, 180, 181]"
1880,"[54, 180, 181]"
1881,"[53, 180, 181]"
1882,"[54, 180, 181]"
1883,"[52, 180, 181]"
1884,"[56, 180, 181]"
1885,"[53, 180, 181]"
1886,"[52, 180, 181]"
1887,"[56, 180, 181]"
1888,"[53, 180, 181]"
1889,"[54, 180, 181]"
1890,"[56, 180, 181]"
1891,"[52, 180, 181]"
1892,"[54, 180, 181]"
1893,"[53, 180, 181]"
1894,"[52, 180, 181]"
1895,"[54, 180, 181]"
1896,"[52, 180, 181]"
1897,"[52, 180, 181]"
1898,"[55, 180, 181]"
1899,"[56, 180, 181]"
1900,"[53, 180, 181]"
1901,"[55, 180, 181]"
1902,"[53, 180, 181]"
1903,"[52, 180, 181]"
1904,"[54, 180, 181]"
1905,"[53, 180, 181]"
1906,"[52, 180, 181]"
1907,"[54, 180, 181]"
1908,"[53, 180, 181]"
1909,"[52, 180, 181]"
1910,"[54, 180, 181]"
1911,"[53, 180, 181]"
1912,"[52, 180, 181]"
1913,"[55, 180, 181]"
1914,"[52, 180, 181]"
1915,"[54, 180, 181]"
1916,"[52, 180, 181]"
1917,"[56, 180, 181]"
1918,"[53, 180, 181]"
1919,"[54, 180, 181]"
1920,"[53, 180, 181]"
1921,"[56, 180, 181]"
1922,"[55, 180, 181]"
1923,"[53, 180, 181]"
1924,"[56, 180, 181]"
1925,"[54, 180, 181]"
1926,"[56, 179, 180]"
1927,"[53, 179, 180]"
1928,"[52, 179, 180]"
1929,"[52, 179, 183]"
1930,"[53, 179, 183]"
1931,"[54, 179, 183]"
1932,"[53, 181, 182]"
1933,"[52, 177, 181, 182]"
1934,"[55, 181, 182]"
1935,"[53, 181, 182]"
1936,"[52, 177, 181, 182]"
1937,"[54, 181, 182]"
1938,"[56, 180, 181]"
1939,"[53, 180, 181]"
1940,"[54, 177, 180, 181]"
1941,"[53, 179, 180]"
1942,"[52, 177, 179, 180]"
1943,"[55, 179, 180]"
1944,"[53, 181, 182]"
1945,"[54, 181, 182]"
1946,"[52, 181, 182]"
1947,"[53, 179, 180]"
1948,"[53, 179, 180]"
1949,"[55, 179, 180]"
1950,"[53, 179, 180]"
1951,"[52, 179, 180]"
1952,"[55, 177, 179, 180]"
1953,"[53, 181, 183]"
1954,"[54, 177, 181, 183]"
1955,"[58, 181, 183]"
1956,"[53, 179, 183]"
1957,"[58, 179, 183]"
1958,"[55, 179, 183]"
1959,"[56, 181, 183]"
1960,"[53, 181, 183]"
1961,"[58, 177, 181, 183]"
1962,"[58, 181, 182]"
1963,"[52, 181, 182]"
1964,"[54, 181, 182]"
1965,"[56, 181, 182]"
1966,"[58, 177, 181, 182]"
1967,"[52, 181, 182]"
1968,"[56, 179, 183]"
1969,"[53, 179, 183]"
1970,"[58, 179, 183]"
1971,"[52, 179, 183]"
1972,"[52, 179, 183]"
1973,"[58, 179, 183]"
1974,"[53, 179, 182]"
1975,"[53, 179, 182]"
1976,"[58, 179, 182]"
1977,"[56, 181, 183]"
1978,"[52, 181, 183]"
1979,"[58, 181, 183]"
1980,"[56, 181, 182]"
1981,"[56, 181, 182]"
1982,"[52, 177, 181, 182]"
1983,"[54, 180, 181]"
1984,"[52, 180, 181]"
1985,"[55, 177, 180, 181]"
1986,"[56, 180, 181]"
1987,"[54, 180, 181]"
1988,"[52, 180, 181]"
1989,"[53, 179, 180]"
1990,"[52, 179, 180]"
1991,"[54, 179, 180]"
1992,"[53, 181, 182]"
1993,"[52, 181, 182]"
1994,"[54, 181, 182]"
1995,"[53, 180, 181]"
1996,"[52, 180, 181]"
1997,"[52, 180, 181]"
1998,"[56, 180, 181]"
1999,"[52, 177, 180, 181]"
2000,"[52, 180, 181]"
2001,"[52, 177, 180, 182]"
2002,"[56, 180, 182]"
2003,"[54, 180, 182]"
2004,"[53, 177, 179, 180]"
2005,"[52, 179, 180]"
2006,"[54, 179, 180]"
2007,"[56, 179, 180]"
2008,"[53, 179, 180]"
2009,"[55, 177, 179, 180]"
2010,"[53, 180, 181]"
2011,"[52, 180, 181]"
2012,"[54, 177, 180, 181]"
2013,"[53, 177, 181, 182]"
2014,"[52, 181, 182]"
2015,"[54, 181, 182]"
2016,"[54, 179, 180]"
2017,"[52, 179, 180]"
2018,"[54, 179, 180]"
2019,"[52, 181, 182]"
2020,"[54, 181, 182]"
2021,"[54, 181, 182]"
2022,"[56, 177, 180, 181]"
2023,"[52, 180, 181]"
2024,"[54, 180, 181]"
2025,"[53, 179, 180]"
2026,"[52, 179, 180]"
2027,"[54, 179, 180]"
2028,"[53, 181, 182]"
2029,"[54, 177, 181, 182]"
2030,"[52, 181, 182]"
2031,"[56, 179, 180]"
2032,"[53, 179, 180]"
2033,"[54, 179, 180]"
2034,"[53, 177, 179, 180]"
2035,"[52, 179, 180]"
2036,"[54, 179, 180]"
2037,"[52, 179, 180]"
2038,"[52, 179, 180]"
2039,"[58, 179, 180]"
2040,"[53, 179, 180]"
2041,"[53, 179, 180]"
2042,"[58, 179, 180]"
2043,"[53, 179, 180]"
2044,"[58, 179, 180]"
2045,"[52, 179, 180]"
2046,"[53, 181, 182]"
2047,"[52, 181, 182]"
2048,"[58, 177, 181, 182]"
2049,"[56, 180, 181]"
2050,"[53, 180, 181]"
2051,"[58, 180, 181]"
2052,"[53, 181, 182]"
2053,"[52, 181, 182]"
2054,"[58, 181, 182]"
2055,"[53, 179, 180]"
2056,"[58, 179, 180]"
2057,"[55, 179, 180]"
2058,"[56, 179, 180]"
2059,"[58, 179, 180]"
2060,"[54, 179, 180]"
2061,"[56, 179, 180]"
2062,"[54, 179, 180]"
2063,"[55, 179, 180]"
2064,"[56, 179, 180]"
2065,"[54, 177, 179, 180]"
2066,"[54, 179, 180]"
2067,"[53, 177, 181, 182]"
2068,"[52, 181, 182]"
2069,"[52, 181, 182]"
2070,"[53, 180, 182]"
2071,"[52, 177, 180, 182]"
2072,"[55, 180, 182]"
2073,"[53, 181, 182]"
2074,"[52, 181, 182]"
2075,"[52, 181, 182]"
2076,"[53, 180, 181]"
2077,"[54, 180, 181]"
2078,"[54, 180, 181]"
2079,"[53, 181, 182]"
2080,"[55, 181, 182]"
2081,"[54, 181, 182]"
2082,"[52, 179, 180]"
2083,"[54, 179, 180]"
2084,"[52, 179, 180]"
2085,"[53, 179, 180]"
2086,"[53, 179, 180]"
2087,"[54, 177, 179, 180]"
2088,"[56, 179, 183]"
2089,"[52, 179, 183]"
2090,"[55, 179, 183]"
2091,"[53, 181, 183]"
2092,"[52, 181, 183]"
2093,"[54, 181, 183]"
2094,"[56, 179, 182, 183]"
2095,"[52, 179, 182, 183]"
2096,"[54, 179, 182, 183]"
2097,"[53, 181, 182, 183]"
2098,"[52, 181, 182, 183]"
2099,"[54, 181, 182, 183]"
2100,"[56, 181, 183]"
2101,"[57, 181, 183]"
2102,"[55, 181, 183]"
2103,"[54, 179, 183]"
2104,"[55, 179, 183]"
2105,"[57, 179, 183]"
2106,"[53, 181, 183]"
2107,"[52, 181, 183]"
2108,"[55, 181, 183]"
2109,"[52, 179, 183]"
2110,"[52, 179, 183]"
2111,"[54, 179, 183]"
2112,"[53, 181, 182]"
2113,"[52, 181, 182]"
2114,"[54, 181, 182]"
2115,"[53, 181, 183]"
2116,"[52, 181, 183]"
2117,"[58, 181, 183]"
2118,"[52, 179, 183]"
2119,"[58, 179, 183]"
2120,"[52, 179, 183]"
2121,"[56, 181, 183]"
2122,"[52, 181, 183]"
2123,"[58, 181, 183]"
2124,"[53, 179, 180]"
2125,"[57, 179, 180]"
2126,"[55, 177, 179, 180]"
2127,"[53, 179, 180]"
2128,"[52, 179, 180]"
2129,"[57, 179, 180]"
2130,"[53, 179, 181, 182]"
2131,"[52, 179, 181, 182]"
2132,"[57, 179, 181, 182]"
2133,"[53, 179, 180]"
2134,"[54, 179, 180]"
2135,"[57, 177, 179, 180]"
2136,"[56, 181, 182]"
2137,"[53, 181, 182]"
2138,"[57, 181, 182]"
2139,"[56, 181, 182]"
2140,"[57, 181, 182]"
2141,"[52, 181, 182]"
2142,"[56, 177, 179, 182]"
2143,"[57, 179, 182]"
2144,"[55, 179, 182]"
2145,"[53, 180, 181]"
2146,"[52, 180, 181]"
2147,"[57, 180, 181]"
2148,"[54, 179, 180, 181]"
2149,"[57, 179, 180, 181]"
2150,"[55, 179, 180, 181]"
2151,"[53, 179, 180, 182]"
2152,"[57, 179, 180, 182]"
2153,"[55, 179, 180, 182]"
2154,"[53, 181, 183]"
2155,"[52, 181, 183]"
2156,"[54, 181, 183]"
2157,"[53, 181, 182]"
2158,"[52, 177, 181, 182]"
2159,"[54, 181, 182]"
2160,"[53, 181, 182]"
2161,"[54, 181, 182]"
2162,"[52, 177, 181, 182]"
2163,"[53, 179, 183]"
2164,"[52, 177, 179, 183]"
2165,"[55, 179, 183]"
2166,"[53, 179, 182]"
2167,"[54, 179, 182]"
2168,"[52, 179, 182]"
2169,"[53, 181, 182]"
2170,"[52, 181, 182]"
2171,"[55, 181, 182]"
2172,"[56, 181, 183]"
2173,"[53, 181, 183]"
2174,"[54, 181, 183]"
2175,"[53, 179, 183]"
2176,"[55, 177, 179, 183]"
2177,"[54, 179, 183]"
2178,"[56, 177, 179, 180]"
2179,"[52, 179, 180]"
2180,"[52, 179, 180]"
2181,"[53, 181, 182]"
2182,"[54, 177, 181, 182]"
2183,"[55, 181, 182]"
2184,"[56, 179, 180]"
2185,"[52, 179, 180]"
2186,"[54, 179, 180]"
2187,"[53, 181, 182]"
2188,"[54, 181, 182]"
2189,"[55, 181, 182]"
2190,"[53, 179, 180]"
2191,"[52, 179, 180]"
2192,"[55, 179, 180]"
2193,"[56, 179, 182]"
2194,"[53, 179, 182]"
2195,"[54, 179, 182]"
2196,"[52, 177, 179, 180]"
2197,"[52, 179, 180]"
2198,"[55, 179, 180]"
2199,"[53, 179, 182]"
2200,"[56, 179, 182]"
2201,"[55, 179, 182]"
2202,"[56, 179, 183]"
2203,"[52, 179, 183]"
2204,"[52, 179, 183]"
2205,"[52, 179, 183]"
2206,"[53, 179, 183]"
2207,"[54, 179, 183]"
2208,"[56, 181, 182]"
2209,"[53, 181, 182]"
2210,"[52, 181, 182]"
2211,"[53, 179, 183]"
2212,"[54, 179, 183]"
2213,"[54, 179, 183]"
2214,"[53, 181, 182]"
2215,"[52, 181, 182]"
2216,"[55, 181, 182]"
2217,"[52, 181, 182]"
2218,"[52, 181, 182]"
2219,"[52, 181, 182]"
2220,"[56, 179, 183]"
2221,"[54, 179, 183]"
2222,"[52, 179, 183]"
2223,"[56, 181, 182]"
2224,"[52, 181, 182]"
2225,"[54, 181, 182]"
2226,"[53, 177, 179, 180]"
2227,"[52, 179, 180]"
2228,"[54, 179, 180]"
2229,"[53, 181, 182]"
2230,"[56, 181, 182]"
2231,"[55, 181, 182]"
2232,"[53, 177, 179, 180]"
2233,"[53, 179, 180]"
2234,"[55, 179, 180]"
2235,"[56, 181, 182]"
2236,"[53, 181, 182]"
2237,"[54, 181, 182]"
2238,"[53, 180, 181]"
2239,"[52, 177, 180, 181]"
2240,"[52, 180, 181]"
2241,"[53, 179, 180]"
2242,"[54, 179, 180]"
2243,"[55, 179, 180]"
2244,"[56, 181, 182]"
2245,"[53, 181, 182]"
2246,"[55, 181, 182]"
2247,"[53, 179, 180]"
2248,"[52, 179, 180]"
2249,"[52, 179, 180]"
2250,"[56, 179, 180]"
2251,"[52, 179, 180]"
2252,"[54, 177, 179, 180]"
2253,"[53, 179, 180]"
2254,"[55, 179, 180]"
2255,"[54, 179, 180]"
2256,"[52, 181, 182]"
2257,"[52, 181, 182]"
2258,"[55, 181, 182]"
2259,"[56, 181, 182]"
2260,"[52, 181, 182]"
2261,"[54, 181, 182]"
2262,"[53, 179, 180]"
2263,"[52, 179, 180]"
2264,"[55, 179, 180]"
2265,"[54, 179, 180]"
2266,"[52, 177, 179, 180]"
2267,"[54, 179, 180]"
2268,"[53, 177, 179, 180]"
2269,"[52, 179, 180]"
2270,"[52, 179, 180]"
2271,"[53, 179, 180]"
2272,"[54, 179, 180]"
2273,"[52, 177, 179, 180]"
2274,"[56, 179, 182]"
2275,"[53, 177, 179, 182]"
2276,"[54, 179, 182]"
2277,"[53, 179, 180]"
2278,"[54, 179, 180]"
2279,"[52, 179, 180]"
2280,"[56, 181, 182]"
2281,"[52, 181, 182]"
2282,"[54, 181, 182]"
2283,"[56, 180, 181]"
2284,"[53, 180, 181]"
2285,"[55, 177, 180, 181]"
2286,"[52, 179, 180]"
2287,"[54, 177, 179, 180]"
2288,"[52, 179, 180]"
2289,"[53, 181, 182]"
2290,"[52, 181, 182]"
2291,"[54, 181, 182]"
2292,"[53, 177, 179, 180]"
2293,"[54, 179, 180]"
2294,"[52, 179, 180]"
2295,"[53, 179, 180]"
2296,"[54, 179, 180]"
2297,"[52, 179, 180]"
2298,"[56, 60, 183]"
2299,"[57, 60, 183]"
2300,"[54, 60, 183]"
2301,"[56, 64, 183]"
2302,"[54, 64, 183]"
2303,"[57, 64, 183]"
2304,"[56, 59, 181]"
2305,"[57, 59, 181]"
2306,"[55, 59, 181]"
2307,"[56, 64, 183]"
2308,"[57, 64, 183]"
2309,"[55, 64, 183]"
2310,"[56, 66, 177, 179]"
2311,"[57, 66, 177, 179]"
2312,"[52, 66, 177, 179]"
2313,"[56, 64, 183]"
2314,"[52, 64, 183]"
2315,"[57, 64, 183]"
2316,"[56, 59, 181]"
2317,"[52, 59, 181]"
2318,"[57, 59, 181]"
2319,"[53, 60, 179]"
2320,"[57, 60, 179]"
2321,"[55, 60, 179]"
2322,"[52, 63, 177, 179]"
2323,"[52, 63, 177, 179]"
2324,"[57, 63, 177, 179]"
2325,"[53, 60, 177, 183]"
2326,"[57, 60, 177, 183]"
2327,"[52, 60, 177, 183]"
2328,"[53, 66, 177, 181]"
2329,"[57, 66, 177, 181]"
2330,"[55, 66, 177, 181]"
2331,"[52, 64, 183]"
2332,"[57, 64, 183]"
2333,"[54, 64, 183]"
2334,"[56, 59, 177, 181]"
2335,"[57, 59, 177, 181]"
2336,"[55, 59, 177, 181]"
2337,"[56, 60, 180]"
2338,"[56, 60, 180]"
2339,"[54, 60, 180]"
2340,"[53, 66, 179]"
2341,"[52, 66, 179]"
2342,"[52, 66, 179]"
2343,"[56, 59, 182]"
2344,"[52, 59, 182]"
2345,"[54, 59, 182]"
2346,"[56, 60, 180]"
2347,"[52, 60, 180]"
2348,"[52, 60, 180]"
2349,"[53, 63, 177, 181]"
2350,"[52, 63, 177, 181]"
2351,"[55, 63, 177, 181]"
2352,"[52, 67, 177, 180]"
2353,"[52, 67, 177, 180]"
2354,"[54, 67, 177, 180]"
2355,"[53, 59, 181]"
2356,"[56, 59, 181]"
2357,"[54, 59, 181]"
2358,"[53, 64, 179]"
2359,"[56, 64, 179]"
2360,"[52, 64, 179]"
2361,"[53, 63, 181]"
2362,"[54, 63, 181]"
2363,"[55, 63, 181]"
2364,"[56, 63, 177, 181]"
2365,"[54, 63, 177, 181]"
2366,"[52, 63, 177, 181]"
2367,"[56, 64, 182]"
2368,"[52, 64, 182]"
2369,"[55, 64, 182]"
2370,"[56, 68, 182]"
2371,"[53, 68, 182]"
2372,"[55, 68, 182]"
2373,"[53, 60, 180]"
2374,"[52, 60, 180]"
2375,"[54, 60, 180]"
2376,"[56, 66, 177, 182]"
2377,"[52, 66, 177, 182]"
2378,"[52, 66, 177, 182]"
2379,"[53, 65, 179]"
2380,"[52, 65, 179]"
2381,"[54, 65, 179]"
2382,"[56, 64, 177, 180]"
2383,"[52, 64, 177, 180]"
2384,"[54, 64, 177, 180]"
2385,"[56, 63, 179]"
2386,"[54, 63, 179]"
2387,"[54, 63, 179]"
2388,"[56, 63, 177, 179]"
2389,"[52, 63, 177, 179]"
2390,"[54, 63, 177, 179]"
2391,"[53, 59, 183]"
2392,"[52, 59, 183]"
2393,"[52, 59, 183]"
2394,"[53, 63, 177, 179]"
2395,"[52, 63, 177, 179]"
2396,"[54, 63, 177, 179]"
2397,"[56, 65, 183]"
2398,"[52, 65, 183]"
2399,"[54, 65, 183]"
2400,"[56, 63, 181]"
2401,"[52, 63, 181]"
2402,"[52, 63, 181]"
2403,"[56, 59, 182]"
2404,"[52, 59, 182]"
2405,"[52, 59, 182]"
2406,"[56, 63, 179]"
2407,"[52, 63, 179]"
2408,"[52, 63, 179]"
2409,"[53, 60, 179]"
2410,"[52, 60, 179]"
2411,"[52, 60, 179]"
2412,"[53, 64, 181]"
2413,"[52, 64, 181]"
2414,"[52, 64, 181]"
2415,"[53, 67, 181]"
2416,"[52, 67, 181]"
2417,"[54, 67, 181]"
2418,"[53, 60, 180]"
2419,"[56, 60, 180]"
2420,"[52, 60, 180]"
2421,"[56, 59, 180]"
2422,"[54, 59, 180]"
2423,"[55, 59, 180]"
2424,"[56, 70, 180]"
2425,"[54, 70, 180]"
2426,"[52, 70, 180]"
2427,"[53, 59, 180]"
2428,"[52, 59, 180]"
2429,"[52, 59, 180]"
2430,"[56, 60, 180]"
2431,"[53, 60, 180]"
2432,"[54, 60, 180]"
2433,"[53, 68, 180]"
2434,"[52, 68, 180]"
2435,"[55, 68, 180]"
2436,"[56, 67, 180]"
2437,"[52, 67, 180]"
2438,"[54, 67, 180]"
2439,"[54, 64, 180]"
2440,"[52, 64, 180]"
2441,"[52, 64, 180]"
2442,"[56, 68, 180]"
2443,"[54, 68, 180]"
2444,"[55, 68, 180]"
2445,"[53, 59, 180]"
2446,"[54, 59, 180]"
2447,"[55, 59, 180]"
2448,"[53, 60, 180]"
2449,"[54, 60, 180]"
2450,"[54, 60, 180]"
2451,"[53, 69, 180]"
2452,"[54, 69, 180]"
2453,"[54, 69, 180]"
2454,"[53, 60, 180]"
2455,"[54, 60, 180]"
2456,"[54, 60, 180]"
2457,"[56, 63, 180]"
2458,"[52, 63, 180]"
2459,"[54, 63, 180]"
2460,"[53, 60, 180]"
2461,"[54, 60, 180]"
2462,"[52, 60, 180]"
2463,"[53, 59, 180]"
2464,"[52, 59, 180]"
2465,"[54, 59, 180]"
2466,"[56, 59, 180]"
2467,"[52, 59, 180]"
2468,"[52, 59, 180]"
2469,"[52, 68, 180]"
2470,"[54, 68, 180]"
2471,"[58, 68, 180]"
2472,"[53, 63, 180]"
2473,"[58, 63, 180]"
2474,"[54, 63, 180]"
2475,"[56, 70, 180]"
2476,"[52, 70, 180]"
2477,"[52, 70, 180]"
2478,"[53, 59, 180]"
2479,"[52, 59, 180]"
2480,"[54, 59, 180]"
2481,"[56, 70, 180]"
2482,"[56, 70, 180]"
2483,"[55, 70, 180]"
2484,"[56, 63, 180]"
2485,"[54, 63, 180]"
2486,"[52, 63, 180]"
2487,"[53, 66, 180]"
2488,"[52, 66, 180]"
2489,"[55, 66, 180]"
2490,"[56, 59, 180]"
2491,"[52, 59, 180]"
2492,"[52, 59, 180]"
2493,"[53, 60, 180]"
2494,"[56, 60, 180]"
2495,"[54, 60, 180]"
2496,"[54, 67, 180]"
2497,"[52, 67, 180]"
2498,"[52, 67, 180]"
2499,"[56, 59, 180]"
2500,"[52, 59, 180]"
2501,"[54, 59, 180]"
2502,"[53, 60, 181]"
2503,"[52, 60, 181]"
2504,"[52, 60, 181]"
2505,"[53, 63, 179]"
2506,"[52, 63, 179]"
2507,"[54, 63, 179]"
2508,"[53, 60, 182]"
2509,"[52, 60, 182]"
2510,"[54, 60, 182]"
2511,"[53, 64, 177, 183]"
2512,"[52, 64, 177, 183]"
2513,"[54, 64, 177, 183]"
2514,"[56, 59, 179]"
2515,"[52, 59, 179]"
2516,"[54, 59, 179]"
2517,"[56, 64, 183]"
2518,"[53, 64, 183]"
2519,"[55, 64, 183]"
2520,"[53, 60, 181]"
2521,"[52, 60, 181]"
2522,"[54, 60, 181]"
2523,"[53, 64, 177, 181]"
2524,"[52, 64, 177, 181]"
2525,"[55, 64, 177, 181]"
2526,"[53, 61, 177, 179]"
2527,"[52, 61, 177, 179]"
2528,"[55, 61, 177, 179]"
2529,"[53, 60, 182]"
2530,"[56, 60, 182]"
2531,"[54, 60, 182]"
2532,"[53, 59, 181]"
2533,"[52, 59, 181]"
2534,"[54, 59, 181]"
2535,"[56, 63, 177, 183]"
2536,"[52, 63, 177, 183]"
2537,"[52, 63, 177, 183]"
2538,"[53, 64, 179]"
2539,"[52, 64, 179]"
2540,"[52, 64, 179]"
2541,"[56, 60, 183]"
2542,"[52, 60, 183]"
2543,"[54, 60, 183]"
2544,"[56, 63, 177, 181]"
2545,"[52, 63, 177, 181]"
2546,"[54, 63, 177, 181]"
2547,"[53, 59, 177, 183]"
2548,"[52, 59, 177, 183]"
2549,"[54, 59, 177, 183]"
2550,"[56, 63, 180]"
2551,"[55, 63, 180]"
2552,"[54, 63, 180]"
2553,"[56, 63, 179]"
2554,"[54, 63, 179]"
2555,"[55, 63, 179]"
2556,"[56, 59, 181]"
2557,"[54, 59, 181]"
2558,"[52, 59, 181]"
2559,"[56, 59, 180]"
2560,"[52, 59, 180]"
2561,"[54, 59, 180]"
2562,"[56, 59, 181]"
2563,"[52, 59, 181]"
2564,"[55, 59, 181]"
2565,"[52, 65, 177, 182]"
2566,"[54, 65, 177, 182]"
2567,"[54, 65, 177, 182]"
2568,"[56, 67, 177, 180]"
2569,"[52, 67, 177, 180]"
2570,"[55, 67, 177, 180]"
2571,"[56, 63, 181]"
2572,"[52, 63, 181]"
2573,"[52, 63, 181]"
2574,"[56, 64, 179]"
2575,"[53, 64, 179]"
2576,"[55, 64, 179]"
2577,"[56, 66, 177, 181]"
2578,"[52, 66, 177, 181]"
2579,"[54, 66, 177, 181]"
2580,"[56, 60, 182]"
2581,"[52, 60, 182]"
2582,"[54, 60, 182]"
2583,"[56, 59, 181]"
2584,"[52, 59, 181]"
2585,"[52, 59, 181]"
2586,"[56, 63, 177, 179]"
2587,"[54, 63, 177, 179]"
2588,"[54, 63, 177, 179]"
2589,"[56, 64, 177, 181]"
2590,"[52, 64, 177, 181]"
2591,"[54, 64, 177, 181]"
2592,"[53, 63, 183]"
2593,"[52, 63, 183]"
2594,"[55, 63, 183]"
2595,"[53, 59, 179]"
2596,"[52, 59, 179]"
2597,"[54, 59, 179]"
2598,"[53, 59, 183]"
2599,"[52, 59, 183]"
2600,"[54, 59, 183]"
2601,"[53, 60, 183]"
2602,"[52, 60, 183]"
2603,"[54, 60, 183]"
2604,"[56, 61, 177, 181]"
2605,"[52, 61, 177, 181]"
2606,"[54, 61, 177, 181]"
2607,"[53, 63, 182]"
2608,"[52, 63, 182]"
2609,"[54, 63, 182]"
2610,"[53, 66, 177, 179]"
2611,"[52, 66, 177, 179]"
2612,"[55, 66, 177, 179]"
2613,"[56, 64, 183]"
2614,"[52, 64, 183]"
2615,"[55, 64, 183]"
2616,"[56, 59, 179]"
2617,"[54, 59, 179]"
2618,"[52, 59, 179]"
2619,"[53, 59, 179]"
2620,"[52, 59, 179]"
2621,"[52, 59, 179]"
2622,"[53, 67, 183]"
2623,"[52, 67, 183]"
2624,"[55, 67, 183]"
2625,"[56, 60, 182]"
2626,"[54, 60, 182]"
2627,"[54, 60, 182]"
2628,"[56, 64, 177, 183]"
2629,"[52, 64, 177, 183]"
2630,"[55, 64, 177, 183]"
2631,"[56, 60, 180]"
2632,"[56, 60, 180]"
2633,"[54, 60, 180]"
2634,"[56, 67, 177, 179]"
2635,"[52, 67, 177, 179]"
2636,"[52, 67, 177, 179]"
2637,"[56, 59, 177, 182]"
2638,"[52, 59, 177, 182]"
2639,"[55, 59, 177, 182]"
2640,"[56, 60, 177, 180]"
2641,"[53, 60, 177, 180]"
2642,"[55, 60, 177, 180]"
2643,"[52, 59, 181]"
2644,"[53, 59, 181]"
2645,"[52, 59, 181]"
2646,"[53, 60, 177, 182]"
2647,"[54, 60, 177, 182]"
2648,"[54, 60, 177, 182]"
2649,"[53, 59, 180]"
2650,"[53, 59, 180]"
2651,"[52, 59, 180]"
2652,"[53, 60, 181]"
2653,"[52, 60, 181]"
2654,"[54, 60, 181]"
2655,"[52, 68, 179]"
2656,"[56, 68, 179]"
2657,"[55, 68, 179]"
2658,"[56, 64, 181]"
2659,"[53, 64, 181]"
2660,"[52, 64, 181]"
2661,"[56, 60, 180]"
2662,"[53, 60, 180]"
2663,"[54, 60, 180]"
2664,"[56, 63, 180]"
2665,"[52, 63, 180]"
2666,"[52, 63, 180]"
2667,"[56, 59, 180]"
2668,"[52, 59, 180]"
2669,"[54, 59, 180]"
2670,"[53, 59, 180]"
2671,"[52, 59, 180]"
2672,"[52, 59, 180]"
2673,"[52, 59, 180]"
2674,"[54, 59, 180]"
2675,"[52, 59, 180]"
2676,"[56, 66, 180]"
2677,"[52, 66, 180]"
2678,"[52, 66, 180]"
2679,"[53, 59, 180]"
2680,"[54, 59, 180]"
2681,"[54, 59, 180]"
2682,"[56, 66, 180]"
2683,"[52, 66, 180]"
2684,"[54, 66, 180]"
2685,"[56, 60, 180]"
2686,"[53, 60, 180]"
2687,"[54, 60, 180]"
2688,"[53, 68, 180]"
2689,"[56, 68, 180]"
2690,"[52, 68, 180]"
2691,"[56, 70, 183]"
2692,"[52, 70, 183]"
2693,"[55, 70, 183]"
2694,"[53, 60, 183]"
2695,"[54, 60, 183]"
2696,"[55, 60, 183]"
2697,"[56, 64, 181]"
2698,"[52, 64, 181]"
2699,"[55, 64, 181]"
2700,"[52, 59, 179]"
2701,"[57, 59, 179]"
2702,"[52, 59, 179]"
2703,"[56, 60, 179]"
2704,"[57, 60, 179]"
2705,"[54, 60, 179]"
2706,"[52, 66, 181]"
2707,"[55, 66, 181]"
2708,"[57, 66, 181]"
2709,"[53, 60, 179]"
2710,"[58, 60, 179]"
2711,"[55, 60, 179]"
2712,"[56, 59, 182]"
2713,"[58, 59, 182]"
2714,"[55, 59, 182]"
2715,"[56, 60, 177, 180]"
2716,"[52, 60, 177, 180]"
2717,"[58, 60, 177, 180]"
2718,"[53, 59, 179]"
2719,"[54, 59, 179]"
2720,"[58, 59, 179]"
2721,"[52, 59, 180]"
2722,"[58, 59, 180]"
2723,"[52, 59, 180]"
2724,"[56, 64, 177, 181]"
2725,"[52, 64, 177, 181]"
2726,"[58, 64, 177, 181]"
2727,"[54, 63, 177, 181]"
2728,"[52, 63, 177, 181]"
2729,"[58, 63, 177, 181]"
2730,"[52, 63, 179]"
2731,"[52, 63, 179]"
2732,"[58, 63, 179]"
2733,"[52, 64, 180]"
2734,"[58, 64, 180]"
2735,"[55, 64, 180]"
2736,"[56, 60, 183]"
2737,"[52, 60, 183]"
2738,"[58, 60, 183]"
2739,"[56, 59, 179]"
2740,"[52, 59, 179]"
2741,"[58, 59, 179]"
2742,"[56, 63, 183]"
2743,"[58, 63, 183]"
2744,"[54, 63, 183]"
2745,"[56, 59, 181]"
2746,"[58, 59, 181]"
2747,"[52, 59, 181]"
2748,"[56, 60, 177, 179]"
2749,"[53, 60, 177, 179]"
2750,"[58, 60, 177, 179]"
2751,"[56, 70, 177, 179]"
2752,"[58, 70, 177, 179]"
2753,"[54, 70, 177, 179]"
2754,"[56, 59, 181]"
2755,"[52, 59, 181]"
2756,"[58, 59, 181]"
2757,"[53, 62, 181]"
2758,"[58, 62, 181]"
2759,"[55, 62, 181]"
2760,"[56, 60, 183]"
2761,"[58, 60, 183]"
2762,"[54, 60, 183]"
2763,"[53, 60, 181]"
2764,"[58, 60, 181]"
2765,"[54, 60, 181]"
2766,"[56, 69, 182]"
2767,"[52, 69, 182]"
2768,"[54, 69, 182]"
2769,"[56, 63, 182]"
2770,"[54, 63, 182]"
2771,"[52, 63, 182]"
2772,"[53, 60, 182]"
2773,"[52, 60, 182]"
2774,"[54, 60, 182]"
2775,"[53, 59, 182]"
2776,"[52, 59, 182]"
2777,"[54, 59, 182]"
2778,"[56, 67, 182]"
2779,"[52, 67, 182]"
2780,"[54, 67, 182]"
2781,"[53, 68, 182]"
2782,"[52, 68, 182]"
2783,"[52, 68, 182]"
2784,"[53, 60, 182]"
2785,"[56, 60, 182]"
2786,"[54, 60, 182]"
2787,"[56, 59, 182]"
2788,"[52, 59, 182]"
2789,"[54, 59, 182]"
2790,"[56, 70, 179]"
2791,"[54, 70, 179]"
2792,"[55, 70, 179]"
2793,"[53, 63, 180]"
2794,"[52, 63, 180]"
2795,"[52, 63, 180]"
2796,"[56, 64, 181]"
2797,"[52, 64, 181]"
2798,"[52, 64, 181]"
2799,"[53, 60, 181]"
2800,"[57, 60, 181]"
2801,"[55, 60, 181]"
2802,"[53, 59, 179]"
2803,"[52, 59, 179]"
2804,"[57, 59, 179]"
2805,"[56, 59, 180]"
2806,"[52, 59, 180]"
2807,"[52, 59, 180]"
2808,"[56, 64, 179]"
2809,"[57, 64, 179]"
2810,"[54, 64, 179]"
2811,"[56, 59, 180]"
2812,"[52, 59, 180]"
2813,"[55, 59, 180]"
2814,"[56, 59, 181]"
2815,"[58, 59, 181]"
2816,"[55, 59, 181]"
2817,"[58, 60, 179]"
2818,"[55, 60, 179]"
2819,"[52, 60, 179]"
2820,"[57, 59, 179]"
2821,"[52, 59, 179]"
2822,"[52, 59, 179]"
2823,"[56, 64, 177, 180]"
2824,"[57, 64, 177, 180]"
2825,"[52, 64, 177, 180]"
2826,"[56, 63, 177, 181]"
2827,"[57, 63, 177, 181]"
2828,"[54, 63, 177, 181]"
2829,"[53, 60, 177, 181]"
2830,"[57, 60, 177, 181]"
2831,"[52, 60, 177, 181]"
2832,"[52, 63, 177, 179]"
2833,"[54, 63, 177, 179]"
2834,"[57, 63, 177, 179]"
2835,"[52, 59, 180]"
2836,"[57, 59, 180]"
2837,"[52, 59, 180]"
2838,"[52, 60, 180]"
2839,"[57, 60, 180]"
2840,"[54, 60, 180]"
2841,"[56, 64, 181]"
2842,"[57, 64, 181]"
2843,"[54, 64, 181]"
2844,"[53, 60, 179]"
2845,"[57, 60, 179]"
2846,"[54, 60, 179]"
2847,"[52, 63, 179]"
2848,"[52, 63, 179]"
2849,"[57, 63, 179]"
2850,"[52, 70, 177, 180]"
2851,"[52, 70, 177, 180]"
2852,"[57, 70, 177, 180]"
2853,"[57, 69, 182]"
2854,"[52, 69, 182]"
2855,"[55, 69, 182]"
2856,"[56, 59, 181]"
2857,"[57, 59, 181]"
2858,"[52, 59, 181]"
2859,"[53, 60, 180]"
2860,"[54, 60, 180]"
2861,"[57, 60, 180]"
2862,"[56, 63, 182]"
2863,"[54, 63, 182]"
2864,"[57, 63, 182]"
2865,"[57, 59, 179]"
2866,"[54, 59, 179]"
2867,"[52, 59, 179]"
2868,"[56, 59, 179]"
2869,"[57, 59, 179]"
2870,"[54, 59, 179]"
2871,"[53, 60, 181]"
2872,"[53, 60, 181]"
2873,"[58, 60, 181]"
2874,"[56, 67, 177, 179]"
2875,"[58, 67, 177, 179]"
2876,"[55, 67, 177, 179]"
2877,"[53, 60, 179]"
2878,"[56, 60, 179]"
2879,"[58, 60, 179]"
2880,"[53, 59, 180]"
2881,"[54, 59, 180]"
2882,"[58, 59, 180]"
2883,"[56, 60, 181]"
2884,"[53, 60, 181]"
2885,"[58, 60, 181]"
2886,"[56, 67, 180]"
2887,"[54, 67, 180]"
2888,"[58, 67, 180]"
2889,"[53, 60, 181]"
2890,"[52, 60, 181]"
2891,"[58, 60, 181]"
2892,"[53, 59, 182]"
2893,"[52, 59, 182]"
2894,"[58, 59, 182]"
2895,"[53, 68, 181]"
2896,"[52, 68, 181]"
2897,"[58, 68, 181]"
2898,"[56, 64, 177, 180]"
2899,"[52, 64, 177, 180]"
2900,"[54, 64, 177, 180]"
2901,"[56, 60, 180]"
2902,"[52, 60, 180]"
2903,"[54, 60, 180]"
2904,"[56, 59, 179]"
2905,"[55, 59, 179]"
2906,"[52, 59, 179]"
2907,"[53, 69, 177, 182]"
2908,"[54, 69, 177, 182]"
2909,"[52, 69, 177, 182]"
2910,"[56, 59, 179]"
2911,"[52, 59, 179]"
2912,"[55, 59, 179]"
2913,"[52, 65, 177, 182]"
2914,"[52, 65, 177, 182]"
2915,"[55, 65, 177, 182]"
2916,"[56, 60, 179]"
2917,"[53, 60, 179]"
2918,"[54, 60, 179]"
2919,"[53, 59, 181]"
2920,"[52, 59, 181]"
2921,"[54, 59, 181]"
2922,"[52, 59, 179]"
2923,"[54, 59, 179]"
2924,"[54, 59, 179]"
2925,"[56, 70, 177, 181]"
2926,"[53, 70, 177, 181]"
2927,"[54, 70, 177, 181]"
2928,"[56, 60, 179]"
2929,"[54, 60, 179]"
2930,"[58, 60, 179]"
2931,"[56, 68, 182]"
2932,"[58, 68, 182]"
2933,"[55, 68, 182]"
2934,"[53, 63, 180]"
2935,"[52, 63, 180]"
2936,"[58, 63, 180]"
2937,"[53, 59, 182]"
2938,"[52, 59, 182]"
2939,"[58, 59, 182]"
2940,"[53, 60, 177, 179]"
2941,"[58, 60, 177, 179]"
2942,"[54, 60, 177, 179]"
2943,"[52, 59, 177, 181]"
2944,"[58, 59, 177, 181]"
2945,"[54, 59, 177, 181]"
2946,"[56, 67, 182]"
2947,"[58, 67, 182]"
2948,"[54, 67, 182]"
2949,"[56, 59, 181]"
2950,"[58, 59, 181]"
2951,"[54, 59, 181]"
2952,"[53, 59, 179]"
2953,"[52, 59, 179]"
2954,"[55, 59, 179]"
2955,"[53, 60, 182]"
2956,"[54, 60, 182]"
2957,"[54, 60, 182]"
2958,"[53, 60, 181]"
2959,"[54, 60, 181]"
2960,"[54, 60, 181]"
2961,"[56, 62, 177, 182]"
2962,"[52, 62, 177, 182]"
2963,"[55, 62, 177, 182]"
2964,"[56, 63, 177, 180]"
2965,"[52, 63, 177, 180]"
2966,"[54, 63, 177, 180]"
2967,"[53, 64, 179]"
2968,"[52, 64, 179]"
2969,"[52, 64, 179]"
2970,"[56, 59, 181]"
2971,"[52, 59, 181]"
2972,"[52, 59, 181]"
2973,"[56, 60, 180]"
2974,"[52, 60, 180]"
2975,"[57, 60, 180]"
2976,"[53, 59, 181]"
2977,"[52, 59, 181]"
2978,"[55, 59, 181]"
2979,"[56, 59, 179]"
2980,"[52, 59, 179]"
2981,"[55, 59, 179]"
2982,"[53, 66, 180]"
2983,"[54, 66, 180]"
2984,"[52, 66, 180]"
2985,"[53, 59, 179]"
2986,"[57, 59, 179]"
2987,"[52, 59, 179]"
2988,"[56, 59, 180]"
2989,"[53, 59, 180]"
2990,"[58, 59, 180]"
2991,"[56, 60, 179]"
2992,"[53, 60, 179]"
2993,"[55, 60, 179]"
2994,"[56, 65, 177, 182]"
2995,"[52, 65, 177, 182]"
2996,"[54, 65, 177, 182]"
2997,"[56, 59, 180]"
2998,"[54, 59, 180]"
2999,"[55, 59, 180]"
3000,"[53, 60, 177, 181]"
3001,"[52, 60, 177, 181]"
3002,"[54, 60, 177, 181]"
3003,"[53, 64, 182]"
3004,"[52, 64, 182]"
3005,"[52, 64, 182]"
3006,"[56, 62, 177, 180]"
3007,"[52, 62, 177, 180]"
3008,"[52, 62, 177, 180]"
3009,"[56, 60, 181]"
3010,"[53, 60, 181]"
3011,"[54, 60, 181]"
3012,"[53, 59, 177, 179]"
3013,"[54, 59, 177, 179]"
3014,"[54, 59, 177, 179]"
3015,"[56, 59, 181]"
3016,"[52, 59, 181]"
3017,"[52, 59, 181]"
3018,"[56, 70, 180]"
3019,"[54, 70, 180]"
3020,"[56, 70, 180]"
3021,"[56, 67, 180]"
3022,"[52, 67, 180]"
3023,"[52, 67, 180]"
3024,"[56, 59, 180]"
3025,"[52, 59, 180]"
3026,"[54, 59, 180]"
3027,"[56, 64, 180]"
3028,"[54, 64, 180]"
3029,"[52, 64, 180]"
3030,"[56, 60, 180]"
3031,"[54, 60, 180]"
3032,"[54, 60, 180]"
3033,"[56, 68, 180]"
3034,"[52, 68, 180]"
3035,"[52, 68, 180]"
3036,"[56, 59, 180]"
3037,"[52, 59, 180]"
3038,"[52, 59, 180]"
3039,"[56, 63, 180]"
3040,"[52, 63, 180]"
3041,"[52, 63, 180]"
3042,"[56, 63, 180]"
3043,"[52, 63, 180]"
3044,"[54, 63, 180]"
3045,"[56, 66, 177, 183]"
3046,"[52, 66, 177, 183]"
3047,"[52, 66, 177, 183]"
3048,"[53, 60, 177, 181]"
3049,"[52, 60, 177, 181]"
3050,"[54, 60, 177, 181]"
3051,"[52, 63, 177, 182]"
3052,"[52, 63, 177, 182]"
3053,"[54, 63, 177, 182]"
3054,"[53, 59, 179]"
3055,"[54, 59, 179]"
3056,"[54, 59, 179]"
3057,"[56, 60, 181]"
3058,"[56, 60, 181]"
3059,"[55, 60, 181]"
3060,"[56, 68, 177, 181]"
3061,"[52, 68, 177, 181]"
3062,"[54, 68, 177, 181]"
3063,"[56, 63, 177, 183]"
3064,"[52, 63, 177, 183]"
3065,"[54, 63, 177, 183]"
3066,"[53, 64, 177, 182]"
3067,"[52, 64, 177, 182]"
3068,"[54, 64, 177, 182]"
3069,"[56, 63, 177, 180]"
3070,"[52, 63, 177, 180]"
3071,"[52, 63, 177, 180]"
3072,"[53, 59, 182]"
3073,"[52, 59, 182]"
3074,"[54, 59, 182]"
3075,"[53, 60, 180]"
3076,"[55, 60, 180]"
3077,"[54, 60, 180]"
3078,"[56, 59, 181]"
3079,"[53, 59, 181]"
3080,"[54, 59, 181]"
3081,"[53, 68, 180]"
3082,"[52, 68, 180]"
3083,"[54, 68, 180]"
3084,"[56, 60, 181]"
3085,"[52, 60, 181]"
3086,"[52, 60, 181]"
3087,"[53, 68, 177, 179]"
3088,"[52, 68, 177, 179]"
3089,"[54, 68, 177, 179]"
3090,"[56, 60, 181]"
3091,"[54, 60, 181]"
3092,"[52, 60, 181]"
3093,"[56, 64, 180]"
3094,"[52, 64, 180]"
3095,"[54, 64, 180]"
3096,"[56, 60, 177, 179]"
3097,"[53, 60, 177, 179]"
3098,"[54, 60, 177, 179]"
3099,"[56, 59, 182]"
3100,"[52, 59, 182]"
3101,"[54, 59, 182]"
3102,"[56, 63, 177, 180]"
3103,"[52, 63, 177, 180]"
3104,"[52, 63, 177, 180]"
3105,"[53, 66, 177, 181]"
3106,"[53, 66, 177, 181]"
3107,"[54, 66, 177, 181]"
3108,"[56, 65, 177, 182]"
3109,"[52, 65, 177, 182]"
3110,"[54, 65, 177, 182]"
3111,"[56, 64, 180]"
3112,"[52, 64, 180]"
3113,"[54, 64, 180]"
3114,"[53, 60, 181]"
3115,"[52, 60, 181]"
3116,"[55, 60, 181]"
3117,"[53, 64, 177, 179]"
3118,"[52, 64, 177, 179]"
3119,"[54, 64, 177, 179]"
3120,"[56, 67, 177, 181]"
3121,"[52, 67, 177, 181]"
3122,"[54, 67, 177, 181]"
3123,"[56, 60, 179]"
3124,"[57, 60, 179]"
3125,"[54, 60, 179]"
3126,"[56, 59, 177, 180]"
3127,"[52, 59, 177, 180]"
3128,"[57, 59, 177, 180]"
3129,"[56, 59, 180]"
3130,"[53, 59, 180]"
3131,"[57, 59, 180]"
3132,"[56, 59, 182]"
3133,"[52, 59, 182]"
3134,"[57, 59, 182]"
3135,"[53, 60, 179]"
3136,"[52, 60, 179]"
3137,"[57, 60, 179]"
3138,"[53, 64, 181]"
3139,"[57, 64, 181]"
3140,"[54, 64, 181]"
3141,"[56, 70, 180]"
3142,"[52, 70, 180]"
3143,"[52, 70, 180]"
3144,"[53, 63, 180]"
3145,"[56, 63, 180]"
3146,"[52, 63, 180]"
3147,"[53, 60, 180]"
3148,"[56, 60, 180]"
3149,"[54, 60, 180]"
3150,"[56, 60, 180]"
3151,"[52, 60, 180]"
3152,"[54, 60, 180]"
3153,"[52, 67, 180]"
3154,"[52, 67, 180]"
3155,"[54, 67, 180]"
3156,"[53, 66, 180]"
3157,"[52, 66, 180]"
3158,"[54, 66, 180]"
3159,"[53, 59, 180]"
3160,"[52, 59, 180]"
3161,"[54, 59, 180]"
3162,[74]
3163,[74]
3164,[74]
3165,[74]
3166,[74]
3167,[74]
3168,[74]
3169,[74]
3170,[74]
3171,[74]
3172,[74]
3173,[74]
3174,[74]
3175,[74]
3176,[74]
3177,[74]
3178,[74]
3179,[74]
3180,[74]
3181,[74]
3182,[74]
3183,[74]
3184,[74]
3185,[74]
3186,[74]
3187,[74]
3188,[74]
3189,[74]
3190,[74]
3191,[74]
3192,[74]
3193,[74]
3194,[74]
3195,[74]
3196,[74]
3197,[74]
3198,[74]
3199,[74]
3200,[74]
3201,[74]
3202,[74]
3203,[74]
3204,[105]
3205,[74]
3206,[74]
3207,[74]
3208,[132]
3209,[74]
3210,[74]
3211,[74]
3212,[74]
3213,[74]
3214,[142]
3215,[93]
3216,[77]
3217,[77]
3218,[77]
3219,[77]
3220,[77]
3221,[77]
3222,[77]
3223,[77]
3224,[77]
3225,[85]
3226,[85]
3227,[85]
3228,[85]
3229,[85]
3230,[85]
3231,[104]
3232,[85]
3233,[123]
3234,[85]
3235,[119]
3236,[121]
3237,[89]
3238,[89]
3239,[87]
3240,[136]
3241,[126]
3242,[85]
3243,[122]
3244,[131]
3245,[122]
3246,[124]
3247,[123]
3248,[126]
3249,[85]
3250,[78]
3251,[78]
3252,[78]
3253,[78]
3254,[78]
3255,[78]
3256,[78]
3257,[78]
3258,[78]
3259,[78]
3260,[78]
3261,[78]
3262,[78]
3263,[78]
3264,[78]
3265,[78]
3266,[78]
3267,[78]
3268,[78]
3269,[78]
3270,[78]
3271,[78]
3272,[78]
3273,[78]
3274,[78]
3275,[78]
3276,[78]
3277,[78]
3278,[78]
3279,[78]
3280,[78]
3281,[78]
3282,[78]
3283,[78]
3284,[78]
3285,[78]
3286,[86]
3287,[86]
3288,[106]
3289,[86]
3290,[106]
3291,[82]
3292,[96]
3293,[86]
3294,[103]
3295,[86]
3296,[106]
3297,[86]
3298,[96]
3299,[86]
3300,[86]
3301,[106]
3302,[86]
3303,[106]
3304,[86]
3305,[72]
3306,[86]
3307,[106]
3308,[86]
3309,[135]
3310,[96]
3311,[82]
3312,[103]
3313,[86]
3314,[106]
3315,[96]
3316,[86]
3317,[103]
3318,[106]
3319,[106]
3320,[82]
3321,[86]
3322,[106]
3323,[135]
3324,[86]
3325,[86]
3326,[82]
3327,[82]
3328,[82]
3329,[106]
3330,[86]
3331,[86]
3332,[86]
3333,[86]
3334,[106]
3335,[86]
3336,[82]
3337,[86]
3338,[96]
3339,[86]
3340,[103]
3341,[86]
3342,[86]
3343,[103]
3344,[86]
3345,[103]
3346,[72]
3347,[86]
3348,[86]
3349,[103]
3350,[86]
3351,[106]
3352,[106]
3353,[103]
3354,[86]
3355,[86]
3356,[86]
3357,[86]
3358,[86]
3359,[96]
3360,[103]
3361,[82]
3362,[106]
3363,[96]
3364,[86]
3365,[82]
3366,[86]
3367,[86]
3368,[86]
3369,[86]
3370,[103]
3371,[82]
3372,[86]
3373,[106]
3374,[106]
3375,[106]
3376,[106]
3377,[106]
3378,[86]
3379,[82]
3380,[82]
3381,[74]
3382,[74]
3383,[74]
3384,[74]
3385,[74]
3386,[74]
3387,[74]
3388,[74]
3389,[74]
3390,[74]
3391,[74]
3392,[74]
3393,[74]
3394,[74]
3395,[74]
3396,[74]
3397,[74]
3398,[74]
3399,[74]
3400,[74]
3401,[74]
3402,[74]
3403,[74]
3404,[74]
3405,[74]
3406,[74]
3407,[74]
3408,[74]
3409,[74]
3410,[74]
3411,[74]
3412,[74]
3413,[74]
3414,[74]
3415,[74]
3416,[74]
3417,[74]
3418,[74]
3419,[74]
3420,[74]
3421,[74]
3422,[74]
3423,[74]
3424,[74]
3425,[74]
3426,[74]
3427,[74]
3428,[74]
3429,[123]
3430,[80]
3431,[80]
3432,[83]
3433,[83]
3434,[88]
3435,[71]
3436,[83]
3437,[84]
3438,[78]
3439,[103]
3440,[124]
3441,[118]
3442,[115]
3443,[118]
3444,[74]
3445,[126]
3446,[129]
3447,[101]
3448,[81]
3449,[76]
3450,[114]
3451,[131]
3452,[78]
3453,[93]
3454,[85]
3455,[93]
3456,[134]
3457,[85]
3458,[139]
3459,[94]
3460,[75]
3461,[107]
3462,[84]
3463,[84]
3464,[78]
3465,[140]
3466,[78]
3467,[103]
3468,[76]
3469,[76]
3470,[76]
3471,[76]
3472,[76]
3473,[76]
3474,[76]
3475,[76]
3476,[76]
3477,[76]
3478,[76]
3479,[76]
3480,[76]
3481,[76]
3482,[76]
3483,[76]
3484,[76]
3485,[76]
3486,[76]
3487,[76]
3488,[84]
3489,[84]
3490,[84]
3491,[80]
3492,[84]
3493,[83]
3494,[83]
3495,[83]
3496,[83]
3497,[83]
3498,[83]
3499,[83]
3500,[83]
3501,[83]
3502,[83]
3503,[83]
3504,[83]
3505,[83]
3506,[83]
3507,[83]
3508,[83]
3509,[83]
3510,[83]
3511,[83]
3512,[83]
3513,[131]
3514,[71]
3515,[131]
3516,[71]
3517,[71]
3518,[74]
3519,[77]
3520,[120]
3521,[71]
3522,[86]
3523,[74]
3524,[74]
3525,[80]
3526,[83]
3527,[103]
3528,[88]
3529,[76]
3530,[83]
3531,[118]
3532,[75]
3533,[74]
3534,[84]
3535,[71]
3536,[78]
3537,[121]
3538,[77]
3539,[85]
3540,[86]
3541,[106]
3542,[76]
3543,[85]
3544,[84]
3545,[78]
3546,[80]
3547,[116]
3548,[76]
3549,[86]
3550,[98]
3551,[106]
3552,[129]
3553,[80]
3554,[76]
3555,[105]
3556,[105]
3557,[72]
3558,[134]
3559,[72]
3560,[134]
3561,[72]
3562,[134]
3563,[134]
3564,[81]
3565,[81]
3566,[81]
3567,[81]
3568,[81]
3569,[81]
3570,[81]
3571,[116]
3572,[81]
3573,[132]
3574,[78]
3575,[132]
3576,[78]
3577,[78]
3578,[78]
3579,[78]
3580,[78]
3581,[74]
3582,[78]
3583,[132]
3584,[81]
3585,[121]
3586,[87]
3587,[95]
3588,[121]
3589,[90]
3590,[73]
3591,[95]
3592,[87]
3593,[121]
3594,[121]
3595,[121]
3596,[119]
3597,[119]
3598,[90]
3599,[120]
3600,[120]
3601,[119]
3602,[119]
3603,[73]
3604,[90]
3605,[87]
3606,[119]
3607,[119]
3608,[121]
3609,[119]
3610,[119]
3611,[90]
3612,[87]
3613,[122]
3614,[99]
3615,[88]
3616,[119]
3617,[83]
3618,[134]
3619,[121]
3620,[93]
3621,[77]
3622,[85]
3623,[71]
3624,[86]
3625,[76]
3626,[106]
3627,[74]
3628,[87]
3629,[85]
3630,[105]
3631,[76]
3632,[87]
3633,[83]
3634,[74]
3635,[86]
3636,[85]
3637,[77]
3638,[85]
3639,[113]
3640,[85]
3641,[72]
3642,[83]
3643,[84]
3644,[94]
3645,[76]
3646,[77]
3647,[74]
3648,[133]
3649,[81]
3650,[76]
3651,[83]
3652,[77]
3653,[85]
3654,[88]
3655,[134]
3656,[74]
3657,[85]
3658,[85]
3659,[119]
3660,[76]
3661,[71]
3662,[85]
3663,[79]
3664,[98]
3665,[74]
3666,[86]
3667,[71]
3668,[76]
3669,[88]
3670,[84]
3671,[78]
3672,[85]
3673,[92]
3674,[102]
3675,[119]
3676,[94]
3677,[101]
3678,[84]
3679,[75]
3680,[74]
3681,[78]
3682,[143]
3683,[81]
3684,[76]
3685,[77]
3686,[106]
3687,[84]
3688,[142]
3689,[74]
3690,[85]
3691,[72]
3692,[122]
3693,[88]
3694,[75]
3695,[84]
3696,[86]
3697,[134]
3698,[76]
3699,[74]
3700,[71]
3701,[83]
3702,[71]
3703,[72]
3704,[118]
3705,[81]
3706,[76]
3707,[77]
3708,[106]
3709,[85]
3710,[85]
3711,[84]
3712,[92]
3713,[84]
3714,[77]
3715,[124]
3716,[101]
3717,[74]
3718,[76]
3719,[83]
3720,[86]
3721,[75]
3722,[85]
3723,[78]
3724,[106]
3725,[84]
3726,[107]
3727,[84]
3728,[80]
3729,[119]
3730,[76]
3731,[85]
3732,[71]
3733,[71]
3734,[71]
3735,[71]
3736,[71]
3737,[71]
3738,[71]
3739,[71]
3740,[71]
3741,[71]
3742,[71]
3743,[71]
3744,[71]
3745,[71]
3746,[71]
3747,[71]
3748,[86]
3749,[86]
3750,[103]
3751,[96]
3752,[96]
3753,[86]
3754,[86]
3755,[106]
3756,[82]
3757,[86]
3758,[96]
3759,[106]
3760,[86]
3761,[86]
3762,[86]
3763,[106]
3764,[86]
3765,[86]
3766,[86]
3767,[86]
3768,[96]
3769,[86]
3770,[86]
3771,[98]
3772,[84]
3773,[84]
3774,[98]
3775,[98]
3776,[98]
3777,[89]
3778,[85]
3779,[74]
3780,[103]
3781,[134]
3782,[73]
3783,[74]
3784,[74]
3785,[83]
3786,[76]
3787,[128]
3788,[83]
3789,[85]
3790,[119]
3791,[84]
3792,[80]
3793,[94]
3794,[78]
3795,[103]
3796,[84]
3797,[83]
3798,[85]
3799,[119]
3800,[85]
3801,[94]
3802,[125]
3803,[80]
3804,[82]
3805,[137]
3806,[77]
3807,[77]
3808,[113]
3809,[74]
3810,[83]
3811,[83]
3812,[114]
3813,[98]
3814,[86]
3815,[77]
3816,[98]
3817,[100]
3818,[83]
3819,[84]
3820,[101]
3821,[100]
3822,[91]
3823,[101]
3824,[101]
3825,[102]
3826,[76]
3827,[76]
3828,[76]
3829,[76]
3830,[76]
3831,[76]
3832,[76]
3833,[83]
3834,[83]
3835,[83]
3836,[83]
3837,[83]
3838,[83]
3839,[83]
3840,[83]
3841,[83]
3842,[84]
3843,[98]
3844,[86]
3845,[83]
3846,[103]
3847,[98]
3848,[104]
3849,[105]
3850,[71]
3851,[71]
3852,[78]
3853,[84]
3854,[106]
3855,[107]
3856,[98]
3857,[78]
3858,[78]
3859,[84]
3860,[71]
3861,[77]
3862,[103]
3863,[71]
3864,[71]
3865,[82]
3866,[98]
3867,[71]
3868,[103]
3869,[98]
3870,[98]
3871,[98]
3872,[84]
3873,[84]
3874,[98]
3875,[98]
3876,[98]
3877,[98]
3878,[84]
3879,[84]
3880,[98]
3881,[98]
3882,[98]
3883,[98]
3884,[84]
3885,[98]
3886,[98]
3887,[98]
3888,[98]
3889,[98]
3890,[98]
3891,[84]
3892,[84]
3893,[84]
3894,[98]
3895,[98]
3896,[98]
3897,[136]
3898,[98]
3899,[98]
3900,[98]
3901,[98]
3902,[84]
3903,[98]
3904,[98]
3905,[84]
3906,[98]
3907,[98]
3908,[98]
3909,[98]
3910,[98]
3911,[98]
3912,[84]
3913,[84]
3914,[98]
3915,[84]
3916,[84]
3917,[104]
3918,[98]
3919,[98]
3920,[98]
3921,[104]
3922,[104]
3923,[84]
3924,[104]
3925,[98]
3926,[98]
3927,[98]
3928,[104]
3929,[104]
3930,[84]
3931,[104]
3932,[98]
3933,[98]
3934,[98]
3935,[84]
3936,[98]
3937,[84]
3938,[84]
3939,[84]
3940,[72]
3941,[98]
3942,[84]
3943,[84]
3944,[84]
3945,[98]
3946,[98]
3947,[104]
3948,[84]
3949,[98]
3950,[108]
3951,[108]
3952,[109]
3953,[109]
3954,[107]
3955,[107]
3956,[109]
3957,[110]
3958,[107]
3959,[111]
3960,[107]
3961,[112]
3962,[99]
3963,[99]
3964,[99]
3965,[92]
3966,[113]
3967,[81]
3968,[81]
3969,[80]
3970,[114]
3971,[92]
3972,[114]
3973,[115]
3974,[115]
3975,[116]
3976,[116]
3977,[114]
3978,[114]
3979,[117]
3980,[117]
3981,[117]
3982,[117]
3983,[74]
3984,[74]
3985,[74]
3986,[74]
3987,[75]
3988,[74]
3989,[88]
3990,[75]
3991,[118]
3992,[118]
3993,[93]
3994,[93]
3995,[93]
3996,[79]
3997,[93]
3998,[79]
3999,[79]
4000,[79]
4001,[117]
4002,[117]
4003,[73]
4004,[90]
4005,[119]
4006,[120]
4007,[121]
4008,[95]
4009,[122]
4010,[123]
4011,[123]
4012,[124]
4013,[85]
4014,[85]
4015,[125]
4016,[85]
4017,[126]
4018,[126]
4019,[72]
4020,[72]
4021,[143]
4022,[127]
4023,[128]
4024,[128]
4025,[128]
4026,[94]
4027,[128]
4028,[119]
4029,[80]
4030,[80]
4031,[80]
4032,[119]
4033,[80]
4034,[129]
4035,[129]
4036,[129]
4037,[129]
4038,[100]
4039,[100]
4040,[102]
4041,[102]
4042,[101]
4043,[101]
4044,[71]
4045,[128]
4046,[130]
4047,[130]
4048,[77]
4049,[77]
4050,[85]
4051,[85]
4052,[77]
4053,[77]
4054,[85]
4055,[85]
4056,[83]
4057,[83]
4058,[76]
4059,[76]
4060,[76]
4061,[84]
4062,[84]
4063,[131]
4064,[83]
4065,[74]
4066,[74]
4067,[74]
4068,[74]
4069,[74]
4070,[74]
4071,[74]
4072,[117]
4073,[132]
4074,[132]
4075,[78]
4076,[83]
4077,[133]
4078,[133]
4079,[83]
4080,[83]
4081,[134]
4082,[134]
4083,[72]
4084,[72]
4085,[81]
4086,[78]
4087,[78]
4088,[78]
4089,[78]
4090,[132]
4091,[78]
4092,[78]
4093,[78]
4094,[78]
4095,[83]
4096,[83]
4097,[130]
4098,[96]
4099,[84]
4100,[84]
4101,[71]
4102,[71]
4103,[119]
4104,[78]
4105,[74]
4106,[131]
4107,[131]
4108,[131]
4109,[131]
4110,[71]
4111,[71]
4112,[71]
4113,[71]
4114,[71]
4115,[71]
4116,[71]
4117,[71]
4118,[71]
4119,[71]
4120,[71]
4121,[71]
4122,[71]
4123,[71]
4124,[71]
4125,[71]
4126,[71]
4127,[71]
4128,[71]
4129,[71]
4130,[71]
4131,[71]
4132,[71]
4133,[71]
4134,[71]
4135,[71]
4136,[71]
4137,[71]
4138,[71]
4139,[71]
4140,[71]
4141,[71]
4142,[71]
4143,[71]
4144,[71]
4145,[71]
4146,[71]
4147,[71]
4148,[71]
4149,[71]
4150,[71]
4151,[71]
4152,[71]
4153,[71]
4154,[71]
4155,[71]
4156,[71]
4157,[71]
4158,[71]
4159,[71]
4160,[71]
4161,[83]
4162,[71]
4163,[71]
4164,[71]
4165,[71]
4166,[71]
4167,[71]
4168,[71]
4169,[71]
4170,[71]
4171,[71]
4172,[71]
4173,[71]
4174,[71]
4175,[71]
4176,[71]
4177,[71]
4178,[71]
4179,[71]
4180,[71]
4181,[71]
4182,[83]
4183,[71]
4184,[83]
4185,[71]
4186,[71]
4187,[71]
4188,[71]
4189,[71]
4190,[71]
4191,[91]
4192,[74]
4193,[88]
4194,[116]
4195,[75]
4196,[92]
4197,[119]
4198,[74]
4199,[119]
4200,[71]
4201,[96]
4202,[71]
4203,[86]
4204,[74]
4205,[72]
4206,[104]
4207,[71]
4208,[134]
4209,[101]
4210,[90]
4211,[78]
4212,[98]
4213,[74]
4214,[86]
4215,[106]
4216,[88]
4217,[93]
4218,[104]
4219,[105]
4220,[103]
4221,[98]
4222,[107]
4223,[96]
4224,[74]
4225,[78]
4226,[74]
4227,[118]
4228,[82]
4229,[101]
4230,[83]
4231,[128]
4232,[74]
4233,[119]
4234,[78]
4235,[71]
4236,[88]
4237,[142]
4238,[84]
4239,[98]
4240,[78]
4241,[74]
4242,[84]
4243,[86]
4244,[74]
4245,[130]
4246,[74]
4247,[88]
4248,[74]
4249,[80]
4250,[96]
4251,[80]
4252,[100]
4253,[94]
4254,[88]
4255,[82]
4256,[85]
4257,[74]
4258,[74]
4259,[98]
4260,[85]
4261,[107]
4262,[84]
4263,[71]
4264,[85]
4265,[71]
4266,[119]
4267,[92]
4268,[106]
4269,[71]
4270,[83]
4271,[85]
4272,[98]
4273,[74]
4274,[98]
4275,[77]
4276,[74]
4277,[80]
4278,[76]
4279,[77]
4280,[142]
4281,[83]
4282,[90]
4283,[85]
4284,[85]
4285,[83]
4286,[89]
4287,[128]
4288,[83]
4289,[78]
4290,[109]
4291,[119]
4292,[95]
4293,[90]
4294,[121]
4295,[95]
4296,[90]
4297,[122]
4298,[119]
4299,[119]
4300,[121]
4301,[87]
4302,[120]
4303,[121]
4304,[90]
4305,[90]
4306,[121]
4307,[122]
4308,[126]
4309,[71]
4310,[71]
4311,[71]
4312,[71]
4313,[71]
4314,[71]
4315,[131]
4316,[71]
4317,[71]
4318,[71]
4319,[71]
4320,[71]
4321,[71]
4322,[71]
4323,[71]
4324,[131]
4325,[71]
4326,[71]
4327,[71]
4328,[71]
4329,[71]
4330,[71]
4331,[100]
4332,[71]
4333,[71]
4334,[71]
4335,[71]
4336,[131]
4337,[71]
4338,[71]
4339,[71]
4340,[71]
4341,[71]
4342,[131]
4343,[71]
4344,[71]
4345,[91]
4346,[71]
4347,[71]
4348,[71]
4349,[71]
4350,[72]
4351,[73]
4352,[74]
4353,[75]
4354,[76]
4355,[77]
4356,[74]
4357,[78]
4358,[71]
4359,[79]
4360,[76]
4361,[80]
4362,[81]
4363,[77]
4364,[82]
4365,[83]
4366,[84]
4367,[77]
4368,[78]
4369,[84]
4370,[85]
4371,[74]
4372,[83]
4373,[74]
4374,[84]
4375,[86]
4376,[78]
4377,[86]
4378,[77]
4379,[83]
4380,[76]
4381,[78]
4382,[84]
4383,[87]
4384,[76]
4385,[74]
4386,[77]
4387,[78]
4388,[74]
4389,[74]
4390,[74]
4391,[74]
4392,[74]
4393,[74]
4394,[74]
4395,[74]
4396,[74]
4397,[74]
4398,[74]
4399,[74]
4400,[74]
4401,[74]
4402,[74]
4403,[74]
4404,[74]
4405,[74]
4406,[74]
4407,[74]
4408,[74]
4409,[74]
4410,[74]
4411,[74]
4412,[74]
4413,[74]
4414,[74]
4415,[74]
4416,[74]
4417,[74]
4418,[74]
4419,[74]
4420,[74]
4421,[74]
4422,[74]
4423,[74]
4424,[71]
4425,[74]
4426,[74]
4427,[74]
4428,[74]
4429,[74]
4430,[74]
4431,[74]
4432,[74]
4433,[74]
4434,[74]
4435,[74]
4436,[74]
4437,[74]
4438,[74]
4439,[74]
4440,[74]
4441,[74]
4442,[74]
4443,[74]
4444,[74]
4445,[74]
4446,[74]
4447,[74]
4448,[74]
4449,[74]
4450,[74]
4451,[74]
4452,[74]
4453,[74]
4454,[74]
4455,[74]
4456,[74]
4457,[74]
4458,[74]
4459,[100]
4460,[74]
4461,[74]
4462,[74]
4463,[74]
4464,[74]
4465,[74]
4466,[74]
4467,[74]
4468,[74]
4469,[74]
4470,[74]
4471,[74]
4472,[74]
4473,[74]
4474,[74]
4475,[74]
4476,[74]
4477,[74]
4478,[74]
4479,[74]
4480,[74]
4481,[74]
4482,[74]
4483,[78]
4484,[83]
4485,[142]
4486,[98]
4487,[78]
4488,[83]
4489,[104]
4490,[98]
4491,[71]
4492,[78]
4493,[133]
4494,[133]
4495,[78]
4496,[132]
4497,[108]
4498,[109]
4499,[112]
4500,[107]
4501,[107]
4502,[142]
4503,[107]
4504,[107]
4505,[107]
4506,[107]
4507,[107]
4508,[119]
4509,[142]
4510,[85]
4511,[107]
4512,[110]
4513,[107]
4514,[109]
4515,[117]
4516,[93]
4517,[117]
4518,[93]
4519,[112]
4520,[106]
4521,[93]
4522,[79]
4523,[93]
4524,[93]
4525,[93]
4526,[93]
4527,[93]
4528,[106]
4529,[117]
4530,[117]
4531,[72]
4532,[86]
4533,[80]
4534,[88]
4535,[85]
4536,[106]
4537,[71]
4538,[86]
4539,[71]
4540,[74]
4541,[85]
4542,[74]
4543,[128]
4544,[77]
4545,[80]
4546,[137]
4547,[109]
4548,[129]
4549,[94]
4550,[83]
4551,[119]
4552,[74]
4553,[77]
4554,[100]
4555,[103]
4556,[85]
4557,[76]
4558,[85]
4559,[90]
4560,[76]
4561,[82]
4562,[77]
4563,[80]
4564,[74]
4565,[78]
4566,[77]
4567,[74]
4568,[74]
4569,[74]
4570,[74]
4571,[74]
4572,[74]
4573,[74]
4574,[74]
4575,[74]
4576,[74]
4577,[74]
4578,[74]
4579,[74]
4580,[74]
4581,[74]
4582,[74]
4583,[74]
4584,[74]
4585,[74]
4586,[74]
4587,[74]
4588,[74]
4589,[74]
4590,[74]
4591,[74]
4592,[74]
4593,[74]
4594,[74]
4595,[74]
4596,[74]
4597,[105]
4598,[74]
4599,[78]
4600,[74]
4601,[74]
4602,[74]
4603,[74]
4604,[74]
4605,[74]
4606,[74]
4607,[74]
4608,[105]
4609,[74]
4610,[74]
4611,[74]
4612,[74]
4613,[74]
4614,[74]
4615,[74]
4616,[74]
4617,[74]
4618,[74]
4619,[74]
4620,[74]
4621,[74]
4622,[74]
4623,[74]
4624,[74]
4625,[74]
4626,[74]
4627,[74]
4628,[74]
4629,[74]
4630,[74]
4631,[74]
4632,[74]
4633,[74]
4634,[74]
4635,[74]
4636,[74]
4637,[74]
4638,[74]
4639,[74]
4640,[74]
4641,[74]
4642,[74]
4643,[74]
4644,[74]
4645,[74]
4646,[74]
4647,[74]
4648,[74]
4649,[74]
4650,[74]
4651,[74]
4652,[74]
4653,[105]
4654,[74]
4655,[74]
4656,[74]
4657,[74]
4658,[74]
4659,[74]
4660,[74]
4661,[74]
4662,[74]
4663,[74]
4664,[74]
4665,[95]
4666,[123]
4667,[126]
4668,[123]
4669,[90]
4670,[137]
4671,[90]
4672,[90]
4673,[121]
4674,[119]
4675,[121]
4676,[121]
4677,[122]
4678,[95]
4679,[119]
4680,[73]
4681,[72]
4682,[119]
4683,[90]
4684,[72]
4685,[137]
4686,[119]
4687,[90]
4688,[119]
4689,[138]
4690,[123]
4691,[119]
4692,[137]
4693,[123]
4694,[90]
4695,[97]
4696,[90]
4697,[73]
4698,[73]
4699,[120]
4700,[119]
4701,[90]
4702,[120]
4703,[125]
4704,[87]
4705,[121]
4706,[121]
4707,[119]
4708,[108]
4709,[119]
4710,[122]
4711,[121]
4712,[121]
4713,[123]
4714,[119]
4715,[119]
4716,[120]
4717,[137]
4718,[123]
4719,[119]
4720,[90]
4721,[119]
4722,[93]
4723,[93]
4724,[93]
4725,[93]
4726,[117]
4727,[93]
4728,[117]
4729,[93]
4730,[79]
4731,[79]
4732,[79]
4733,[79]
4734,[80]
4735,[80]
4736,[80]
4737,[80]
4738,[84]
4739,[80]
4740,[80]
4741,[80]
4742,[80]
4743,[80]
4744,[98]
4745,[98]
4746,[98]
4747,[98]
4748,[129]
4749,[129]
4750,[129]
4751,[129]
4752,[129]
4753,[129]
4754,[105]
4755,[92]
4756,[92]
4757,[113]
4758,[92]
4759,[92]
4760,[113]
4761,[92]
4762,[92]
4763,[92]
4764,[114]
4765,[114]
4766,[114]
4767,[114]
4768,[81]
4769,[81]
4770,[92]
4771,[114]
4772,[115]
4773,[115]
4774,[116]
4775,[116]
4776,[116]
4777,[116]
4778,[116]
4779,[78]
4780,[92]
4781,[92]
4782,[116]
4783,[92]
4784,[134]
4785,[134]
4786,[134]
4787,[134]
4788,[134]
4789,[134]
4790,[72]
4791,[72]
4792,[72]
4793,[81]
4794,[81]
4795,[81]
4796,[81]
4797,[81]
4798,[90]
4799,[78]
4800,[78]
4801,[78]
4802,[78]
4803,[78]
4804,[78]
4805,[78]
4806,[78]
4807,[78]
4808,[78]
4809,[78]
4810,[78]
4811,[78]
4812,[86]
4813,[106]
4814,[106]
4815,[106]
4816,[106]
4817,[82]
4818,[86]
4819,[86]
4820,[98]
4821,[84]
4822,[98]
4823,[104]
4824,[84]
4825,[84]
4826,[71]
4827,[71]
4828,[71]
4829,[71]
4830,[71]
4831,[71]
4832,[137]
4833,[137]
4834,[137]
4835,[137]
4836,[137]
4837,[132]
4838,[132]
4839,[132]
4840,[132]
4841,[105]
4842,[105]
4843,[74]
4844,[99]
4845,[97]
4846,[90]
4847,[78]
4848,[97]
4849,[133]
4850,[132]
4851,[78]
4852,[78]
4853,[78]
4854,[72]
4855,[78]
4856,[132]
4857,[133]
4858,[132]
4859,[133]
4860,[132]
4861,[78]
4862,[78]
4863,[78]
4864,[78]
4865,[78]
4866,[104]
4867,[98]
4868,[78]
4869,[71]
4870,[83]
4871,[86]
4872,[86]
4873,[86]
4874,[86]
4875,[96]
4876,[106]
4877,[96]
4878,[82]
4879,[96]
4880,[86]
4881,[96]
4882,[96]
4883,[103]
4884,[86]
4885,[106]
4886,[82]
4887,[103]
4888,[82]
4889,[103]
4890,[82]
4891,[96]
4892,[82]
4893,[86]
4894,[106]
4895,[96]
4896,[106]
4897,[106]
4898,[103]
4899,[106]
4900,[106]
4901,[96]
4902,[96]
4903,[106]
4904,[86]
4905,[103]
4906,[86]
4907,[106]
4908,[106]
4909,[106]
4910,[103]
4911,[106]
4912,[106]
4913,[103]
4914,[106]
4915,[106]
4916,[86]
4917,[86]
4918,[86]
4919,[86]
4920,[96]
4921,[96]
4922,[106]
4923,[86]
4924,[106]
4925,[96]
4926,[86]
4927,[82]
4928,[86]
4929,[82]
4930,[96]
4931,[82]
4932,[103]
4933,[82]
4934,[106]
4935,[82]
4936,[82]
4937,[82]
4938,[82]
4939,[106]
4940,[106]
4941,[106]
4942,[96]
4943,[96]
4944,[96]
4945,[96]
4946,[82]
4947,[86]
4948,[86]
4949,[86]
4950,[82]
4951,[82]
4952,[86]
4953,[82]
4954,[96]
4955,[82]
4956,[86]
4957,[106]
4958,[82]
4959,[106]
4960,[103]
4961,[119]
4962,[104]
4963,[80]
4964,[80]
4965,[84]
4966,[80]
4967,[80]
4968,[84]
4969,[98]
4970,[80]
4971,[98]
4972,[84]
4973,[84]
4974,[80]
4975,[80]
4976,[84]
4977,[84]
4978,[98]
4979,[98]
4980,[80]
4981,[104]
4982,[84]
4983,[80]
4984,[84]
4985,[84]
4986,[84]
4987,[84]
4988,[84]
4989,[84]
4990,[84]
4991,[84]
4992,[98]
4993,[84]
4994,[84]
4995,[98]
4996,[80]
4997,[98]
4998,[84]
4999,[80]
5000,[104]
5001,[104]
5002,[80]
5003,[84]
5004,[84]
5005,[84]
5006,[80]
5007,[84]
5008,[98]
5009,[104]
5010,[84]
5011,[98]
5012,[98]
5013,[84]
5014,[104]
5015,[80]
5016,[98]
5017,[98]
5018,[80]
5019,[98]
5020,[104]
5021,[98]
5022,[98]
5023,[84]
5024,[98]
5025,[84]
5026,[98]
5027,[104]
5028,[74]
5029,[83]
5030,[85]
5031,[98]
5032,[88]
5033,[83]
5034,[74]
5035,[85]
5036,[77]
5037,[119]
5038,[76]
5039,[86]
5040,[74]
5041,[98]
5042,[76]
5043,[81]
5044,[96]
5045,[82]
5046,[83]
5047,[74]
5048,[86]
5049,[77]
5050,[73]
5051,[74]
5052,[89]
5053,[71]
5054,[98]
5055,[93]
5056,[77]
5057,[92]
5058,[94]
5059,[86]
5060,[76]
5061,[98]
5062,[71]
5063,[80]
5064,[83]
5065,[129]
5066,[74]
5067,[127]
5068,[127]
5069,[127]
5070,[72]
5071,[138]
5072,[134]
5073,[72]
5074,[122]
5075,[72]
5076,[87]
5077,[87]
5078,[87]
5079,[90]
5080,[87]
5081,[120]
5082,[95]
5083,[73]
5084,[119]
5085,[124]
5086,[119]
5087,[120]
5088,[119]
5089,[90]
5090,[119]
5091,[121]
5092,[121]
5093,[121]
5094,[122]
5095,[122]
5096,[95]
5097,[85]
5098,[85]
5099,[89]
5100,[136]
5101,[136]
5102,[98]
5103,[104]
5104,[104]
5105,[124]
5106,[71]
5107,[74]
5108,[119]
5109,[126]
5110,[80]
5111,[126]
5112,[123]
5113,[123]
5114,[85]
5115,[77]
5116,[77]
5117,[77]
5118,[85]
5119,[77]
5120,[77]
5121,[85]
5122,[85]
5123,[85]
5124,[85]
5125,[83]
5126,[83]
5127,[83]
5128,[83]
5129,[71]
5130,[76]
5131,[76]
5132,[76]
5133,[76]
5134,[76]
5135,[83]
5136,[83]
5137,[76]
5138,[83]
5139,[98]
5140,[117]
5141,[117]
5142,[74]
5143,[105]
5144,[74]
5145,[74]
5146,[77]
5147,[75]
5148,[88]
5149,[88]
5150,[88]
5151,[75]
5152,[75]
5153,[75]
5154,[118]
5155,[94]
5156,[118]
5157,[118]
5158,[128]
5159,[128]
5160,[128]
5161,[128]
5162,[94]
5163,[94]
5164,[74]
5165,[74]
5166,[74]
5167,[74]
5168,[74]
5169,[74]
5170,[74]
5171,[74]
5172,[103]
5173,[117]
5174,[100]
5175,[83]
5176,[102]
5177,[83]
5178,[101]
5179,[98]
5180,[91]
5181,[83]
5182,[132]
5183,[130]
5184,[89]
5185,[108]
5186,[89]
5187,[109]
5188,[109]
5189,[109]
5190,[109]
5191,[107]
5192,[107]
5193,[107]
5194,[107]
5195,[110]
5196,[107]
5197,[89]
5198,[107]
5199,[142]
5200,[109]
5201,[89]
5202,[112]
5203,[74]
5204,[74]
5205,[74]
5206,[74]
5207,[74]
5208,[74]
5209,[74]
5210,[74]
5211,[74]
5212,[74]
5213,[74]
5214,[74]
5215,[74]
5216,[74]
5217,[74]
5218,[74]
5219,[74]
5220,[74]
5221,[74]
5222,[74]
5223,[74]
5224,[74]
5225,[74]
5226,[74]
5227,[74]
5228,[74]
5229,[74]
5230,[74]
5231,[74]
5232,[74]
5233,[74]
5234,[74]
5235,[74]
5236,[74]
5237,[74]
5238,[98]
5239,[84]
5240,[98]
5241,[98]
5242,[80]
5243,[84]
5244,[84]
5245,[98]
5246,[98]
5247,[98]
5248,[104]
5249,[84]
5250,[80]
5251,[84]
5252,[80]
5253,[104]
5254,[98]
5255,[98]
5256,[98]
5257,[80]
5258,[119]
5259,[104]
5260,[80]
5261,[80]
5262,[80]
5263,[74]
5264,[74]
5265,[74]
5266,[74]
5267,[74]
5268,[74]
5269,[74]
5270,[74]
5271,[74]
5272,[74]
5273,[74]
5274,[74]
5275,[74]
5276,[74]
5277,[74]
5278,[74]
5279,[74]
5280,[74]
5281,[74]
5282,[74]
5283,[74]
5284,[74]
5285,[74]
5286,[74]
5287,[119]
5288,[119]
5289,[87]
5290,[119]
5291,[121]
5292,[120]
5293,[119]
5294,[119]
5295,[98]
5296,[84]
5297,[80]
5298,[80]
5299,[80]
5300,[84]
5301,[98]
5302,[80]
5303,[84]
5304,[84]
5305,[104]
5306,[84]
5307,[84]
5308,[84]
5309,[84]
5310,[84]
5311,[104]
5312,[80]
5313,[84]
5314,[84]
5315,[80]
5316,[84]
5317,[80]
5318,[80]
5319,[122]
5320,[80]
5321,[84]
5322,[84]
5323,[84]
5324,[80]
5325,[84]
5326,[84]
5327,[84]
5328,[84]
5329,[71]
5330,[84]
5331,[84]
5332,[84]
5333,[84]
5334,[80]
5335,[84]
5336,[84]
5337,[84]
5338,[80]
5339,[80]
5340,[80]
5341,[80]
5342,[80]
5343,[80]
5344,[84]
5345,[84]
5346,[84]
5347,[98]
5348,[104]
5349,[84]
5350,[98]
5351,[84]
5352,[80]
5353,[98]
5354,[84]
5355,[84]
5356,[84]
5357,[80]
5358,[84]
5359,[80]
5360,[84]
5361,[84]
5362,[84]
5363,[84]
5364,[80]
5365,[80]
5366,[80]
5367,[98]
5368,[98]
5369,[98]
5370,[98]
5371,[98]
5372,[98]
5373,[104]
5374,[84]
5375,[84]
5376,[98]
5377,[80]
5378,[119]
5379,[98]
5380,[98]
5381,[84]
5382,[104]
5383,[98]
5384,[84]
5385,[98]
5386,[98]
5387,[84]
5388,[84]
5389,[98]
5390,[98]
5391,[98]
5392,[84]
5393,[98]
5394,[98]
5395,[104]
5396,[98]
5397,[98]
5398,[104]
5399,[80]
5400,[98]
5401,[98]
5402,[96]
5403,[86]
5404,[86]
5405,[96]
5406,[82]
5407,[96]
5408,[86]
5409,[103]
5410,[82]
5411,[96]
5412,[86]
5413,[96]
5414,[103]
5415,[103]
5416,[82]
5417,[77]
5418,[106]
5419,[106]
5420,[106]
5421,[82]
5422,[103]
5423,[106]
5424,[72]
5425,[86]
5426,[106]
5427,[103]
5428,[103]
5429,[103]
5430,[86]
5431,[96]
5432,[103]
5433,[103]
5434,[103]
5435,[82]
5436,[103]
5437,[82]
5438,[121]
5439,[90]
5440,[121]
5441,[87]
5442,[120]
5443,[122]
5444,[120]
5445,[95]
5446,[73]
5447,[120]
5448,[90]
5449,[119]
5450,[87]
5451,[87]
5452,[119]
5453,[126]
5454,[95]
5455,[123]
5456,[125]
5457,[90]
5458,[73]
5459,[119]
5460,[119]
5461,[119]
5462,[120]
5463,[120]
5464,[119]
5465,[120]
5466,[119]
5467,[87]
5468,[119]
5469,[119]
5470,[87]
5471,[119]
5472,[119]
5473,[119]
5474,[119]
5475,[119]
5476,[121]
5477,[120]
5478,[120]
5479,[95]
5480,[120]
5481,[87]
5482,[121]
5483,[119]
5484,[119]
5485,[90]
5486,[119]
5487,[119]
5488,[119]
5489,[87]
5490,[121]
5491,[87]
5492,[119]
5493,[87]
5494,[120]
5495,[119]
5496,[119]
5497,[87]
5498,[119]
5499,[122]
5500,[87]
5501,[119]
5502,[119]
5503,[119]
5504,[90]
5505,[73]
5506,[119]
5507,[90]
5508,[119]
5509,[119]
5510,[119]
5511,[87]
5512,[119]
5513,[120]
5514,[95]
5515,[87]
5516,[87]
5517,[121]
5518,[83]
5519,[88]
5520,[76]
5521,[85]
5522,[89]
5523,[74]
5524,[78]
5525,[76]
5526,[85]
5527,[90]
5528,[74]
5529,[77]
5530,[84]
5531,[91]
5532,[83]
5533,[78]
5534,[85]
5535,[92]
5536,[85]
5537,[80]
5538,[93]
5539,[94]
5540,[74]
5541,[85]
5542,[71]
5543,[76]
5544,[84]
5545,[95]
5546,[96]
5547,[83]
5548,[77]
5549,[83]
5550,[97]
5551,[98]
5552,[99]
5553,[85]
5554,[85]
5555,[77]
5556,[80]
5557,[72]
5558,[138]
5559,[127]
5560,[143]
5561,[138]
5562,[138]
5563,[127]
5564,[97]
5565,[72]
5566,[121]
5567,[87]
5568,[95]
5569,[123]
5570,[120]
5571,[87]
5572,[90]
5573,[121]
5574,[95]
5575,[119]
5576,[95]
5577,[82]
5578,[82]
5579,[90]
5580,[119]
5581,[120]
5582,[119]
5583,[121]
5584,[88]
5585,[88]
5586,[88]
5587,[88]
5588,[88]
5589,[88]
5590,[88]
5591,[88]
5592,[99]
5593,[99]
5594,[99]
5595,[99]
5596,[134]
5597,[74]
5598,[88]
5599,[71]
5600,[77]
5601,[104]
5602,[85]
5603,[83]
5604,[90]
5605,[119]
5606,[74]
5607,[79]
5608,[71]
5609,[78]
5610,[85]
5611,[119]
5612,[94]
5613,[100]
5614,[106]
5615,[85]
5616,[71]
5617,[84]
5618,[74]
5619,[76]
5620,[73]
5621,[119]
5622,[83]
5623,[72]
5624,[128]
5625,[97]
5626,[78]
5627,[86]
5628,[83]
5629,[83]
5630,[74]
5631,[108]
5632,[88]
5633,[71]
5634,[85]
5635,[83]
5636,[74]
5637,[74]
5638,[74]
5639,[74]
5640,[74]
5641,[74]
5642,[74]
5643,[74]
5644,[74]
5645,[74]
5646,[74]
5647,[74]
5648,[74]
5649,[74]
5650,[74]
5651,[74]
5652,[74]
5653,[74]
5654,[74]
5655,[74]
5656,[74]
5657,[74]
5658,[74]
5659,[74]
5660,[74]
5661,[105]
5662,[74]
5663,[74]
5664,[74]
5665,[74]
5666,[74]
5667,[74]
5668,[74]
5669,[74]
5670,[74]
5671,[74]
5672,[74]
5673,[74]
5674,[74]
5675,[74]
5676,[74]
5677,[74]
5678,[74]
5679,[74]
5680,[128]
5681,[128]
5682,[94]
5683,[128]
5684,[128]
5685,[128]
5686,[128]
5687,[128]
5688,[128]
5689,[94]
5690,[94]
5691,[94]
5692,[94]
5693,[94]
5694,[94]
5695,[117]
5696,[75]
5697,[79]
5698,[117]
5699,[79]
5700,[88]
5701,[85]
5702,[117]
5703,[74]
5704,[74]
5705,[74]
5706,[74]
5707,[75]
5708,[84]
5709,[80]
5710,[80]
5711,[84]
5712,[80]
5713,[129]
5714,[129]
5715,[129]
5716,[84]
5717,[129]
5718,[80]
5719,[98]
5720,[129]
5721,[84]
5722,[80]
5723,[80]
5724,[129]
5725,[93]
5726,[80]
5727,[85]
5728,[85]
5729,[85]
5730,[85]
5731,[85]
5732,[85]
5733,[85]
5734,[85]
5735,[85]
5736,[85]
5737,[85]
5738,[85]
5739,[85]
5740,[85]
5741,[85]
5742,[85]
5743,[85]
5744,[85]
5745,[85]
5746,[85]
5747,[85]
5748,[85]
5749,[85]
5750,[85]
5751,[111]
5752,[77]
5753,[77]
5754,[77]
5755,[77]
5756,[77]
5757,[77]
5758,[77]
5759,[77]
5760,[77]
5761,[77]
5762,[77]
5763,[77]
5764,[77]
5765,[77]
5766,[77]
5767,[77]
5768,[77]
5769,[77]
5770,[77]
5771,[77]
5772,[103]
5773,[106]
5774,[106]
5775,[106]
5776,[106]
5777,[88]
5778,[96]
5779,[85]
5780,[76]
5781,[77]
5782,[71]
5783,[92]
5784,[74]
5785,[77]
5786,[84]
5787,[85]
5788,[74]
5789,[77]
5790,[88]
5791,[71]
5792,[103]
5793,[98]
5794,[78]
5795,[85]
5796,[83]
5797,[85]
5798,[86]
5799,[94]
5800,[132]
5801,[71]
5802,[94]
5803,[77]
5804,[76]
5805,[85]
5806,[83]
5807,[85]
5808,[74]
5809,[77]
5810,[71]
5811,[106]
5812,[105]
5813,[88]
5814,[98]
5815,[86]
5816,[71]
5817,[76]
5818,[86]
5819,[71]
5820,[76]
5821,[83]
5822,[86]
5823,[74]
5824,[128]
5825,[91]
5826,[77]
5827,[119]
5828,[81]
5829,[86]
5830,[74]
5831,[83]
5832,[83]
5833,[119]
5834,[71]
5835,[77]
5836,[83]
5837,[85]
5838,[83]
5839,[76]
5840,[77]
5841,[77]
5842,[78]
5843,[85]
5844,[86]
5845,[105]
5846,[80]
5847,[77]
5848,[98]
5849,[77]
5850,[129]
5851,[71]
5852,[85]
5853,[113]
5854,[92]
5855,[92]
5856,[115]
5857,[92]
5858,[114]
5859,[119]
5860,[113]
5861,[113]
5862,[114]
5863,[92]
5864,[80]
5865,[74]
5866,[114]
5867,[114]
5868,[116]
5869,[92]
5870,[92]
5871,[114]
5872,[116]
5873,[116]
5874,[116]
5875,[116]
5876,[116]
5877,[80]
5878,[80]
5879,[98]
5880,[116]
5881,[81]
5882,[115]
5883,[121]
5884,[124]
5885,[119]
5886,[120]
5887,[90]
5888,[119]
5889,[119]
5890,[119]
5891,[119]
5892,[120]
5893,[121]
5894,[119]
5895,[119]
5896,[119]
5897,[121]
5898,[90]
5899,[121]
5900,[95]
5901,[87]
5902,[90]
5903,[95]
5904,[90]
5905,[119]
5906,[95]
5907,[122]
5908,[119]
5909,[127]
5910,[119]
5911,[133]
5912,[85]
5913,[120]
5914,[141]
5915,"[128, 177]"
5916,"[77, 177]"
5917,"[86, 177]"
5918,"[141, 177]"
5919,[74]
5920,[83]
5921,[85]
5922,[141]
5923,[134]
5924,[85]
5925,[76]
5926,[141]
5927,[87]
5928,[141]
5929,[83]
5930,[77]
5931,[141]
5932,[119]
5933,[77]
5934,[74]
5935,[141]
5936,[85]
5937,[120]
5938,[86]
5939,[141]
5940,[76]
5941,[77]
5942,[127]
5943,[141]
5944,[86]
5945,[77]
5946,[88]
5947,[141]
5948,[83]
5949,[83]
5950,[122]
5951,[77]
5952,[141]
5953,[112]
5954,[76]
5955,[92]
5956,[141]
5957,[85]
5958,[85]
5959,[74]
5960,[141]
5961,[84]
5962,[85]
5963,[118]
5964,[141]
5965,[76]
5966,[133]
5967,[74]
5968,[141]
5969,[78]
5970,[85]
5971,[87]
5972,[105]
5973,[141]
5974,[77]
5975,[88]
5976,[76]
5977,[141]
5978,[83]
5979,[133]
5980,[88]
5981,[141]
5982,[76]
5983,[119]
5984,[133]
5985,[141]
5986,[85]
5987,[77]
5988,[74]
5989,[141]
5990,[119]
5991,[95]
5992,[85]
5993,[141]
5994,[83]
5995,"[83, 177]"
5996,"[80, 177]"
5997,"[77, 177]"
5998,"[141, 177]"
5999,[74]
6000,[71]
6001,[85]
6002,[141]
6003,"[120, 177]"
6004,"[133, 177]"
6005,"[86, 177]"
6006,"[141, 177]"
6007,[83]
6008,[76]
6009,[107]
6010,[141]
6011,[77]
6012,[77]
6013,[141]
6014,[84]
6015,"[106, 177]"
6016,"[74, 177]"
6017,"[141, 177]"
6018,"[84, 177]"
6019,[85]
6020,[141]
6021,[78]
6022,[134]
6023,[128]
6024,[77]
6025,[141]
6026,[73]
6027,"[85, 177]"
6028,"[77, 177]"
6029,"[141, 177]"
6030,"[120, 177]"
6031,"[86, 177]"
6032,"[74, 177]"
6033,"[141, 177]"
6034,"[85, 177]"
6035,"[85, 177]"
6036,"[77, 177]"
6037,"[120, 177]"
6038,"[141, 177]"
6039,"[74, 177]"
6040,"[141, 177]"
6041,"[99, 177]"
6042,"[85, 177]"
6043,[77]
6044,[85]
6045,[84]
6046,[141]
6047,"[76, 177]"
6048,"[119, 177]"
6049,"[85, 177]"
6050,"[141, 177]"
6051,"[110, 177]"
6052,"[83, 177]"
6053,"[85, 177]"
6054,"[141, 177]"
6055,[87]
6056,[77]
6057,[133]
6058,[141]
6059,"[85, 177]"
6060,"[73, 177]"
6061,"[141, 177]"
6062,"[77, 177]"
6063,[85]
6064,[133]
6065,[141]
6066,[86]
6067,[124]
6068,[85]
6069,[83]
6070,[141]
6071,[77]
6072,[78]
6073,[120]
6074,[141]
6075,[106]
6076,[77]
6077,[88]
6078,[77]
6079,[128]
6080,[74]
6081,[80]
6082,[85]
6083,[74]
6084,[85]
6085,[77]
6086,[129]
6087,[136]
6088,[74]
6089,[128]
6090,[71]
6091,[80]
6092,[86]
6093,[85]
6094,[102]
6095,[131]
6096,[104]
6097,[76]
6098,[86]
6099,[101]
6100,[104]
6101,[82]
6102,[78]
6103,[85]
6104,[119]
6105,[76]
6106,[77]
6107,[85]
6108,[92]
6109,[76]
6110,[83]
6111,[74]
6112,[80]
6113,[85]
6114,[83]
6115,"[119, 177]"
6116,"[141, 177]"
6117,"[133, 177]"
6118,"[86, 177]"
6119,"[120, 177]"
6120,"[141, 177]"
6121,"[133, 177]"
6122,"[77, 177]"
6123,[141]
6124,[120]
6125,[133]
6126,[77]
6127,[119]
6128,[141]
6129,[77]
6130,[133]
6131,[133]
6132,[77]
6133,[120]
6134,[141]
6135,[78]
6136,[76]
6137,[141]
6138,[133]
6139,"[120, 177]"
6140,"[141, 177]"
6141,"[77, 177]"
6142,"[74, 177]"
6143,"[74, 177]"
6144,"[141, 177]"
6145,"[77, 177]"
6146,"[120, 177]"
6147,[120]
6148,[77]
6149,[133]
6150,[141]
6151,"[120, 177]"
6152,"[141, 177]"
6153,"[77, 177]"
6154,"[74, 177]"
6155,"[85, 177]"
6156,"[76, 177]"
6157,"[74, 177]"
6158,"[141, 177]"
6159,[119]
6160,[141]
6161,[77]
6162,[85]
6163,[74]
6164,[76]
6165,[141]
6166,[129]
6167,"[85, 177]"
6168,"[141, 177]"
6169,"[120, 177]"
6170,"[74, 177]"
6171,"[76, 177]"
6172,"[77, 177]"
6173,"[141, 177]"
6174,"[80, 177]"
6175,[77]
6176,[80]
6177,[85]
6178,[141]
6179,"[78, 177]"
6180,"[120, 177]"
6181,"[141, 177]"
6182,"[86, 177]"
6183,"[74, 177]"
6184,"[109, 177]"
6185,"[141, 177]"
6186,"[127, 177]"
6187,[80]
6188,[84]
6189,[76]
6190,[141]
6191,[116]
6192,[86]
6193,[141]
6194,[75]
6195,[119]
6196,[87]
6197,[141]
6198,[71]
6199,[84]
6200,[85]
6201,[141]
6202,[83]
6203,[133]
6204,[119]
6205,[141]
6206,[80]
6207,[121]
6208,[76]
6209,[141]
6210,[133]
6211,"[77, 177]"
6212,"[76, 177]"
6213,"[122, 177]"
6214,"[141, 177]"
6215,"[128, 177]"
6216,"[77, 177]"
6217,"[141, 177]"
6218,"[86, 177]"
6219,"[85, 177]"
6220,"[133, 177]"
6221,"[141, 177]"
6222,"[77, 177]"
6223,[122]
6224,[76]
6225,[88]
6226,[141]
6227,"[120, 177]"
6228,"[133, 177]"
6229,"[76, 177]"
6230,"[141, 177]"
6231,[119]
6232,[77]
6233,[83]
6234,[141]
6235,[85]
6236,[71]
6237,[83]
6238,[141]
6239,[142]
6240,[85]
6241,[72]
6242,[141]
6243,"[71, 177]"
6244,"[83, 177]"
6245,"[74, 177]"
6246,"[141, 177]"
6247,"[88, 177]"
6248,"[77, 177]"
6249,"[76, 177]"
6250,"[141, 177]"
6251,[98]
6252,[128]
6253,[76]
6254,[141]
6255,"[120, 177]"
6256,"[133, 177]"
6257,"[119, 177]"
6258,"[141, 177]"
6259,[78]
6260,[74]
6261,[141]
6262,[77]
6263,[126]
6264,[76]
6265,[72]
6266,[141]
6267,"[77, 177]"
6268,"[78, 177]"
6269,"[85, 177]"
6270,"[141, 177]"
6271,[76]
6272,[73]
6273,[71]
6274,[141]
6275,[129]
6276,[76]
6277,[78]
6278,[141]
6279,"[83, 177]"
6280,"[95, 177]"
6281,"[141, 177]"
6282,"[115, 177]"
6283,"[80, 177]"
6284,"[120, 177]"
6285,"[77, 177]"
6286,"[141, 177]"
6287,"[81, 177]"
6288,"[141, 177]"
6289,"[108, 177]"
6290,"[77, 177]"
6291,"[74, 177]"
6292,"[141, 177]"
6293,"[78, 177]"
6294,"[117, 177]"
6295,"[141, 177]"
6296,"[143, 177]"
6297,"[113, 177]"
6298,"[76, 177]"
6299,[83]
6300,[115]
6301,[141]
6302,[85]
6303,[78]
6304,[119]
6305,[119]
6306,[141]
6307,[141]
6308,[78]
6309,[80]
6310,[76]
6311,"[85, 177]"
6312,"[83, 177]"
6313,[]
6314,"[122, 177]"
6315,"[71, 177]"
6316,"[81, 177]"
6317,"[74, 177]"
6318,"[141, 177]"
6319,"[77, 177]"
6320,"[85, 177]"
6321,"[75, 177]"
6322,"[141, 177]"
6323,"[77, 177]"
6324,"[87, 177]"
6325,"[141, 177]"
6326,"[126, 177]"
6327,[82]
6328,[133]
6329,[83]
6330,[141]
6331,[76]
6332,[80]
6333,[112]
6334,[141]
6335,[119]
6336,[83]
6337,[128]
6338,[141]
6339,"[76, 177]"
6340,"[78, 177]"
6341,"[141, 177]"
6342,"[129, 177]"
6343,"[71, 177]"
6344,"[141, 177]"
6345,"[74, 177]"
6346,"[90, 177]"
6347,"[80, 177]"
6348,"[119, 177]"
6349,"[77, 177]"
6350,"[141, 177]"
6351,"[151, 153, 175]"
6352,"[153, 154, 175]"
6353,"[153, 167, 175]"
6354,"[147, 155, 175]"
6355,"[151, 155, 175]"
6356,"[155, 167, 175]"
6357,"[147, 153, 175]"
6358,"[153, 154, 175]"
6359,"[153, 167, 175]"
6360,"[147, 157, 175]"
6361,"[154, 157, 175]"
6362,"[157, 167, 175]"
6363,"[145, 147, 150, 161, 176, 177]"
6364,"[145, 147, 150, 161, 176, 177]"
6365,"[145, 149, 150, 161, 176, 177]"
6366,"[145, 147, 150, 161, 176, 177]"
6367,"[145, 147, 150, 161, 176, 177]"
6368,"[148, 155, 175]"
6369,"[147, 155, 175]"
6370,"[151, 155, 175]"
6371,"[155, 167, 175]"
6372,"[147, 153, 175]"
6373,"[147, 153, 175]"
6374,"[151, 153, 175]"
6375,"[153, 167, 175]"
6376,"[144, 148, 175]"
6377,"[144, 151, 175]"
6378,"[144, 154, 175]"
6379,"[144, 167, 175]"
6380,"[146, 157, 175]"
6381,"[154, 157, 175]"
6382,"[151, 157, 175]"
6383,"[157, 167, 175]"
6384,"[154, 157, 160, 162, 176]"
6385,"[147, 157, 160, 162, 176]"
6386,"[151, 157, 160, 162, 176]"
6387,"[147, 157, 160, 162, 176]"
6388,"[149, 157, 160, 162, 176]"
6389,"[144, 149, 160, 170, 176]"
6390,"[144, 148, 160, 170, 176]"
6391,"[144, 147, 160, 170, 176]"
6392,"[144, 147, 160, 170, 176]"
6393,"[144, 151, 160, 170, 176]"
6394,"[149, 153, 156, 160, 176]"
6395,"[148, 153, 156, 160, 176]"
6396,"[151, 153, 156, 160, 176]"
6397,"[147, 153, 156, 160, 176]"
6398,"[147, 153, 156, 160, 176]"
6399,"[144, 149, 156, 160, 176]"
6400,"[144, 151, 156, 160, 176]"
6401,"[144, 147, 156, 160, 176]"
6402,"[144, 147, 156, 160, 176]"
6403,"[144, 151, 156, 160, 176]"
6404,"[144, 151, 160, 170, 176]"
6405,"[144, 151, 160, 170, 176]"
6406,"[144, 147, 160, 170, 176]"
6407,"[144, 147, 160, 170, 176]"
6408,"[144, 149, 160, 170, 176]"
6409,"[149, 152, 153, 160, 176]"
6410,"[147, 152, 153, 160, 176]"
6411,"[151, 152, 153, 160, 176]"
6412,"[148, 152, 153, 160, 176]"
6413,"[147, 152, 153, 160, 176]"
6414,"[145, 151, 153, 174]"
6415,"[145, 147, 153, 174]"
6416,"[145, 149, 153, 174]"
6417,"[145, 146, 153, 174]"
6418,"[145, 147, 153, 174]"
6419,"[144, 151, 156, 174]"
6420,"[144, 149, 156, 174]"
6421,"[144, 147, 156, 174]"
6422,"[144, 147, 156, 174]"
6423,"[144, 147, 156, 174]"
6424,"[145, 146, 153, 174]"
6425,"[145, 147, 153, 174]"
6426,"[145, 147, 153, 174]"
6427,"[145, 147, 153, 174]"
6428,"[145, 149, 153, 174]"
6429,"[151, 157, 159, 174]"
6430,"[151, 157, 159, 174]"
6431,"[151, 157, 159, 174]"
6432,"[151, 157, 159, 174]"
6433,"[151, 157, 159, 174]"
6434,"[146, 155, 175]"
6435,"[147, 155, 175]"
6436,"[147, 155, 175]"
6437,"[155, 167, 175]"
6438,"[144, 148, 175]"
6439,"[144, 151, 175]"
6440,"[144, 149, 175]"
6441,"[144, 167, 175]"
6442,"[146, 153, 175]"
6443,"[151, 153, 175]"
6444,"[148, 153, 175]"
6445,"[153, 167, 175]"
6446,"[146, 153, 175]"
6447,"[153, 154, 175]"
6448,"[147, 153, 175]"
6449,"[153, 167, 175]"
6450,"[146, 165, 175]"
6451,"[147, 165, 175]"
6452,"[147, 165, 175]"
6453,"[165, 166, 175]"
6454,"[165, 166, 175, 177]"
6455,"[147, 165, 175, 177]"
6456,"[146, 165, 175]"
6457,"[165, 166, 175]"
6458,"[165, 166, 175]"
6459,"[151, 165, 175]"
6460,"[151, 165, 175, 177]"
6461,"[165, 166, 175, 177]"
6462,"[147, 165, 175]"
6463,"[165, 166, 175]"
6464,"[151, 165, 175]"
6465,"[165, 166, 175]"
6466,"[146, 165, 175]"
6467,"[165, 166, 175]"
6468,"[147, 153, 156, 160, 176, 177]"
6469,"[149, 153, 156, 160, 176, 177]"
6470,"[147, 153, 156, 160, 176, 177]"
6471,"[147, 153, 156, 160, 176, 177]"
6472,"[147, 153, 156, 160, 176, 177]"
6473,"[146, 165, 175]"
6474,"[165, 166, 175]"
6475,"[147, 165, 175]"
6476,"[165, 166, 175]"
6477,"[147, 165, 175]"
6478,"[165, 166, 175]"
6479,"[165, 166, 175, 177]"
6480,"[151, 165, 175, 177]"
6481,"[154, 157, 175]"
6482,"[151, 157, 175]"
6483,"[144, 146, 175]"
6484,"[144, 151, 175]"
6485,"[144, 147, 175]"
6486,"[151, 155, 175, 177]"
6487,"[147, 155, 175, 177]"
6488,"[147, 150, 175]"
6489,"[150, 151, 175]"
6490,"[144, 147, 175]"
6491,"[144, 151, 175]"
6492,"[144, 151, 175]"
6493,"[146, 157, 175]"
6494,"[148, 157, 175]"
6495,"[151, 157, 175]"
6496,"[146, 155, 175]"
6497,"[147, 155, 175]"
6498,"[151, 155, 175]"
6499,"[155, 167, 175]"
6500,"[151, 153, 175]"
6501,"[151, 153, 175]"
6502,"[153, 154, 175]"
6503,"[153, 167, 175]"
6504,"[151, 157, 175]"
6505,"[147, 157, 175]"
6506,"[154, 157, 175]"
6507,"[157, 167, 175]"
6508,"[145, 147, 153, 174]"
6509,"[145, 148, 153, 174]"
6510,"[145, 147, 153, 174]"
6511,"[145, 146, 153, 174]"
6512,"[145, 149, 153, 174]"
6513,"[145, 147, 157, 174]"
6514,"[145, 148, 157, 174]"
6515,"[145, 147, 157, 174]"
6516,"[145, 147, 157, 174]"
6517,"[145, 147, 157, 174]"
6518,"[145, 146, 150, 174]"
6519,"[145, 147, 150, 174]"
6520,"[145, 147, 150, 174]"
6521,"[145, 148, 150, 174]"
6522,"[145, 147, 150, 174]"
6523,"[145, 147, 155, 174]"
6524,"[145, 147, 155, 174]"
6525,"[145, 149, 155, 174]"
6526,"[145, 151, 155, 174]"
6527,"[145, 148, 155, 174]"
6528,"[151, 165, 175]"
6529,"[148, 165, 175]"
6530,"[165, 166, 175]"
6531,"[148, 165, 175]"
6532,"[151, 165, 175]"
6533,"[148, 165, 175]"
6534,"[165, 166, 175]"
6535,"[154, 165, 175]"
6536,"[146, 165, 175]"
6537,"[151, 165, 175]"
6538,"[165, 166, 175]"
6539,"[154, 165, 175]"
6540,"[151, 165, 175]"
6541,"[148, 165, 175]"
6542,"[165, 166, 175]"
6543,"[154, 165, 175]"
6544,"[146, 165, 175]"
6545,"[148, 165, 175]"
6546,"[165, 166, 175]"
6547,"[154, 165, 175]"
6548,"[147, 153, 175]"
6549,"[153, 154, 175]"
6550,"[146, 153, 175]"
6551,"[147, 153, 175]"
6552,"[144, 146, 175]"
6553,"[144, 148, 175]"
6554,"[144, 154, 175]"
6555,"[151, 153, 175]"
6556,"[147, 153, 175]"
6557,"[146, 155, 175]"
6558,"[148, 155, 175]"
6559,"[147, 155, 175]"
6560,"[144, 145, 147, 160, 176, 177]"
6561,"[144, 145, 151, 160, 176, 177]"
6562,"[144, 145, 147, 160, 176, 177]"
6563,"[144, 145, 154, 160, 176, 177]"
6564,"[144, 145, 147, 160, 176, 177]"
6565,"[144, 148, 156, 161, 176, 177]"
6566,"[144, 147, 156, 161, 176, 177]"
6567,"[144, 147, 156, 161, 176, 177]"
6568,"[144, 147, 156, 161, 176, 177]"
6569,"[144, 151, 156, 161, 176, 177]"
6570,"[144, 151, 156, 164, 176, 177]"
6571,"[144, 147, 156, 164, 176, 177]"
6572,"[144, 147, 156, 164, 176, 177]"
6573,"[144, 147, 156, 164, 176, 177]"
6574,"[144, 151, 156, 164, 176, 177]"
6575,"[147, 155, 156, 160, 176]"
6576,"[149, 155, 156, 160, 176]"
6577,"[147, 155, 156, 160, 176]"
6578,"[146, 155, 156, 160, 176]"
6579,"[147, 155, 156, 160, 176]"
6580,"[165, 166, 175]"
6581,"[154, 165, 175]"
6582,"[148, 165, 175]"
6583,"[165, 166, 175]"
6584,"[165, 166, 175]"
6585,"[154, 165, 175]"
6586,"[148, 165, 175]"
6587,"[165, 166, 175]"
6588,"[165, 166, 175]"
6589,"[154, 165, 175]"
6590,"[144, 148, 156, 160, 176, 177]"
6591,"[144, 147, 156, 160, 176, 177]"
6592,"[144, 147, 156, 160, 176, 177]"
6593,"[144, 147, 156, 160, 176, 177]"
6594,"[144, 154, 156, 160, 176, 177]"
6595,"[146, 157, 175]"
6596,"[148, 157, 175]"
6597,"[157, 167, 175]"
6598,"[147, 153, 175]"
6599,"[153, 154, 175]"
6600,"[153, 167, 175]"
6601,"[151, 153, 175]"
6602,"[151, 153, 175]"
6603,"[153, 167, 175]"
6604,"[151, 157, 175]"
6605,"[151, 157, 175]"
6606,"[157, 167, 175]"
6607,"[144, 145, 146, 174, 177]"
6608,"[144, 145, 147, 174, 177]"
6609,"[144, 145, 148, 174, 177]"
6610,"[144, 145, 149, 174, 177]"
6611,"[144, 145, 147, 174, 177]"
6612,"[147, 157, 175]"
6613,"[151, 157, 175]"
6614,"[154, 157, 175]"
6615,"[157, 167, 175]"
6616,"[147, 155, 175]"
6617,"[148, 155, 175]"
6618,"[151, 155, 175]"
6619,"[155, 167, 175]"
6620,"[146, 155, 175]"
6621,"[147, 155, 175]"
6622,"[148, 155, 175]"
6623,"[155, 167, 175]"
6624,"[151, 153, 175]"
6625,"[146, 153, 175]"
6626,"[153, 154, 175]"
6627,"[153, 167, 175]"
6628,"[147, 150, 175]"
6629,"[150, 151, 175]"
6630,"[150, 154, 175]"
6631,"[150, 167, 175]"
6632,"[146, 157, 175]"
6633,"[154, 157, 175]"
6634,"[151, 157, 175]"
6635,"[157, 167, 175]"
6636,"[147, 155, 175]"
6637,"[151, 155, 175]"
6638,"[154, 155, 175]"
6639,"[155, 167, 175]"
6640,"[147, 155, 175]"
6641,"[151, 155, 175]"
6642,"[154, 155, 175]"
6643,"[155, 167, 175]"
6644,"[144, 147, 175]"
6645,"[144, 148, 175]"
6646,"[144, 151, 175]"
6647,"[144, 167, 175]"
6648,"[144, 146, 175]"
6649,"[144, 151, 175]"
6650,"[144, 151, 175]"
6651,"[144, 167, 175]"
6652,"[146, 165, 175]"
6653,"[165, 166, 175]"
6654,"[147, 165, 175]"
6655,"[151, 165, 175]"
6656,"[147, 165, 175]"
6657,"[151, 165, 175]"
6658,"[165, 166, 175]"
6659,"[154, 165, 175]"
6660,"[146, 165, 175]"
6661,"[165, 166, 175]"
6662,"[147, 165, 175]"
6663,"[151, 165, 175]"
6664,"[146, 165, 175]"
6665,"[165, 166, 175]"
6666,"[147, 165, 175]"
6667,"[154, 165, 175]"
6668,"[151, 165, 175]"
6669,"[147, 165, 175]"
6670,"[165, 166, 175]"
6671,"[154, 165, 175]"
6672,"[151, 153, 156, 160, 176]"
6673,"[151, 153, 156, 160, 176]"
6674,"[147, 153, 156, 160, 176]"
6675,"[147, 153, 156, 160, 176]"
6676,"[147, 153, 156, 160, 176]"
6677,"[148, 157, 160, 162, 176]"
6678,"[151, 157, 160, 162, 176]"
6679,"[154, 157, 160, 162, 176]"
6680,"[147, 157, 160, 162, 176]"
6681,"[149, 157, 160, 162, 176]"
6682,"[145, 148, 160, 168, 176]"
6683,"[145, 147, 160, 168, 176]"
6684,"[145, 147, 160, 168, 176]"
6685,"[145, 149, 160, 168, 176]"
6686,"[145, 151, 160, 168, 176]"
6687,"[151, 165, 175]"
6688,"[151, 165, 175]"
6689,"[147, 165, 175]"
6690,"[165, 166, 175]"
6691,"[146, 165, 175]"
6692,"[151, 165, 175]"
6693,"[165, 166, 175]"
6694,"[148, 165, 175]"
6695,"[165, 166, 175]"
6696,"[151, 165, 175]"
6697,"[151, 165, 175]"
6698,"[147, 165, 175]"
6699,"[147, 165, 175]"
6700,"[165, 166, 175]"
6701,"[147, 165, 175]"
6702,"[154, 165, 175]"
6703,"[148, 153, 175]"
6704,"[149, 153, 175]"
6705,"[153, 154, 175]"
6706,"[153, 167, 175]"
6707,"[151, 155, 175]"
6708,"[149, 155, 175]"
6709,"[148, 155, 175]"
6710,"[155, 167, 175]"
6711,"[148, 157, 175]"
6712,"[149, 157, 175]"
6713,"[154, 157, 175]"
6714,"[157, 167, 175]"
6715,"[148, 153, 175]"
6716,"[149, 153, 175]"
6717,"[153, 154, 175]"
6718,"[153, 167, 175]"
6719,"[148, 157, 175]"
6720,"[149, 157, 175]"
6721,"[154, 157, 175]"
6722,"[157, 167, 175]"
6723,"[144, 151, 175, 177]"
6724,"[144, 151, 175, 177]"
6725,"[146, 157, 175]"
6726,"[147, 157, 175]"
6727,"[146, 157, 175]"
6728,"[151, 157, 175]"
6729,"[148, 157, 175]"
6730,"[146, 153, 175]"
6731,"[151, 153, 175]"
6732,"[147, 153, 175]"
6733,"[151, 157, 175]"
6734,"[148, 157, 175]"
6735,"[146, 153, 175, 177]"
6736,"[147, 153, 175, 177]"
6737,"[148, 153, 175, 177]"
6738,"[149, 156, 157, 160, 176, 177]"
6739,"[148, 156, 157, 160, 176, 177]"
6740,"[147, 156, 157, 160, 176, 177]"
6741,"[147, 156, 157, 160, 176, 177]"
6742,"[147, 156, 157, 160, 176, 177]"
6743,"[144, 149, 156, 160, 176]"
6744,"[144, 147, 156, 160, 176]"
6745,"[144, 147, 156, 160, 176]"
6746,"[144, 147, 156, 160, 176]"
6747,"[144, 147, 156, 160, 176]"
6748,"[146, 153, 156, 160, 176, 177]"
6749,"[148, 153, 156, 160, 176, 177]"
6750,"[147, 153, 156, 160, 176, 177]"
6751,"[151, 153, 156, 160, 176, 177]"
6752,"[147, 153, 156, 160, 176, 177]"
6753,"[144, 146, 159, 160, 176, 177]"
6754,"[144, 149, 159, 160, 176, 177]"
6755,"[144, 147, 159, 160, 176, 177]"
6756,"[144, 151, 159, 160, 176, 177]"
6757,"[144, 147, 159, 160, 176, 177]"
6758,"[165, 166, 175, 177]"
6759,"[147, 165, 175, 177]"
6760,"[165, 166, 175]"
6761,"[147, 165, 175]"
6762,"[147, 165, 175]"
6763,"[165, 166, 175]"
6764,"[147, 165, 175]"
6765,"[165, 166, 175]"
6766,"[144, 151, 152, 174, 177]"
6767,"[144, 147, 152, 174, 177]"
6768,"[144, 151, 152, 174, 177]"
6769,"[144, 147, 152, 174, 177]"
6770,"[144, 147, 152, 174, 177]"
6771,"[145, 146, 155, 174]"
6772,"[145, 149, 155, 174]"
6773,"[145, 151, 155, 174]"
6774,"[145, 146, 155, 174]"
6775,"[145, 147, 155, 174]"
6776,"[144, 145, 149, 160, 176]"
6777,"[144, 145, 151, 160, 176]"
6778,"[144, 145, 146, 160, 176]"
6779,"[144, 145, 147, 160, 176]"
6780,"[144, 145, 154, 160, 176]"
6781,"[153, 154, 160, 162, 176]"
6782,"[147, 153, 160, 162, 176]"
6783,"[148, 153, 160, 162, 176]"
6784,"[147, 153, 160, 162, 176]"
6785,"[149, 153, 160, 162, 176]"
6786,"[144, 145, 149, 160, 176]"
6787,"[144, 145, 148, 160, 176]"
6788,"[144, 145, 147, 160, 176]"
6789,"[144, 145, 147, 160, 176]"
6790,"[144, 145, 154, 160, 176]"
6791,"[149, 156, 157, 160, 176]"
6792,"[154, 156, 157, 160, 176]"
6793,"[147, 156, 157, 160, 176]"
6794,"[147, 156, 157, 160, 176]"
6795,"[148, 156, 157, 160, 176]"
6796,"[149, 168, 170, 173, 176]"
6797,"[147, 168, 170, 173, 176]"
6798,"[148, 168, 170, 173, 176]"
6799,"[154, 168, 170, 173, 176]"
6800,"[147, 168, 170, 173, 176]"
6801,"[144, 151, 156, 174]"
6802,"[144, 148, 156, 174]"
6803,"[144, 151, 156, 174]"
6804,"[144, 147, 156, 174]"
6805,"[144, 147, 156, 174]"
6806,"[144, 145, 151, 174]"
6807,"[144, 145, 147, 174]"
6808,"[144, 145, 148, 174]"
6809,"[144, 145, 154, 174]"
6810,"[144, 145, 147, 174]"
6811,"[145, 151, 157, 174]"
6812,"[145, 147, 157, 174]"
6813,"[145, 147, 157, 174]"
6814,"[145, 154, 157, 174]"
6815,"[145, 148, 157, 174]"
6816,"[146, 153, 158, 174]"
6817,"[147, 153, 158, 174]"
6818,"[149, 153, 158, 174]"
6819,"[148, 153, 158, 174]"
6820,"[151, 153, 158, 174]"
6821,"[144, 145, 146, 163, 176, 177]"
6822,"[144, 145, 151, 163, 176, 177]"
6823,"[144, 145, 154, 163, 176, 177]"
6824,"[144, 145, 147, 163, 176, 177]"
6825,"[144, 145, 147, 163, 176, 177]"
6826,"[147, 156, 157, 160, 176, 177]"
6827,"[149, 156, 157, 160, 176, 177]"
6828,"[148, 156, 157, 160, 176, 177]"
6829,"[146, 156, 157, 160, 176, 177]"
6830,"[147, 156, 157, 160, 176, 177]"
6831,"[147, 165, 175]"
6832,"[165, 166, 175]"
6833,"[147, 165, 175]"
6834,"[165, 166, 175]"
6835,"[147, 165, 175]"
6836,"[165, 166, 175]"
6837,"[147, 165, 175]"
6838,"[165, 166, 175]"
6839,"[146, 153, 175]"
6840,"[147, 153, 175]"
6841,"[151, 153, 175]"
6842,"[153, 167, 175]"
6843,"[151, 168, 175]"
6844,"[151, 168, 175]"
6845,"[151, 168, 175]"
6846,"[167, 168, 175]"
6847,"[151, 153, 175]"
6848,"[148, 153, 175]"
6849,"[153, 154, 175]"
6850,"[153, 167, 175]"
6851,"[146, 153, 175]"
6852,"[148, 153, 175]"
6853,"[153, 154, 175]"
6854,"[153, 167, 175]"
6855,"[151, 155, 175]"
6856,"[151, 155, 175]"
6857,"[154, 155, 175]"
6858,"[155, 167, 175]"
6859,"[146, 157, 175]"
6860,"[151, 157, 175]"
6861,"[148, 157, 175]"
6862,"[157, 167, 175]"
6863,"[146, 153, 175]"
6864,"[147, 153, 175]"
6865,"[151, 153, 175]"
6866,"[153, 167, 175]"
6867,"[153, 154, 156, 160, 176]"
6868,"[147, 153, 156, 160, 176]"
6869,"[151, 153, 156, 160, 176]"
6870,"[153, 154, 156, 160, 176]"
6871,"[149, 153, 156, 160, 176]"
6872,"[146, 157, 170, 172, 176]"
6873,"[148, 157, 170, 172, 176]"
6874,"[147, 157, 170, 172, 176]"
6875,"[147, 157, 170, 172, 176]"
6876,"[151, 157, 170, 172, 176]"
6877,"[148, 156, 160, 168, 176]"
6878,"[154, 156, 160, 168, 176]"
6879,"[147, 156, 160, 168, 176]"
6880,"[154, 156, 160, 168, 176]"
6881,"[151, 156, 160, 168, 176]"
6882,"[144, 149, 160, 170, 176]"
6883,"[144, 148, 160, 170, 176]"
6884,"[144, 147, 160, 170, 176]"
6885,"[144, 147, 160, 170, 176]"
6886,"[144, 151, 160, 170, 176]"
6887,"[149, 153, 156, 160, 176]"
6888,"[147, 153, 156, 160, 176]"
6889,"[153, 154, 156, 160, 176]"
6890,"[147, 153, 156, 160, 176]"
6891,"[151, 153, 156, 160, 176]"
6892,"[150, 151, 175]"
6893,"[147, 150, 175]"
6894,"[144, 147, 175]"
6895,"[144, 147, 175]"
6896,"[144, 148, 175]"
6897,"[144, 151, 175]"
6898,"[144, 154, 175]"
6899,"[146, 157, 175, 177]"
6900,"[154, 157, 175, 177]"
6901,"[144, 148, 175]"
6902,"[144, 151, 175]"
6903,"[144, 151, 175]"
6904,"[147, 153, 175]"
6905,"[146, 153, 175]"
6906,"[147, 153, 175]"
6907,"[148, 153, 175]"
6908,"[147, 153, 175]"
6909,"[151, 153, 175]"
6910,"[153, 167, 175]"
6911,"[146, 155, 175]"
6912,"[151, 155, 175]"
6913,"[149, 155, 175]"
6914,"[155, 167, 175]"
6915,"[144, 151, 175]"
6916,"[144, 151, 175]"
6917,"[144, 151, 175]"
6918,"[144, 147, 175]"
6919,"[144, 151, 175]"
6920,"[144, 148, 175]"
6921,"[144, 151, 175]"
6922,"[146, 157, 175]"
6923,"[148, 157, 175]"
6924,"[144, 151, 175]"
6925,"[144, 148, 175]"
6926,"[144, 154, 175]"
6927,"[144, 151, 175]"
6928,"[144, 148, 175]"
6929,"[151, 157, 175]"
6930,"[147, 157, 175]"
6931,"[151, 157, 175]"
6932,"[151, 157, 175]"
6933,"[154, 157, 175]"
6934,"[147, 157, 175]"
6935,"[148, 157, 175]"
6936,"[151, 157, 175]"
6937,"[146, 157, 175]"
6938,"[148, 157, 175]"
6939,"[146, 153, 175]"
6940,"[151, 153, 175]"
6941,"[148, 153, 175]"
6942,"[147, 150, 175]"
6943,"[150, 151, 175]"
6944,"[146, 157, 175]"
6945,"[147, 157, 175]"
6946,"[154, 157, 175]"
6947,"[146, 153, 175]"
6948,"[148, 153, 175]"
6949,"[153, 154, 175]"
6950,"[144, 148, 175]"
6951,"[144, 149, 175]"
6952,"[144, 167, 175]"
6953,"[148, 153, 175]"
6954,"[149, 153, 175]"
6955,"[153, 167, 175]"
6956,"[148, 157, 175]"
6957,"[149, 157, 175]"
6958,"[157, 167, 175]"
6959,"[149, 153, 175]"
6960,"[153, 154, 175]"
6961,"[153, 167, 175]"
6962,"[154, 157, 175]"
6963,"[149, 157, 175]"
6964,"[157, 167, 175]"
6965,"[146, 165, 175]"
6966,"[165, 166, 175]"
6967,"[154, 165, 175]"
6968,"[151, 165, 175]"
6969,"[151, 165, 175, 177]"
6970,"[165, 166, 175, 177]"
6971,"[151, 165, 175, 177]"
6972,"[151, 165, 175, 177]"
6973,"[146, 165, 175]"
6974,"[147, 165, 175]"
6975,"[151, 165, 175]"
6976,"[165, 166, 175]"
6977,"[147, 165, 175]"
6978,"[146, 165, 175]"
6979,"[165, 166, 175]"
6980,"[147, 165, 175]"
6981,"[146, 165, 175]"
6982,"[147, 165, 175]"
6983,"[165, 166, 175]"
6984,"[154, 165, 175]"
6985,"[147, 165, 175]"
6986,"[165, 166, 175]"
6987,"[151, 165, 175]"
6988,"[147, 165, 175]"
6989,"[147, 165, 175]"
6990,"[151, 165, 175]"
6991,"[165, 166, 175]"
6992,"[151, 165, 175]"
6993,"[147, 165, 175]"
6994,"[165, 166, 175]"
6995,"[154, 165, 175]"
6996,"[151, 165, 175]"
6997,"[165, 166, 175]"
6998,"[151, 165, 175]"
6999,"[165, 166, 175]"
7000,"[151, 165, 175]"
7001,"[165, 166, 175]"
7002,"[151, 165, 175]"
7003,"[165, 166, 175]"
7004,"[147, 165, 175]"
7005,"[165, 166, 175]"
7006,"[147, 165, 175]"
7007,"[151, 157, 175]"
7008,"[148, 157, 175]"
7009,"[147, 169, 175]"
7010,"[151, 169, 175]"
7011,"[146, 153, 175]"
7012,"[153, 154, 175]"
7013,"[146, 157, 175]"
7014,"[151, 157, 175]"
7015,"[154, 157, 175]"
7016,"[146, 153, 175, 177]"
7017,"[151, 153, 175, 177]"
7018,"[147, 153, 175, 177]"
7019,"[144, 147, 175]"
7020,"[144, 147, 175]"
7021,"[144, 148, 175]"
7022,"[146, 153, 175]"
7023,"[153, 154, 175]"
7024,"[144, 146, 175]"
7025,"[144, 151, 175]"
7026,"[144, 151, 175]"
7027,"[147, 155, 175]"
7028,"[151, 155, 175]"
7029,"[146, 153, 175]"
7030,"[147, 153, 175]"
7031,"[144, 151, 175]"
7032,"[144, 151, 175]"
7033,[144]
7034,"[151, 157, 175]"
7035,"[148, 157, 175]"
7036,"[154, 157, 175]"
7037,"[144, 151, 160, 162, 176, 177]"
7038,"[144, 151, 160, 162, 176, 177]"
7039,"[144, 147, 160, 162, 176, 177]"
7040,"[144, 151, 160, 162, 176, 177]"
7041,"[144, 147, 160, 162, 176, 177]"
7042,"[151, 156, 157, 160, 176, 177]"
7043,"[147, 156, 157, 160, 176, 177]"
7044,"[154, 156, 157, 160, 176, 177]"
7045,"[146, 156, 157, 160, 176, 177]"
7046,"[154, 156, 157, 160, 176, 177]"
7047,"[146, 157, 175, 177]"
7048,"[151, 157, 175, 177]"
7049,"[147, 157, 175]"
7050,"[148, 157, 175]"
7051,"[151, 157, 175]"
7052,"[147, 157, 175]"
7053,"[151, 157, 175]"
7054,"[147, 157, 175]"
7055,"[148, 157, 175]"
7056,"[146, 153, 175, 177]"
7057,"[147, 153, 175, 177]"
7058,"[153, 154, 175, 177]"
7059,"[146, 155, 175]"
7060,"[147, 155, 175]"
7061,"[147, 155, 175]"
7062,"[144, 145, 146, 163, 176]"
7063,"[144, 145, 147, 163, 176]"
7064,"[144, 145, 147, 163, 176]"
7065,"[144, 145, 149, 163, 176]"
7066,"[144, 145, 147, 163, 176]"
7067,"[145, 148, 153, 160, 176]"
7068,"[145, 153, 154, 160, 176]"
7069,"[145, 147, 153, 160, 176]"
7070,"[145, 149, 153, 160, 176]"
7071,"[145, 147, 153, 160, 176]"
7072,"[148, 156, 157, 160, 176]"
7073,"[151, 156, 157, 160, 176]"
7074,"[147, 156, 157, 160, 176]"
7075,"[146, 156, 157, 160, 176]"
7076,"[147, 156, 157, 160, 176]"
7077,"[146, 153, 156, 160, 176, 177]"
7078,"[151, 153, 156, 160, 176, 177]"
7079,"[147, 153, 156, 160, 176, 177]"
7080,"[147, 153, 156, 160, 176, 177]"
7081,"[147, 153, 156, 160, 176, 177]"
7082,"[144, 145, 151, 160, 176, 177]"
7083,"[144, 145, 151, 160, 176, 177]"
7084,"[144, 145, 147, 160, 176, 177]"
7085,"[144, 145, 154, 160, 176, 177]"
7086,"[144, 145, 147, 160, 176, 177]"
7087,"[151, 159, 163, 169, 176]"
7088,"[151, 159, 163, 169, 176]"
7089,"[147, 159, 163, 169, 176]"
7090,"[147, 159, 163, 169, 176]"
7091,"[147, 159, 163, 169, 176]"
7092,"[149, 156, 157, 160, 176]"
7093,"[154, 156, 157, 160, 176]"
7094,"[147, 156, 157, 160, 176]"
7095,"[154, 156, 157, 160, 176]"
7096,"[151, 156, 157, 160, 176]"
7097,"[149, 153, 156, 160, 176]"
7098,"[147, 153, 156, 160, 176]"
7099,"[148, 153, 156, 160, 176]"
7100,"[151, 153, 156, 160, 176]"
7101,"[147, 153, 156, 160, 176]"
7102,"[144, 149, 156, 160, 176]"
7103,"[144, 151, 156, 160, 176]"
7104,"[144, 147, 156, 160, 176]"
7105,"[144, 147, 156, 160, 176]"
7106,"[144, 151, 156, 160, 176]"
7107,"[151, 157, 160, 170, 176]"
7108,"[151, 157, 160, 170, 176]"
7109,"[147, 157, 160, 170, 176]"
7110,"[147, 157, 160, 170, 176]"
7111,"[149, 157, 160, 170, 176]"
7112,"[144, 154, 156, 160, 176]"
7113,"[144, 147, 156, 160, 176]"
7114,"[144, 147, 156, 160, 176]"
7115,"[144, 151, 156, 160, 176]"
7116,"[144, 149, 156, 160, 176]"
7117,"[146, 153, 156, 160, 176]"
7118,"[151, 153, 156, 160, 176]"
7119,"[149, 153, 156, 160, 176]"
7120,"[151, 153, 156, 160, 176]"
7121,"[147, 153, 156, 160, 176]"
7122,"[147, 168, 170, 171, 176]"
7123,"[151, 168, 170, 171, 176]"
7124,"[147, 168, 170, 171, 176]"
7125,"[147, 168, 170, 171, 176]"
7126,"[147, 168, 170, 171, 176]"
7127,"[149, 156, 160, 168, 176]"
7128,"[148, 156, 160, 168, 176]"
7129,"[147, 156, 160, 168, 176]"
7130,"[147, 156, 160, 168, 176]"
7131,"[154, 156, 160, 168, 176]"
7132,"[151, 157, 175]"
7133,"[154, 157, 175]"
7134,"[147, 153, 175]"
7135,"[147, 153, 175]"
7136,"[153, 154, 175]"
7137,"[153, 167, 175]"
7138,"[146, 155, 175, 177]"
7139,"[147, 155, 175, 177]"
7140,"[151, 155, 175, 177]"
7141,"[155, 167, 175, 177]"
7142,"[147, 168, 175]"
7143,"[154, 168, 175]"
7144,"[167, 168, 175]"
7145,"[146, 153, 175]"
7146,"[147, 153, 175]"
7147,"[153, 167, 175]"
7148,"[147, 153, 160, 170, 176]"
7149,"[147, 153, 160, 170, 176]"
7150,"[148, 153, 160, 170, 176]"
7151,"[146, 153, 160, 170, 176]"
7152,"[147, 153, 160, 170, 176]"
7153,"[147, 156, 157, 164, 176]"
7154,"[147, 156, 157, 164, 176]"
7155,"[147, 156, 157, 164, 176]"
7156,"[149, 156, 157, 164, 176]"
7157,"[147, 156, 157, 164, 176]"
7158,"[145, 146, 157, 164, 176]"
7159,"[145, 147, 157, 164, 176]"
7160,"[145, 147, 157, 164, 176]"
7161,"[145, 147, 157, 164, 176]"
7162,"[145, 149, 157, 164, 176]"
7163,"[145, 151, 157, 164, 176]"
7164,"[145, 149, 157, 164, 176]"
7165,"[145, 146, 157, 164, 176]"
7166,"[145, 147, 157, 164, 176]"
7167,"[145, 147, 157, 164, 176]"
7168,"[144, 151, 156, 160, 176]"
7169,"[144, 147, 156, 160, 176]"
7170,"[144, 151, 156, 160, 176]"
7171,"[144, 147, 156, 160, 176]"
7172,"[144, 154, 156, 160, 176]"
7173,"[148, 156, 157, 164, 176]"
7174,"[151, 156, 157, 164, 176]"
7175,"[147, 156, 157, 164, 176]"
7176,"[147, 156, 157, 164, 176]"
7177,"[147, 156, 157, 164, 176]"
7178,"[146, 165, 175]"
7179,"[165, 166, 175]"
7180,"[147, 165, 175]"
7181,"[151, 165, 175]"
7182,"[146, 165, 175]"
7183,"[147, 165, 175]"
7184,"[151, 165, 175]"
7185,"[165, 166, 175]"
7186,"[147, 165, 175]"
7187,"[151, 165, 175]"
7188,"[154, 165, 175]"
7189,"[165, 166, 175]"
7190,"[147, 165, 175]"
7191,"[165, 166, 175]"
7192,"[151, 165, 175]"
7193,"[151, 165, 175]"
7194,"[146, 165, 175]"
7195,"[165, 166, 175]"
7196,"[147, 165, 175]"
7197,"[147, 165, 175]"
7198,"[146, 165, 175]"
7199,"[165, 166, 175]"
7200,"[148, 165, 175]"
7201,"[151, 165, 175]"
7202,"[147, 165, 175]"
7203,"[151, 165, 175]"
7204,"[151, 165, 175]"
7205,"[165, 166, 175]"
7206,"[151, 165, 175]"
7207,"[146, 165, 175]"
7208,"[154, 165, 175]"
7209,"[165, 166, 175]"
7210,"[151, 165, 175]"
7211,"[151, 165, 175]"
7212,"[165, 166, 175]"
7213,"[147, 165, 175]"
7214,"[151, 165, 175]"
7215,"[154, 165, 175]"
7216,"[165, 166, 175]"
7217,"[154, 165, 175]"
7218,"[146, 153, 175]"
7219,"[147, 153, 175]"
7220,"[148, 153, 175]"
7221,"[146, 155, 175, 177]"
7222,"[147, 155, 175, 177]"
7223,"[144, 147, 175]"
7224,"[144, 151, 175]"
7225,"[144, 151, 175]"
7226,"[2, 13, 179]"
7227,"[2, 8, 177, 180]"
7228,"[2, 8, 177, 181]"
7229,"[20, 21, 177, 182]"
7230,"[6, 7, 179]"
7231,"[6, 7, 177, 180]"
7232,"[2, 8, 181]"
7233,"[2, 5, 182]"
7234,"[2, 8, 181]"
7235,"[2, 4, 180]"
7236,"[2, 8, 177, 179]"
7237,"[2, 9, 177, 180]"
7238,"[2, 178, 181]"
7239,"[2, 9, 182]"
7240,"[7, 17, 179]"
7241,"[2, 12, 177, 180]"
7242,"[2, 22, 181]"
7243,"[2, 13, 177, 181]"
7244,"[1, 2, 180]"
7245,"[2, 8, 179]"
7246,"[2, 22, 180]"
7247,"[2, 4, 181]"
7248,"[6, 7, 182]"
7249,"[2, 16, 177, 179]"
7250,"[7, 11, 181]"
7251,"[2, 22, 181]"
7252,"[2, 4, 177, 180]"
7253,"[2, 14, 181]"
7254,"[2, 9, 181]"
7255,"[2, 16, 179]"
7256,"[1, 2, 183]"
7257,"[7, 18, 183]"
7258,"[2, 22, 179]"
7259,"[2, 12, 181]"
7260,"[6, 7, 181]"
7261,"[7, 10, 179]"
7262,"[2, 9, 181]"
7263,"[2, 15, 179]"
7264,"[2, 8, 181]"
7265,"[7, 10, 183]"
7266,"[1, 2, 183]"
7267,"[2, 4, 179]"
7268,"[6, 7, 181]"
7269,"[2, 13, 177, 179]"
7270,"[2, 4, 177, 180]"
7271,"[20, 21, 177, 181]"
7272,"[2, 19, 182]"
7273,"[7, 11, 179]"
7274,"[2, 5, 180]"
7275,"[2, 16, 181]"
7276,"[2, 14, 182]"
7277,"[7, 11, 181]"
7278,"[7, 17, 180]"
7279,"[2, 16, 179]"
7280,"[2, 8, 180]"
7281,"[2, 4, 181]"
7282,"[2, 5, 179]"
7283,"[2, 8, 180]"
7284,"[7, 18, 181]"
7285,"[2, 16, 179]"
7286,"[2, 3, 180]"
7287,"[7, 10, 177, 181]"
7288,"[1, 2, 177, 182]"
7289,"[7, 11, 179]"
7290,"[2, 14, 177, 180]"
7291,"[6, 7, 177, 181]"
7292,"[1, 2, 182]"
7293,"[6, 7, 180]"
7294,"[2, 5, 177, 180]"
7295,"[2, 9, 181]"
7296,"[1, 2, 177, 182]"
7297,"[2, 3, 179]"
7298,"[6, 7, 180]"
7299,"[6, 7, 181]"
7300,"[7, 18, 182]"
7301,"[7, 17, 177, 181]"
7302,"[6, 7, 180]"
7303,"[2, 12, 179]"
7304,"[2, 15, 181]"
7305,"[2, 5, 177, 182]"
7306,"[7, 18, 179]"
7307,"[6, 7, 180]"
7308,"[7, 11, 181]"
7309,"[7, 17, 177, 182]"
7310,"[2, 4, 177, 181]"
7311,"[2, 16, 181]"
7312,"[2, 12, 180]"
7313,"[2, 3, 179]"
7314,"[2, 4, 181]"
7315,"[2, 3, 177, 179]"
7316,"[2, 9, 180]"
7317,"[2, 12, 181]"
7318,"[2, 22, 182]"
7319,"[2, 9, 177, 179]"
7320,"[2, 5, 177, 180]"
7321,"[7, 17, 181]"
7322,"[2, 12, 177, 182]"
7323,"[6, 7, 181]"
7324,"[20, 21, 180]"
7325,"[6, 7, 181]"
7326,"[2, 9, 181]"
7327,"[2, 15, 179]"
7328,"[6, 7, 183]"
7329,"[1, 2, 181]"
7330,"[2, 5, 179]"
7331,"[20, 21, 183]"
7332,"[2, 16, 177, 179]"
7333,"[2, 5, 177, 180]"
7334,"[2, 13, 181]"
7335,"[7, 17, 182]"
7336,"[2, 9, 177, 179]"
7337,"[6, 7, 177, 180]"
7338,"[2, 5, 181]"
7339,"[7, 10, 182]"
7340,"[2, 16, 177, 181]"
7341,"[20, 21, 180]"
7342,"[2, 15, 177, 179]"
7343,"[2, 5, 180]"
7344,"[6, 7, 177, 181]"
7345,"[2, 4, 182]"
7346,"[1, 2, 177, 179]"
7347,"[2, 9, 180]"
7348,"[7, 18, 177, 181]"
7349,"[6, 7, 182]"
7350,"[2, 14, 181]"
7351,"[2, 4, 180]"
7352,[88]
7353,[86]
7354,[74]
7355,[71]
7356,[83]
7357,[119]
7358,[74]
7359,[77]
7360,[76]
7361,[86]
7362,[129]
7363,[98]
7364,[81]
7365,[83]
7366,[85]
7367,[88]
7368,[74]
7369,[71]
7370,[78]
7371,[76]
7372,[78]
7373,[77]
7374,[104]
7375,[77]
7376,[85]
7377,[132]
7378,[113]
7379,[85]
7380,[119]
7381,"[144, 154, 158, 174]"
7382,"[144, 147, 158, 174]"
7383,"[144, 151, 158, 174]"
7384,"[144, 147, 158, 174]"
7385,"[144, 149, 158, 174]"
7386,"[145, 146, 155, 174]"
7387,"[145, 147, 155, 174]"
7388,"[145, 147, 155, 174]"
7389,"[145, 154, 155, 174]"
7390,"[145, 148, 155, 174]"
7391,"[151, 152, 153, 174, 177]"
7392,"[151, 152, 153, 174, 177]"
7393,"[148, 152, 153, 174, 177]"
7394,"[148, 152, 153, 174, 177]"
7395,"[147, 152, 153, 174, 177]"
7396,"[144, 145, 148, 174]"
7397,"[144, 145, 149, 174]"
7398,"[144, 145, 147, 174]"
7399,"[144, 145, 151, 174]"
7400,"[144, 145, 147, 174]"
7401,"[146, 156, 157, 174]"
7402,"[151, 156, 157, 174]"
7403,"[149, 156, 157, 174]"
7404,"[147, 156, 157, 174]"
7405,"[154, 156, 157, 174]"
7406,"[146, 153, 156, 174]"
7407,"[149, 153, 156, 174]"
7408,"[147, 153, 156, 174]"
7409,"[147, 153, 156, 174]"
7410,"[147, 153, 156, 174]"
7411,"[145, 146, 153, 174]"
7412,"[145, 149, 153, 174]"
7413,"[145, 147, 153, 174]"
7414,"[145, 147, 153, 174]"
7415,"[145, 151, 153, 174]"
7416,"[145, 151, 153, 174]"
7417,"[145, 147, 153, 174]"
7418,"[145, 149, 153, 174]"
7419,"[145, 146, 153, 174]"
7420,"[145, 147, 153, 174]"
7421,"[145, 151, 157, 174]"
7422,"[145, 146, 157, 174]"
7423,"[145, 147, 157, 174]"
7424,"[145, 147, 157, 174]"
7425,"[145, 148, 157, 174]"
7426,"[146, 156, 157, 174]"
7427,"[151, 156, 157, 174]"
7428,"[151, 156, 157, 174]"
7429,"[147, 156, 157, 174]"
7430,"[147, 156, 157, 174]"
7431,"[146, 153, 162, 174]"
7432,"[151, 153, 162, 174]"
7433,"[147, 153, 162, 174]"
7434,"[151, 153, 162, 174]"
7435,"[147, 153, 162, 174]"
7436,"[145, 150, 151, 174, 177]"
7437,"[145, 147, 150, 174, 177]"
7438,"[145, 147, 150, 174, 177]"
7439,"[145, 149, 150, 174, 177]"
7440,"[145, 150, 154, 174, 177]"
7441,"[145, 146, 153, 174, 177]"
7442,"[145, 148, 153, 174, 177]"
7443,"[145, 151, 153, 174, 177]"
7444,"[145, 149, 153, 174, 177]"
7445,"[145, 147, 153, 174, 177]"
7446,"[145, 146, 153, 174]"
7447,"[145, 147, 153, 174]"
7448,"[145, 148, 153, 174]"
7449,"[145, 147, 153, 174]"
7450,"[145, 149, 153, 174]"
7451,"[146, 153, 156, 174, 177]"
7452,"[151, 153, 156, 174, 177]"
7453,"[151, 153, 156, 174, 177]"
7454,"[147, 153, 156, 174, 177]"
7455,"[147, 153, 156, 174, 177]"
7456,"[144, 145, 151, 174, 177]"
7457,"[144, 145, 151, 174, 177]"
7458,"[144, 145, 147, 174, 177]"
7459,"[144, 145, 147, 174, 177]"
7460,"[144, 145, 154, 174, 177]"
7461,"[144, 145, 146, 174, 177]"
7462,"[144, 145, 147, 174, 177]"
7463,"[144, 145, 148, 174, 177]"
7464,"[144, 145, 149, 174, 177]"
7465,"[144, 145, 147, 174, 177]"
7466,"[145, 147, 150, 174, 177]"
7467,"[145, 150, 151, 174, 177]"
7468,"[145, 150, 151, 174, 177]"
7469,"[145, 147, 150, 174, 177]"
7470,"[145, 147, 150, 174, 177]"
7471,"[145, 151, 153, 174]"
7472,"[145, 147, 153, 174]"
7473,"[145, 149, 153, 174]"
7474,"[145, 151, 153, 174]"
7475,"[145, 153, 154, 174]"
7476,"[145, 146, 153, 174, 177]"
7477,"[145, 151, 153, 174, 177]"
7478,"[145, 153, 154, 174, 177]"
7479,"[145, 147, 153, 174, 177]"
7480,"[145, 153, 154, 174, 177]"
7481,"[144, 145, 151, 174, 177]"
7482,"[144, 145, 149, 174, 177]"
7483,"[144, 145, 151, 174, 177]"
7484,"[144, 145, 147, 174, 177]"
7485,"[144, 145, 151, 174, 177]"
7486,"[147, 153, 156, 174, 177]"
7487,"[148, 153, 156, 174, 177]"
7488,"[149, 153, 156, 174, 177]"
7489,"[151, 153, 156, 174, 177]"
7490,"[147, 153, 156, 174, 177]"
7491,[142]
7492,[88]
7493,[134]
7494,[85]
7495,[74]
7496,[74]
7497,[82]
7498,[106]
7499,[85]
7500,[88]
7501,[94]
7502,[93]
7503,[77]
7504,[76]
7505,[83]
7506,[74]
7507,[77]
7508,[74]
7509,[81]
7510,[84]
7511,[131]
7512,[80]
7513,[85]
7514,[121]
7515,[77]
7516,[78]
7517,[83]
7518,[76]
7519,[71]
7520,[74]
7521,[76]
7522,[96]
7523,[74]
7524,[74]
7525,[105]
7526,[74]
7527,[100]
7528,[74]
7529,[74]
7530,[74]
7531,[74]
7532,[74]
7533,[74]
7534,[74]
7535,[74]
7536,[74]
7537,[74]
7538,[74]
7539,[74]
7540,[74]
7541,[105]
7542,[74]
7543,[74]
7544,[105]
7545,[74]
7546,[74]
7547,[74]
7548,[74]
7549,[74]
7550,[74]
7551,[74]
7552,[83]
7553,[74]
7554,[74]
7555,[74]
7556,[74]
7557,[74]
7558,[74]
7559,[74]
7560,[74]
7561,[74]
7562,[74]
7563,[74]
7564,[74]
7565,[74]
7566,[74]
7567,[74]
7568,[74]
7569,[74]
7570,[74]
7571,[74]
7572,[74]
7573,[74]
7574,[74]
7575,[74]
7576,[74]
7577,[74]
7578,[74]
7579,[74]
7580,[74]
7581,[74]
7582,[105]
7583,[74]
7584,[74]
7585,[74]
7586,[74]
7587,[105]
7588,[74]
7589,[74]
7590,[74]
7591,[74]
7592,[74]
7593,[74]
7594,[74]
7595,[74]
7596,[74]
7597,[74]
7598,[74]
7599,[74]
7600,[74]
7601,[74]
7602,[74]
7603,[74]
7604,[74]
7605,[74]
7606,[74]
7607,[74]
7608,[74]
7609,[108]
7610,[74]
7611,[74]
7612,[74]
7613,[74]
7614,[74]
7615,[74]
7616,[74]
7617,[74]
7618,[85]
7619,[85]
7620,[85]
7621,[76]
7622,[77]
7623,[83]
7624,[83]
7625,[85]
7626,[85]
7627,[77]
7628,[77]
7629,[76]
7630,[77]
7631,[85]
7632,[83]
7633,[85]
7634,[85]
7635,[85]
7636,[85]
7637,[83]
7638,[76]
7639,[76]
7640,[83]
7641,[85]
7642,[85]
7643,[76]
7644,[77]
7645,[77]
7646,[85]
7647,[85]
7648,[77]
7649,[77]
7650,[77]
7651,[85]
7652,[85]
7653,[76]
7654,[76]
7655,[83]
7656,[77]
7657,[76]
7658,[77]
7659,[85]
7660,[77]
7661,[77]
7662,[77]
7663,[76]
7664,[77]
7665,[77]
7666,[77]
7667,[77]
7668,[85]
7669,[85]
7670,[85]
7671,[85]
7672,[85]
7673,[85]
7674,[85]
7675,[85]
7676,[85]
7677,[85]
7678,[85]
7679,[85]
7680,[85]
7681,[85]
7682,[85]
7683,[85]
7684,[85]
7685,[85]
7686,[85]
7687,[85]
7688,[85]
7689,[85]
7690,[85]
7691,[85]
7692,[85]
7693,[77]
7694,[77]
7695,[77]
7696,[77]
7697,[77]
7698,[77]
7699,[77]
7700,[77]
7701,[77]
7702,[77]
7703,[77]
7704,[77]
7705,[77]
7706,[77]
7707,[77]
7708,[77]
7709,[77]
7710,[77]
7711,[77]
7712,[77]
7713,[77]
7714,[106]
7715,[106]
7716,[106]
7717,[106]
7718,[133]
7719,[143]
7720,[143]
7721,[97]
7722,[97]
7723,[97]
7724,[97]
7725,[130]
7726,[130]
7727,[130]
7728,[85]
7729,[76]
7730,[77]
7731,[85]
7732,[77]
7733,[77]
7734,[85]
7735,[77]
7736,[76]
7737,[77]
7738,[77]
7739,[76]
7740,[77]
7741,[77]
7742,[85]
7743,[85]
7744,[77]
7745,[85]
7746,[77]
7747,[83]
7748,[85]
7749,[85]
7750,[85]
7751,[76]
7752,[85]
7753,[85]
7754,[77]
7755,[83]
7756,[77]
7757,[77]
7758,[77]
7759,[76]
7760,[76]
7761,[77]
7762,[85]
7763,[83]
7764,[85]
7765,[77]
7766,[85]
7767,[85]
7768,[85]
7769,[76]
7770,[85]
7771,[77]
7772,[76]
7773,[83]
7774,[77]
7775,[85]
7776,[77]
7777,[77]
7778,[121]
7779,[90]
7780,[121]
7781,[119]
7782,[87]
7783,[120]
7784,[73]
7785,[121]
7786,[119]
7787,[119]
7788,[121]
7789,[119]
7790,[73]
7791,[87]
7792,[87]
7793,[121]
7794,[119]
7795,[87]
7796,[119]
7797,[119]
7798,[119]
7799,[119]
7800,[121]
7801,[90]
7802,[121]
7803,[121]
7804,[122]
7805,[119]
7806,[119]
7807,[119]
7808,[121]
7809,[123]
7810,[119]
7811,[119]
7812,[119]
7813,[119]
7814,[87]
7815,[121]
7816,[121]
7817,[78]
7818,[88]
7819,[88]
7820,[88]
7821,[88]
7822,[88]
7823,[88]
7824,[88]
7825,[88]
7826,[88]
7827,[88]
7828,[88]
7829,[88]
7830,[88]
7831,[88]
7832,[88]
7833,[142]
7834,[142]
7835,[142]
7836,[142]
7837,[142]
7838,[140]
7839,[140]
7840,[140]
7841,[140]
7842,[140]
7843,[140]
7844,[117]
7845,[140]
7846,[140]
7847,[140]
7848,[140]
7849,[140]
7850,[140]
7851,[140]
7852,[140]
7853,[137]
7854,[137]
7855,[137]
7856,[137]
7857,[137]
7858,[127]
7859,[127]
7860,[127]
7861,[127]
7862,[127]
7863,[127]
7864,[127]
7865,[127]
7866,[127]
7867,[127]
7868,[77]
7869,[77]
7870,[83]
7871,[83]
7872,[83]
7873,[85]
7874,[83]
7875,[85]
7876,[76]
7877,[77]
7878,[77]
7879,[77]
7880,[85]
7881,[85]
7882,[85]
7883,[85]
7884,[85]
7885,[85]
7886,[85]
7887,[74]
7888,[76]
7889,[85]
7890,[76]
7891,[85]
7892,[85]
7893,[77]
7894,[85]
7895,[77]
7896,[77]
7897,[85]
7898,[85]
7899,[77]
7900,[77]
7901,[77]
7902,[77]
7903,[83]
7904,[76]
7905,[85]
7906,[85]
7907,[85]
7908,[76]
7909,[77]
7910,[76]
7911,[85]
7912,[77]
7913,[77]
7914,[85]
7915,[85]
7916,[76]
7917,[76]
7918,[115]
7919,[115]
7920,[115]
7921,[115]
7922,[115]
7923,[124]
7924,[124]
7925,[124]
7926,[124]
7927,[124]
7928,[113]
7929,[113]
7930,[113]
7931,[113]
7932,[113]
7933,[108]
7934,[108]
7935,[108]
7936,[108]
7937,[108]
7938,[108]
7939,[108]
7940,[108]
7941,[108]
7942,[108]
7943,[111]
7944,[111]
7945,[111]
7946,[111]
7947,[111]
7948,[111]
7949,[111]
7950,[111]
7951,[111]
7952,[111]
7953,[136]
7954,[136]
7955,[136]
7956,[136]
7957,[136]
7958,[125]
7959,[125]
7960,[125]
7961,[125]
7962,[125]
7963,[110]
7964,[110]
7965,[110]
7966,[110]
7967,[110]
7968,[77]
7969,[76]
7970,[83]
7971,[76]
7972,[77]
7973,[85]
7974,[85]
7975,[85]
7976,[76]
7977,[85]
7978,[85]
7979,[76]
7980,[77]
7981,[85]
7982,[85]
7983,[76]
7984,[77]
7985,[76]
7986,[85]
7987,[77]
7988,[77]
7989,[77]
7990,[77]
7991,[85]
7992,[77]
7993,[83]
7994,[85]
7995,[77]
7996,[76]
7997,[77]
7998,[76]
7999,[85]
8000,[77]
8001,[83]
8002,[76]
8003,[77]
8004,[76]
8005,[85]
8006,[77]
8007,[76]
8008,[77]
8009,[76]
8010,[85]
8011,[76]
8012,[85]
8013,[77]
8014,[85]
8015,[85]
8016,[85]
8017,[77]
8018,[78]
8019,[134]
8020,[81]
8021,[78]
8022,[78]
8023,[78]
8024,[78]
8025,[78]
8026,[81]
8027,[132]
8028,[116]
8029,[114]
8030,[116]
8031,[71]
8032,[116]
8033,[114]
8034,[116]
8035,[113]
8036,[92]
8037,[116]
8038,[114]
8039,[92]
8040,[116]
8041,[81]
8042,[81]
8043,[116]
8044,[78]
8045,[81]
8046,[72]
8047,[72]
8048,[134]
8049,[78]
8050,[78]
8051,[78]
8052,[78]
8053,[115]
8054,[78]
8055,[92]
8056,[78]
8057,[78]
8058,[78]
8059,[116]
8060,[78]
8061,[78]
8062,[78]
8063,[115]
8064,[78]
8065,[114]
8066,[78]
8067,[113]
8068,[114]
8069,[78]
8070,[81]
8071,[116]
8072,[78]
8073,[115]
8074,[115]
8075,[78]
8076,[92]
8077,[134]
8078,[78]
8079,[92]
8080,[81]
8081,[78]
8082,[116]
8083,[116]
8084,[92]
8085,[78]
8086,[78]
8087,[115]
8088,[78]
8089,[114]
8090,[78]
8091,[81]
8092,[78]
8093,[81]
8094,[116]
8095,[78]
8096,[92]
8097,[116]
8098,[78]
8099,[81]
8100,[114]
8101,[78]
8102,[116]
8103,[116]
8104,[115]
8105,[72]
8106,[78]
8107,[132]
8108,[78]
8109,[78]
8110,[92]
8111,[78]
8112,[132]
8113,[116]
8114,[78]
8115,[78]
8116,[113]
8117,[78]
8118,[113]
8119,[78]
8120,[78]
8121,[78]
8122,[78]
8123,[113]
8124,[92]
8125,[132]
8126,[78]
8127,[81]
8128,[113]
8129,[78]
8130,[78]
8131,[92]
8132,[72]
8133,[78]
8134,[78]
8135,[81]
8136,[113]
8137,[112]
8138,[94]
8139,[78]
8140,[94]
8141,[78]
8142,[83]
8143,[85]
8144,[85]
8145,[77]
8146,[85]
8147,[77]
8148,[85]
8149,[77]
8150,[77]
8151,[77]
8152,[76]
8153,[85]
8154,[85]
8155,[77]
8156,[77]
8157,[85]
8158,[77]
8159,[85]
8160,[76]
8161,[83]
8162,[83]
8163,[76]
8164,[83]
8165,[83]
8166,[76]
8167,[83]
8168,[77]
8169,[85]
8170,[77]
8171,[76]
8172,[85]
8173,[76]
8174,[76]
8175,[77]
8176,[77]
8177,[85]
8178,[77]
8179,[76]
8180,[83]
8181,[77]
8182,[85]
8183,[76]
8184,[77]
8185,[85]
8186,[85]
8187,[85]
8188,[77]
8189,[76]
8190,[83]
8191,[88]
8192,[71]
8193,[86]
8194,[74]
8195,[86]
8196,[85]
8197,[94]
8198,[94]
8199,[107]
8200,[83]
8201,[78]
8202,[86]
8203,[71]
8204,[98]
8205,[74]
8206,[78]
8207,[77]
8208,[80]
8209,[137]
8210,[76]
8211,[74]
8212,[71]
8213,[86]
8214,[85]
8215,[80]
8216,[74]
8217,[83]
8218,[119]
8219,[76]
8220,[114]
8221,[76]
8222,[85]
8223,[77]
8224,[77]
8225,[85]
8226,[85]
8227,[76]
8228,[85]
8229,[85]
8230,[76]
8231,[77]
8232,[77]
8233,[76]
8234,[74]
8235,[77]
8236,[77]
8237,[85]
8238,[85]
8239,[76]
8240,[85]
8241,[77]
8242,[85]
8243,[77]
8244,[83]
8245,[76]
8246,[77]
8247,[77]
8248,[77]
8249,[76]
8250,[77]
8251,[83]
8252,[85]
8253,[77]
8254,[85]
8255,[85]
8256,[77]
8257,[76]
8258,[77]
8259,[77]
8260,[77]
8261,[85]
8262,[76]
8263,[85]
8264,[83]
8265,[77]
8266,[76]
8267,[77]
8268,[76]
8269,[85]
8270,[83]
8271,[76]
8272,[85]
8273,[85]
8274,[85]
8275,[76]
8276,[85]
8277,[85]
8278,[77]
8279,[85]
8280,[85]
8281,[85]
8282,[85]
8283,[85]
8284,[85]
8285,[85]
8286,[77]
8287,[76]
8288,[85]
8289,[85]
8290,[85]
8291,[76]
8292,[85]
8293,[76]
8294,[85]
8295,[77]
8296,[77]
8297,[85]
8298,[85]
8299,[85]
8300,[85]
8301,[85]
8302,[77]
8303,[77]
8304,[85]
8305,[76]
8306,[76]
8307,[85]
8308,[85]
8309,[77]
8310,[85]
8311,[76]
8312,[85]
8313,[85]
8314,[85]
8315,[85]
8316,[85]
8317,[76]
8318,[85]
8319,[76]
8320,[76]
8321,[121]
8322,[87]
8323,[120]
8324,[120]
8325,[120]
8326,[95]
8327,[120]
8328,[120]
8329,[87]
8330,[120]
8331,[87]
8332,[87]
8333,[95]
8334,[87]
8335,[87]
8336,[120]
8337,[95]
8338,[87]
8339,[90]
8340,[120]
8341,[120]
8342,[95]
8343,[121]
8344,[119]
8345,[93]
8346,[121]
8347,[109]
8348,[123]
8349,[121]
8350,[93]
8351,[119]
8352,[95]
8353,[119]
8354,[107]
8355,[127]
8356,[121]
8357,[87]
8358,[80]
8359,[87]
8360,[79]
8361,[119]
8362,[127]
8363,[119]
8364,[93]
8365,[127]
8366,[112]
8367,[119]
8368,[122]
8369,[93]
8370,[121]
8371,[109]
8372,[112]
8373,[93]
8374,[79]
8375,[93]
8376,[119]
8377,[119]
8378,[95]
8379,[119]
8380,[121]
8381,[95]
8382,[112]
8383,[119]
8384,[79]
8385,[142]
8386,[120]
8387,[93]
8388,[99]
8389,[120]
8390,[140]
8391,[99]
8392,[87]
8393,[95]
8394,[121]
8395,[127]
8396,[112]
8397,[119]
8398,[112]
8399,[112]
8400,[112]
8401,[123]
8402,[119]
8403,[119]
8404,[119]
8405,[107]
8406,[79]
8407,[93]
8408,[120]
8409,[90]
8410,[109]
8411,[122]
8412,[87]
8413,[142]
8414,[107]
8415,[109]
8416,[120]
8417,[119]
8418,[79]
8419,[129]
8420,[127]
8421,[85]
8422,[85]
8423,[85]
8424,[85]
8425,[85]
8426,[85]
8427,[85]
8428,[85]
8429,[85]
8430,[85]
8431,[85]
8432,[85]
8433,[85]
8434,[85]
8435,[85]
8436,[85]
8437,[85]
8438,[85]
8439,[85]
8440,[85]
8441,[123]
8442,[85]
8443,[85]
8444,[77]
8445,[103]
8446,[77]
8447,[77]
8448,[77]
8449,[77]
8450,[77]
8451,[77]
8452,[77]
8453,[77]
8454,[77]
8455,[77]
8456,[77]
8457,[77]
8458,[77]
8459,[77]
8460,[77]
8461,[106]
8462,[106]
8463,[106]
8464,[106]
8465,[106]
8466,[106]
8467,[106]
8468,[106]
8469,[76]
8470,[76]
8471,[76]
8472,[76]
8473,[76]
8474,[76]
8475,[76]
8476,[76]
8477,[76]
8478,[76]
8479,[76]
8480,[76]
8481,[76]
8482,[76]
8483,[76]
8484,[76]
8485,[76]
8486,[80]
8487,[84]
8488,[84]
8489,[84]
8490,[84]
8491,[84]
8492,[84]
8493,[83]
8494,[83]
8495,[83]
8496,[83]
8497,[83]
8498,[83]
8499,[83]
8500,[83]
8501,[83]
8502,[83]
8503,[83]
8504,[83]
8505,[83]
8506,[83]
8507,[83]
8508,[83]
8509,[83]
8510,[83]
8511,[83]
8512,[83]
8513,[83]
8514,[83]
8515,[83]
8516,[83]
8517,[83]
8518,[94]
8519,[94]
8520,[94]
8521,[94]
8522,[94]
8523,[94]
8524,[94]
8525,[128]
8526,[94]
8527,[94]
8528,[94]
8529,[94]
8530,[94]
8531,[94]
8532,[94]
8533,[128]
8534,[94]
8535,[94]
8536,[94]
8537,[94]
8538,[94]
8539,[128]
8540,[94]
8541,[94]
8542,[94]
8543,[118]
8544,[118]
8545,[118]
8546,[118]
8547,[118]
8548,[81]
8549,[118]
8550,[118]
8551,[118]
8552,[118]
8553,[118]
8554,[118]
8555,[118]
8556,[118]
8557,[81]
8558,[75]
8559,[75]
8560,[75]
8561,[75]
8562,[75]
8563,[129]
8564,[129]
8565,[129]
8566,[129]
8567,[129]
8568,[119]
8569,[119]
8570,[120]
8571,[125]
8572,[95]
8573,[119]
8574,[119]
8575,[119]
8576,[119]
8577,[119]
8578,[119]
8579,[73]
8580,[119]
8581,[121]
8582,[95]
8583,[119]
8584,[119]
8585,[119]
8586,[119]
8587,[89]
8588,[87]
8589,[73]
8590,[119]
8591,[119]
8592,[119]
8593,[89]
8594,[119]
8595,[119]
8596,[119]
8597,[119]
8598,[119]
8599,[119]
8600,[87]
8601,[78]
8602,[78]
8603,[78]
8604,[78]
8605,[78]
8606,[78]
8607,[132]
8608,[78]
8609,[78]
8610,[78]
8611,[78]
8612,[78]
8613,[132]
8614,[78]
8615,[78]
8616,[78]
8617,[78]
8618,[78]
8619,[78]
8620,[78]
8621,[78]
8622,[78]
8623,[78]
8624,[78]
8625,[78]
8626,[78]
8627,[78]
8628,[78]
8629,[78]
8630,[78]
8631,[78]
8632,[76]
8633,[85]
8634,[83]
8635,[85]
8636,[83]
8637,[77]
8638,[85]
8639,[83]
8640,[77]
8641,[85]
8642,[85]
8643,[85]
8644,[85]
8645,[83]
8646,[85]
8647,[85]
8648,[76]
8649,[76]
8650,[77]
8651,[85]
8652,[76]
8653,[85]
8654,[77]
8655,[77]
8656,[76]
8657,[77]
8658,[85]
8659,[85]
8660,[77]
8661,[83]
8662,[77]
8663,[85]
8664,[77]
8665,[76]
8666,[83]
8667,[76]
8668,[85]
8669,[85]
8670,[77]
8671,[85]
8672,[77]
8673,[74]
8674,[77]
8675,[83]
8676,[85]
8677,[85]
8678,[85]
8679,[76]
8680,[76]
8681,[76]
8682,[77]
8683,[85]
8684,[85]
8685,[96]
8686,[77]
8687,[77]
8688,[85]
8689,[96]
8690,[77]
8691,[85]
8692,[85]
8693,[77]
8694,[77]
8695,[83]
8696,[76]
8697,[77]
8698,[83]
8699,[83]
8700,[85]
8701,[85]
8702,[85]
8703,[85]
8704,[76]
8705,[83]
8706,[85]
8707,[76]
8708,[77]
8709,[77]
8710,[76]
8711,[77]
8712,[94]
8713,[76]
8714,[77]
8715,[76]
8716,[77]
8717,[85]
8718,[77]
8719,[74]
8720,[76]
8721,[85]
8722,[77]
8723,[76]
8724,[85]
8725,[76]
8726,[76]
8727,[85]
8728,[76]
8729,[77]
8730,[76]
8731,[85]
8732,[127]
8733,[77]
8734,[71]
8735,[78]
8736,[106]
8737,[78]
8738,[87]
8739,[113]
8740,[83]
8741,[86]
8742,[83]
8743,[76]
8744,[142]
8745,[99]
8746,[85]
8747,[75]
8748,[74]
8749,[71]
8750,[71]
8751,[87]
8752,[121]
8753,[83]
8754,[77]
8755,[86]
8756,[77]
8757,[98]
8758,[74]
8759,[98]
8760,[76]
8761,[74]
8762,[143]
8763,[143]
8764,[143]
8765,[143]
8766,[143]
8767,[138]
8768,[138]
8769,[138]
8770,[138]
8771,[138]
8772,[112]
8773,[112]
8774,[112]
8775,[112]
8776,[112]
8777,[135]
8778,[135]
8779,[135]
8780,[135]
8781,[135]
8782,[135]
8783,[135]
8784,[135]
8785,[139]
8786,[139]
8787,[139]
8788,[139]
8789,[139]
8790,[139]
8791,[139]
8792,[139]
8793,[139]
8794,[85]
8795,[77]
8796,[76]
8797,[85]
8798,[77]
8799,[76]
8800,[77]
8801,[85]
8802,[83]
8803,[85]
8804,[76]
8805,[85]
8806,[85]
8807,[85]
8808,[77]
8809,[85]
8810,[83]
8811,[85]
8812,[76]
8813,[85]
8814,[85]
8815,[77]
8816,[77]
8817,[85]
8818,[83]
8819,[83]
8820,[76]
8821,[76]
8822,[85]
8823,[85]
8824,[85]
8825,[77]
8826,[85]
8827,[85]
8828,[76]
8829,[76]
8830,[85]
8831,[76]
8832,[77]
8833,[76]
8834,[76]
8835,[85]
8836,[83]
8837,[76]
8838,[85]
8839,[77]
8840,[83]
8841,[76]
8842,[85]
8843,[83]
8844,[75]
8845,[74]
8846,[76]
8847,[94]
8848,[86]
8849,[85]
8850,[77]
8851,[76]
8852,[71]
8853,[119]
8854,[77]
8855,[83]
8856,[74]
8857,[85]
8858,[106]
8859,[74]
8860,[71]
8861,[77]
8862,[103]
8863,[83]
8864,[105]
8865,[74]
8866,[83]
8867,[119]
8868,[77]
8869,[142]
8870,[120]
8871,[74]
8872,[92]
8873,[76]
8874,[85]
8875,[85]
8876,[85]
8877,[85]
8878,[85]
8879,[85]
8880,[85]
8881,[85]
8882,[85]
8883,[85]
8884,[85]
8885,[85]
8886,[85]
8887,[85]
8888,[85]
8889,[85]
8890,[85]
8891,[85]
8892,[85]
8893,[85]
8894,[85]
8895,[85]
8896,[85]
8897,[85]
8898,[85]
8899,[77]
8900,[77]
8901,[77]
8902,[77]
8903,[77]
8904,[77]
8905,[77]
8906,[77]
8907,[77]
8908,[77]
8909,[77]
8910,[77]
8911,[77]
8912,[77]
8913,[77]
8914,[77]
8915,[77]
8916,[77]
8917,[77]
8918,[77]
8919,[77]
8920,[106]
8921,[106]
8922,[106]
8923,[106]
8924,[76]
8925,[76]
8926,[76]
8927,[76]
8928,[76]
8929,[76]
8930,[76]
8931,[76]
8932,[76]
8933,[76]
8934,[76]
8935,[76]
8936,[76]
8937,[76]
8938,[76]
8939,[76]
8940,[76]
8941,[76]
8942,[76]
8943,[76]
8944,[76]
8945,[84]
8946,[84]
8947,[84]
8948,[84]
8949,[83]
8950,[83]
8951,[83]
8952,[83]
8953,[83]
8954,[83]
8955,[83]
8956,[83]
8957,[83]
8958,[83]
8959,[83]
8960,[83]
8961,[83]
8962,[83]
8963,[83]
8964,[83]
8965,[83]
8966,[83]
8967,[83]
8968,[83]
8969,[83]
8970,[71]
8971,[71]
8972,[71]
8973,[78]
8974,[78]
8975,[78]
8976,[78]
8977,[78]
8978,[78]
8979,[78]
8980,[78]
8981,[78]
8982,[78]
8983,[78]
8984,[78]
8985,[78]
8986,[78]
8987,[78]
8988,[78]
8989,[78]
8990,[78]
8991,[78]
8992,[78]
8993,[78]
8994,[78]
8995,[78]
8996,[78]
8997,[78]
8998,[78]
8999,[78]
9000,[78]
9001,[78]
9002,[78]
9003,[78]
9004,[78]
9005,[78]
9006,[78]
9007,[78]
9008,[78]
9009,[78]
9010,[76]
9011,[76]
9012,[76]
9013,[76]
9014,[76]
9015,[76]
9016,[76]
9017,[76]
9018,[76]
9019,[76]
9020,[76]
9021,[76]
9022,[76]
9023,[76]
9024,[76]
9025,[76]
9026,[76]
9027,[76]
9028,[76]
9029,[76]
9030,[84]
9031,[84]
9032,[84]
9033,[84]
9034,[83]
9035,[83]
9036,[83]
9037,[83]
9038,[83]
9039,[83]
9040,[83]
9041,[83]
9042,[83]
9043,[83]
9044,[83]
9045,[83]
9046,[83]
9047,[83]
9048,[83]
9049,[83]
9050,[83]
9051,[83]
9052,[83]
9053,[83]
9054,[83]
9055,[84]
9056,[71]
9057,[131]
9058,[83]
9059,[108]
9060,[107]
9061,[107]
9062,[83]
9063,[77]
9064,[77]
9065,[76]
9066,[77]
9067,[85]
9068,[85]
9069,[85]
9070,[77]
9071,[85]
9072,[77]
9073,[77]
9074,[77]
9075,[85]
9076,[83]
9077,[83]
9078,[85]
9079,[85]
9080,[85]
9081,[83]
9082,[76]
9083,[76]
9084,[77]
9085,[76]
9086,[83]
9087,[77]
9088,[85]
9089,[77]
9090,[77]
9091,[77]
9092,[85]
9093,[77]
9094,[85]
9095,[76]
9096,[85]
9097,[77]
9098,[85]
9099,[85]
9100,[76]
9101,[78]
9102,[85]
9103,[83]
9104,[83]
9105,[83]
9106,[77]
9107,[85]
9108,[77]
9109,[85]
9110,[85]
9111,[85]
9112,[85]
9113,[85]
9114,[85]
9115,[85]
9116,[85]
9117,[85]
9118,[85]
9119,[85]
9120,[85]
9121,[85]
9122,[85]
9123,[85]
9124,[85]
9125,[85]
9126,[85]
9127,[85]
9128,[85]
9129,[85]
9130,[85]
9131,[85]
9132,[85]
9133,[77]
9134,[77]
9135,[77]
9136,[77]
9137,[77]
9138,[77]
9139,[77]
9140,[77]
9141,[77]
9142,[77]
9143,[77]
9144,[77]
9145,[77]
9146,[77]
9147,[77]
9148,[77]
9149,[77]
9150,[77]
9151,[77]
9152,[77]
9153,[77]
9154,[82]
9155,[106]
9156,[106]
9157,[106]
9158,[76]
9159,[76]
9160,[76]
9161,[76]
9162,[76]
9163,[76]
9164,[76]
9165,[76]
9166,[76]
9167,[76]
9168,[76]
9169,[76]
9170,[76]
9171,[76]
9172,[76]
9173,[76]
9174,[76]
9175,[76]
9176,[76]
9177,[76]
9178,[76]
9179,[84]
9180,[84]
9181,[84]
9182,[84]
9183,[83]
9184,[83]
9185,[83]
9186,[83]
9187,[83]
9188,[83]
9189,[83]
9190,[83]
9191,[83]
9192,[83]
9193,[83]
9194,[83]
9195,[83]
9196,[83]
9197,[83]
9198,[83]
9199,[83]
9200,[83]
9201,[83]
9202,[83]
9203,[131]
9204,[131]
9205,[131]
9206,[131]
9207,[77]
9208,[76]
9209,[77]
9210,[83]
9211,[76]
9212,[76]
9213,[76]
9214,[77]
9215,[77]
9216,[85]
9217,[77]
9218,[85]
9219,[77]
9220,[76]
9221,[76]
9222,[77]
9223,[76]
9224,[85]
9225,[76]
9226,[77]
9227,[76]
9228,[77]
9229,[77]
9230,[77]
9231,[85]
9232,[85]
9233,[77]
9234,[77]
9235,[85]
9236,[76]
9237,[76]
9238,[76]
9239,[77]
9240,[77]
9241,[77]
9242,[85]
9243,[85]
9244,[85]
9245,[85]
9246,[76]
9247,[85]
9248,[83]
9249,[85]
9250,[85]
9251,[76]
9252,[85]
9253,[76]
9254,[77]
9255,[76]
9256,[85]
9257,[88]
9258,[120]
9259,[74]
9260,[85]
9261,[71]
9262,[78]
9263,[100]
9264,[74]
9265,[86]
9266,[83]
9267,[85]
9268,[129]
9269,[84]
9270,[76]
9271,[73]
9272,[83]
9273,[96]
9274,[77]
9275,[94]
9276,[77]
9277,[71]
9278,[78]
9279,[130]
9280,[74]
9281,[86]
9282,[85]
9283,[99]
9284,[78]
9285,[77]
9286,[73]
9287,[85]
9288,[141]
9289,[106]
9290,[83]
9291,[77]
9292,[141]
9293,[124]
9294,[85]
9295,[106]
9296,[141]
9297,[78]
9298,[127]
9299,[141]
9300,[100]
9301,[85]
9302,[76]
9303,[141]
9304,[77]
9305,[86]
9306,[133]
9307,[141]
9308,[85]
9309,[90]
9310,[118]
9311,[120]
9312,[141]
9313,[105]
9314,[84]
9315,[114]
9316,[77]
9317,[141]
9318,[109]
9319,[86]
9320,[134]
9321,[141]
9322,[120]
9323,[134]
9324,[141]
9325,[74]
9326,[85]
9327,[141]
9328,[128]
9329,[77]
9330,[141]
9331,[85]
9332,[112]
9333,[85]
9334,[141]
9335,[77]
9336,[85]
9337,[73]
9338,[74]
9339,[141]
9340,[93]
9341,[77]
9342,[77]
9343,[128]
9344,[85]
9345,[141]
9346,[76]
9347,[77]
9348,[116]
9349,[141]
9350,[99]
9351,[99]
9352,[77]
9353,[141]
9354,[98]
9355,[72]
9356,[85]
9357,[141]
9358,[85]
9359,[141]
9360,[83]
9361,[120]
9362,[71]
9363,[90]
9364,[141]
9365,[77]
9366,[74]
9367,[77]
9368,[141]
9369,[129]
9370,[141]
9371,[76]
9372,[78]
9373,[98]
9374,[77]
9375,[141]
9376,[83]
9377,[85]
9378,[92]
9379,[85]
9380,[141]
9381,[129]
9382,"[53, 60, 179]"
9383,"[56, 60, 179]"
9384,"[54, 60, 179]"
9385,"[53, 59, 182]"
9386,"[52, 59, 182]"
9387,"[54, 59, 182]"
9388,"[53, 59, 183]"
9389,"[54, 59, 183]"
9390,"[55, 59, 183]"
9391,"[56, 60, 181]"
9392,"[54, 60, 181]"
9393,"[54, 60, 181]"
9394,"[56, 68, 182]"
9395,"[54, 68, 182]"
9396,"[55, 68, 182]"
9397,"[53, 63, 179]"
9398,"[52, 63, 179]"
9399,"[52, 63, 179]"
9400,"[56, 67, 181]"
9401,"[54, 67, 181]"
9402,"[54, 67, 181]"
9403,"[56, 59, 183]"
9404,"[52, 59, 183]"
9405,"[54, 59, 183]"
9406,"[53, 63, 179]"
9407,"[52, 63, 179]"
9408,"[54, 63, 179]"
9409,"[56, 60, 182]"
9410,"[54, 60, 182]"
9411,"[52, 60, 182]"
9412,[140]
9413,[141]
9414,[74]
9415,[85]
9416,[141]
9417,[83]
9418,[86]
9419,[76]
9420,[83]
9421,[141]
9422,[74]
9423,[96]
9424,[141]
9425,[85]
9426,[118]
9427,[88]
9428,[77]
9429,[98]
9430,[124]
9431,[141]
9432,[86]
9433,[76]
9434,[141]
9435,[117]
9436,[120]
9437,[110]
9438,[141]
9439,[71]
9440,[77]
9441,[74]
9442,[84]
9443,[141]
9444,[141]
9445,[71]
9446,[85]
9447,[90]
9448,[141]
9449,[76]
9450,[73]
9451,[131]
9452,[74]
9453,[85]
9454,[141]
9455,[120]
9456,[77]
9457,[85]
9458,[141]
9459,[78]
9460,[73]
9461,[85]
9462,[141]
9463,[106]
9464,[83]
9465,[77]
9466,[141]
9467,[124]
9468,[78]
9469,[141]
9470,[83]
9471,[76]
9472,[83]
9473,[76]
9474,[141]
9475,[93]
9476,[121]
9477,[85]
9478,[141]
9479,[74]
9480,[141]
9481,[80]
9482,[105]
9483,[128]
9484,[74]
9485,[141]
9486,[76]
9487,[89]
9488,[141]
9489,[74]
9490,[78]
9491,[87]
9492,[119]
9493,[83]
9494,[85]
9495,[141]
9496,[133]
9497,[141]
9498,[85]
9499,[119]
9500,[120]
9501,[76]
9502,[77]
9503,[141]
9504,[71]
9505,[100]
9506,[141]
9507,[76]
9508,[141]
9509,[77]
9510,[133]
9511,[80]
9512,[141]
9513,[120]
9514,[76]
9515,[88]
9516,[120]
9517,[74]
9518,[141]
9519,[77]
9520,[85]
9521,[78]
9522,[141]
9523,[119]
9524,[77]
9525,[74]
9526,[141]
9527,[71]
9528,[141]
9529,[77]
9530,[119]
9531,[85]
9532,[73]
9533,[85]
9534,[141]
9535,[106]
9536,[77]
9537,[83]
9538,[120]
9539,[141]
9540,[85]
9541,[77]
9542,[92]
9543,[141]
9544,[74]
9545,[141]
9546,[103]
9547,[77]
9548,[85]
9549,[130]
9550,[120]
9551,[141]
9552,[87]
9553,[74]
9554,[83]
9555,[141]
9556,[120]
9557,[141]
9558,[83]
9559,[97]
9560,[85]
9561,[87]
9562,[141]
9563,[76]
9564,[84]
9565,[133]
9566,[141]
9567,[85]
9568,[141]
9569,[85]
9570,[127]
9571,[120]
9572,[77]
9573,[74]
9574,[78]
9575,[141]
9576,[141]
9577,[80]
9578,[85]
9579,[118]
9580,[141]
9581,[77]
9582,[92]
9583,[119]
9584,[85]
9585,[141]
9586,[96]
9587,[88]
9588,[85]
9589,[72]
9590,[141]
9591,[85]
9592,[76]
9593,[141]
9594,[77]
9595,[74]
9596,[85]
9597,[120]
9598,[76]
9599,[141]
9600,[141]
9601,[74]
9602,[84]
9603,[77]
9604,[96]
9605,[141]
9606,[133]
9607,[120]
9608,[73]
9609,[85]
9610,[119]
9611,[141]
9612,[133]
9613,[107]
9614,[77]
9615,[141]
9616,[126]
9617,[141]
9618,[77]
9619,[85]
9620,[120]
9621,[141]
9622,[74]
9623,[76]
9624,[106]
9625,[88]
9626,[74]
9627,[141]
9628,[83]
9629,[128]
9630,[84]
9631,[141]
9632,[141]
9633,[90]
9634,[94]
9635,[77]
9636,[95]
9637,[77]
9638,[101]
9639,[141]
9640,[85]
9641,[84]
9642,[133]
9643,[141]
9644,[103]
9645,[77]
9646,[141]
9647,[83]
9648,[85]
9649,[118]
9650,[141]
9651,[85]
9652,[95]
9653,[141]
9654,[85]
9655,[86]
9656,[141]
9657,[95]
9658,[133]
9659,[77]
9660,"[2, 14, 181]"
9661,"[7, 10, 182]"
9662,"[7, 10, 179]"
9663,"[2, 19, 180]"
9664,"[7, 11, 181]"
9665,"[2, 22, 182]"
9666,"[2, 13, 179]"
9667,"[7, 17, 180]"
9668,"[2, 19, 181]"
9669,"[6, 7, 182]"
9670,"[2, 8, 179]"
9671,"[1, 2, 180]"
9672,"[7, 17, 181]"
9673,"[2, 8, 182]"
9674,"[6, 7, 179]"
9675,"[2, 12, 180]"
9676,"[2, 8, 181]"
9677,"[7, 18, 182]"
9678,"[2, 14, 179]"
9679,"[2, 19, 180]"
9680,"[7, 10, 179]"
9681,"[2, 8, 180]"
9682,"[2, 8, 181]"
9683,"[2, 5, 182]"
9684,"[1, 2, 179]"
9685,"[1, 2, 180]"
9686,"[2, 14, 181]"
9687,"[2, 14, 182]"
9688,"[7, 18, 179]"
9689,"[2, 22, 180]"
9690,"[7, 18, 181]"
9691,"[2, 12, 182]"
9692,"[2, 9, 179]"
9693,"[2, 5, 180]"
9694,"[7, 17, 181]"
9695,"[2, 178, 182]"
9696,"[2, 22, 179]"
9697,"[7, 10, 180]"
9698,"[2, 9, 181]"
9699,"[2, 4, 182]"
9700,"[2, 8, 179]"
9701,"[7, 17, 180]"
9702,"[2, 8, 181]"
9703,"[2, 4, 182]"
9704,"[2, 8, 179]"
9705,"[7, 11, 180]"
9706,"[6, 7, 181]"
9707,"[2, 4, 182]"
9708,"[7, 10, 179]"
9709,"[2, 3, 180]"
9710,"[2, 16, 179]"
9711,"[7, 10, 180]"
9712,"[7, 10, 181]"
9713,"[2, 4, 182]"
9714,"[2, 14, 179]"
9715,"[2, 14, 180]"
9716,"[1, 2, 181]"
9717,"[2, 13, 182]"
9718,"[7, 10, 179]"
9719,"[1, 2, 180]"
9720,"[2, 4, 180]"
9721,"[2, 16, 181]"
9722,"[2, 9, 182]"
9723,"[20, 21, 179]"
9724,"[2, 5, 180]"
9725,"[6, 7, 181]"
9726,"[2, 9, 182]"
9727,"[2, 12, 179]"
9728,"[6, 7, 180]"
9729,"[2, 15, 179]"
9730,"[2, 12, 181]"
9731,"[2, 12, 183]"
9732,"[2, 8, 179]"
9733,"[1, 2, 183]"
9734,"[2, 19, 180]"
9735,"[7, 11, 181]"
9736,"[2, 15, 182]"
9737,"[7, 18, 179]"
9738,"[7, 17, 180]"
9739,"[6, 7, 181]"
9740,"[7, 18, 182]"
9741,"[6, 7, 179]"
9742,"[2, 16, 180]"
9743,"[6, 7, 181]"
9744,"[2, 16, 181]"
9745,"[1, 2, 182]"
9746,"[2, 19, 179]"
9747,"[2, 14, 180]"
9748,"[6, 7, 181]"
9749,"[6, 7, 182]"
9750,"[7, 11, 179]"
9751,"[2, 8, 180]"
9752,"[2, 14, 181]"
9753,"[2, 9, 182]"
9754,"[2, 14, 181]"
9755,"[2, 22, 182]"
9756,"[2, 8, 179]"
9757,"[2, 14, 180]"
9758,"[2, 5, 181]"
9759,"[6, 7, 182]"
9760,"[7, 17, 179]"
9761,"[7, 10, 180]"
9762,"[2, 16, 181]"
9763,"[2, 19, 182]"
9764,"[7, 10, 181]"
9765,"[2, 19, 182]"
9766,"[1, 2, 179]"
9767,"[2, 14, 180]"
9768,"[7, 11, 181]"
9769,"[2, 3, 182]"
9770,"[7, 11, 179]"
9771,"[2, 5, 180]"
9772,"[7, 11, 181]"
9773,"[2, 19, 182]"
9774,"[2, 3, 179]"
9775,"[6, 7, 180]"
9776,"[2, 9, 181]"
9777,"[2, 8, 182]"
9778,"[6, 7, 179]"
9779,"[2, 19, 180]"
9780,"[2, 8, 181]"
9781,"[2, 8, 182]"
9782,"[6, 7, 179]"
9783,"[7, 11, 180]"
9784,"[2, 4, 181]"
9785,"[2, 5, 182]"
9786,"[2, 22, 179]"
9787,"[2, 8, 180]"
9788,"[2, 22, 181]"
9789,"[2, 8, 182]"
9790,"[20, 21, 179]"
9791,"[7, 17, 180]"
9792,"[7, 18, 181]"
9793,"[2, 9, 182]"
9794,"[20, 21, 179]"
9795,"[6, 7, 180]"
9796,"[6, 7, 181]"
9797,"[6, 7, 182]"
9798,"[7, 18, 179]"
9799,"[2, 15, 180]"
9800,"[7, 12, 181]"
9801,"[2, 13, 182]"
9802,"[2, 9, 179]"
9803,"[2, 8, 180]"
9804,"[2, 19, 179]"
9805,"[2, 9, 180]"
9806,"[2, 9, 181]"
9807,"[6, 7, 182]"
9808,"[7, 17, 179]"
9809,"[1, 2, 180]"
9810,"[7, 11, 181]"
9811,"[2, 16, 182]"
9812,"[2, 19, 179]"
9813,"[7, 11, 180]"
9814,"[2, 3, 182]"
9815,"[2, 22, 179]"
9816,"[2, 14, 180]"
9817,"[7, 17, 181]"
9818,"[20, 21, 182]"
9819,"[2, 9, 179]"
9820,"[2, 5, 180]"
9821,"[2, 22, 181]"
9822,"[6, 7, 182]"
9823,"[2, 9, 179]"
9824,"[7, 17, 181]"
9825,"[6, 7, 182]"
9826,"[20, 21, 179]"
9827,"[1, 2, 180]"
9828,"[2, 22, 181]"
9829,"[2, 19, 182]"
9830,"[2, 5, 179]"
9831,"[6, 7, 180]"
9832,"[6, 7, 181]"
9833,"[2, 8, 182]"
9834,"[2, 3, 179]"
9835,"[1, 2, 180]"
9836,"[6, 7, 181]"
9837,"[6, 7, 182]"
9838,"[7, 18, 179]"
9839,"[2, 22, 180]"
9840,"[2, 15, 181]"
9841,"[6, 7, 182]"
9842,"[2, 8, 179]"
9843,"[2, 8, 180]"
9844,"[7, 18, 179]"
9845,"[6, 7, 180]"
9846,"[2, 178, 181]"
9847,"[2, 178, 182]"
9848,"[6, 7, 179]"
9849,"[2, 178, 180]"
9850,"[2, 178, 181]"
9851,"[6, 7, 182]"
9852,"[2, 178, 179]"
9853,"[2, 19, 180]"
9854,"[2, 8, 183]"
9855,"[2, 22, 183]"
9856,"[2, 22, 179]"
9857,"[2, 8, 181]"
9858,"[6, 7, 183]"
9859,"[2, 14, 179]"
9860,"[20, 21, 183]"
9861,"[2, 9, 183]"
9862,"[20, 21, 179]"
9863,"[2, 5, 181]"
9864,"[6, 7, 182]"
9865,"[2, 8, 179]"
9866,"[2, 9, 180]"
9867,"[2, 22, 181]"
9868,"[6, 7, 182]"
9869,"[2, 8, 179]"
9870,"[2, 178, 180]"
9871,"[2, 178, 181]"
9872,"[2, 22, 182]"
9873,"[7, 18, 181]"
9874,"[2, 12, 182]"
9875,"[2, 9, 179]"
9876,"[2, 8, 180]"
9877,"[2, 12, 181]"
9878,"[20, 21, 182]"
9879,"[2, 14, 179]"
9880,"[1, 2, 180]"
9881,"[2, 178, 181]"
9882,"[2, 14, 182]"
9883,"[2, 9, 179]"
9884,"[2, 9, 180]"
9885,"[2, 14, 181]"
9886,"[2, 5, 182]"
9887,"[2, 14, 179]"
9888,"[1, 2, 180]"
9889,"[7, 17, 181]"
9890,"[7, 10, 182]"
9891,"[7, 17, 179]"
9892,"[2, 5, 180]"
9893,"[7, 10, 181]"
9894,"[2, 8, 182]"
9895,"[2, 3, 179]"
9896,"[2, 15, 180]"
9897,"[1, 2, 181]"
9898,"[1, 2, 182]"
9899,"[2, 13, 179]"
9900,"[7, 17, 180]"
9901,"[7, 17, 181]"
9902,"[2, 16, 182]"
9903,"[2, 16, 179]"
9904,"[1, 2, 180]"
9905,"[2, 22, 181]"
9906,"[2, 8, 182]"
9907,"[7, 11, 179]"
9908,"[2, 4, 180]"
9909,"[2, 16, 181]"
9910,"[7, 11, 182]"
9911,"[7, 10, 179]"
9912,"[6, 7, 180]"
9913,"[2, 19, 181]"
9914,"[2, 19, 182]"
9915,"[2, 19, 179]"
9916,"[2, 19, 180]"
9917,"[2, 3, 181]"
9918,"[2, 3, 182]"
9919,"[2, 3, 179]"
9920,"[7, 18, 180]"
9921,"[6, 7, 181]"
9922,"[7, 11, 182]"
9923,"[7, 11, 179]"
9924,"[2, 8, 179]"
9925,"[2, 16, 180]"
9926,"[2, 5, 181]"
9927,"[2, 9, 182]"
9928,"[7, 18, 179]"
9929,"[2, 14, 180]"
9930,"[1, 2, 181]"
9931,"[2, 4, 182]"
9932,"[6, 7, 179]"
9933,"[7, 18, 180]"
9934,"[6, 7, 181]"
9935,"[6, 7, 182]"
9936,"[2, 15, 179]"
9937,"[2, 9, 180]"
9938,"[2, 5, 181]"
9939,"[7, 10, 182]"
9940,"[2, 8, 179]"
9941,"[2, 4, 180]"
9942,"[6, 7, 181]"
9943,"[2, 22, 182]"
9944,"[6, 7, 181]"
9945,"[7, 18, 182]"
9946,"[2, 5, 179]"
9947,"[7, 18, 180]"
9948,"[2, 4, 181]"
9949,"[2, 13, 182]"
9950,"[2, 4, 179]"
9951,"[6, 7, 180]"
9952,"[2, 8, 181]"
9953,"[6, 7, 182]"
9954,"[2, 22, 183]"
9955,"[2, 15, 183]"
9956,"[1, 2, 181]"
9957,"[2, 16, 183]"
9958,"[7, 10, 179]"
9959,"[1, 2, 183]"
9960,"[30, 44, 49, 181, 182]"
9961,"[27, 44, 49, 179, 182]"
9962,"[30, 44, 49, 179, 182]"
9963,"[30, 44, 49, 180, 181]"
9964,"[30, 44, 49, 180, 181]"
9965,"[53, 61, 180]"
9966,"[52, 61, 180]"
9967,"[55, 61, 180]"
9968,"[56, 61, 179]"
9969,"[52, 61, 179]"
9970,"[55, 61, 179]"
9971,"[56, 61, 181]"
9972,"[52, 61, 181]"
9973,"[54, 61, 181]"
9974,"[56, 180, 184]"
9975,"[52, 180, 184]"
9976,"[54, 180, 184]"
9977,"[56, 180, 184]"
9978,"[52, 180, 184]"
9979,"[52, 180, 184]"
9980,"[56, 179, 184]"
9981,"[52, 179, 184]"
9982,"[54, 179, 184]"
9983,"[53, 181, 184]"
9984,"[52, 181, 184]"
9985,"[55, 181, 184]"
9986,"[53, 179, 184]"
9987,"[54, 179, 184]"
9988,"[54, 179, 184]"
9989,"[56, 181, 184]"
9990,"[54, 181, 184]"
9991,"[55, 181, 184]"
9992,"[53, 180, 184]"
9993,"[52, 180, 184]"
9994,"[54, 180, 184]"
9995,"[56, 180, 184]"
9996,"[53, 180, 184]"
9997,"[54, 180, 184]"
9998,"[52, 179, 184]"
9999,"[54, 179, 184]"
10000,"[52, 179, 184]"
10001,"[56, 181, 184]"
10002,"[53, 181, 184]"
10003,"[54, 181, 184]"
10004,"[53, 180, 184]"
10005,"[52, 180, 184]"
10006,"[52, 180, 184]"
10007,"[53, 179, 184]"
10008,"[52, 179, 184]"
10009,"[52, 179, 184]"
10010,"[53, 181, 184]"
10011,"[58, 181, 184]"
10012,"[54, 181, 184]"
10013,"[56, 181, 184]"
10014,"[58, 181, 184]"
10015,"[54, 181, 184]"
10016,[98]
10017,[141]
10018,[77]
10019,[83]
10020,[85]
10021,[141]
10022,[71]
10023,[77]
10024,[141]
10025,[77]
10026,[120]
10027,[76]
10028,[141]
10029,[71]
10030,[77]
10031,[128]
10032,[85]
10033,[141]
10034,[71]
10035,[72]
10036,[108]
10037,[128]
10038,[141]
10039,[77]
10040,[86]
10041,[133]
10042,[141]
10043,[76]
10044,[98]
10045,[74]
10046,[141]
10047,[133]
10048,[120]
10049,[85]
10050,[141]
10051,[88]
10052,[77]
10053,[141]
10054,[74]
10055,[137]
10056,[85]
10057,[86]
10058,[141]
10059,[88]
10060,[76]
10061,[86]
10062,[83]
10063,[141]
10064,[105]
10065,[85]
10066,[108]
10067,[141]
10068,[141]
10069,[76]
10070,[133]
10071,[137]
10072,[87]
10073,[88]
10074,[141]
10075,[76]
10076,[141]
10077,[122]
10078,[76]
10079,[77]
10080,[141]
10081,[105]
10082,[83]
10083,[85]
10084,[77]
10085,[89]
10086,[88]
10087,[141]
10088,[85]
10089,[120]
10090,[134]
10091,[141]
10092,[85]
10093,[141]
10094,[74]
10095,[108]
10096,[96]
10097,[76]
10098,[119]
10099,[141]
10100,[103]
10101,[77]
10102,[141]
10103,[78]
10104,[131]
10105,[85]
10106,[141]
10107,[118]
10108,[141]
10109,[77]
10110,[73]
10111,[71]
10112,[76]
10113,[108]
10114,[98]
10115,[141]
10116,[141]
10117,[134]
10118,[77]
10119,[127]
10120,[74]
10121,[76]
10122,[71]
10123,[141]
10124,[128]
10125,[141]
10126,[85]
10127,[83]
10128,[75]
10129,[83]
10130,[141]
10131,[107]
10132,[141]
10133,[95]
10134,[85]
10135,[98]
10136,[87]
10137,[85]
10138,[78]
10139,[141]
10140,[88]
10141,[85]
10142,[133]
10143,[141]
10144,[98]
10145,[85]
10146,[141]
10147,[74]
10148,[87]
10149,[77]
10150,[141]
10151,[76]
10152,[98]
10153,[141]
10154,[95]
10155,[133]
10156,[92]
10157,[85]
10158,[88]
10159,[141]
10160,[133]
10161,[87]
10162,[107]
10163,[141]
10164,[133]
10165,[76]
10166,[118]
10167,[141]
10168,[141]
10169,[85]
10170,[98]
10171,[85]
10172,[85]
10173,[85]
10174,[98]
10175,[141]
10176,[77]
10177,[141]
10178,[74]
10179,[133]
10180,[141]
10181,[77]
10182,[137]
10183,[132]
10184,[98]
10185,[141]
10186,[128]
10187,[85]
10188,[77]
10189,[141]
10190,[83]
10191,[133]
10192,[87]
10193,[98]
10194,[85]
10195,[141]
10196,[83]
10197,[133]
10198,[141]
10199,[107]
10200,[72]
10201,[86]
10202,[141]
10203,[77]
10204,[86]
10205,[74]
10206,[141]
10207,[76]
10208,[76]
10209,[120]
10210,[141]
10211,[86]
10212,[77]
10213,[141]
10214,[105]
10215,[107]
10216,[141]
10217,[74]
10218,[85]
10219,[86]
10220,[119]
10221,[77]
10222,[83]
10223,[141]
10224,[85]
10225,[119]
10226,[88]
10227,[141]
10228,[77]
10229,[141]
10230,[92]
10231,[74]
10232,[76]
10233,[108]
10234,[133]
10235,[141]
10236,[141]
10237,[71]
10238,[133]
10239,[77]
10240,[77]
10241,[87]
10242,[98]
10243,[141]
10244,[77]
10245,[94]
10246,[141]
10247,[73]
10248,[141]
10249,[73]
10250,[133]
10251,[77]
10252,[77]
10253,[85]
10254,[141]
10255,[118]
10256,[95]
10257,[141]
10258,[76]
10259,[76]
10260,[85]
10261,[141]
10262,[137]
10263,[88]
10264,[77]
10265,[133]
10266,[141]
10267,[92]
10268,[86]
10269,[141]
10270,[119]
10271,[107]
10272,[77]
10273,[122]
10274,[133]
10275,[141]
10276,[87]
10277,[77]
10278,[141]
10279,[77]
10280,[88]
10281,[141]
10282,[77]
10283,[133]
10284,[98]
10285,[119]
10286,[77]
10287,[141]
10288,[73]
10289,[141]
10290,[94]
10291,[74]
10292,[141]
10293,[76]
10294,[133]
10295,[107]
10296,[86]
10297,[76]
10298,[141]
10299,[71]
10300,[141]
10301,[73]
10302,[77]
10303,[133]
10304,[101]
10305,[141]
10306,[80]
10307,[133]
10308,[88]
10309,[141]
10310,[121]
10311,[76]
10312,[141]
10313,[85]
10314,[86]
10315,[83]
10316,[137]
10317,[88]
10318,[141]
10319,[77]
10320,[141]
10321,[77]
10322,[74]
10323,[76]
10324,[85]
10325,[98]
10326,[77]
10327,[141]
10328,[83]
10329,[85]
10330,[141]
10331,[86]
10332,[77]
10333,[87]
10334,[141]
10335,[86]
10336,[109]
10337,[77]
10338,[141]
10339,[86]
10340,[85]
10341,[74]
10342,[141]
10343,[83]
10344,[77]
10345,[141]
10346,[98]
10347,[133]
10348,[77]
10349,[141]
10350,[119]
10351,[128]
10352,[98]
10353,[141]
10354,[72]
10355,[85]
10356,[85]
10357,[141]
10358,[122]
10359,[76]
10360,[141]
10361,[71]
10362,[77]
10363,[73]
10364,[107]
10365,[76]
10366,[141]
10367,[83]
10368,[119]
10369,[137]
10370,[85]
10371,[141]
10372,[85]
10373,[83]
10374,[93]
10375,[141]
10376,[137]
10377,[77]
10378,[80]
10379,[141]
10380,[77]
10381,[107]
10382,[141]
10383,[132]
10384,[76]
10385,[121]
10386,[141]
10387,[113]
10388,[77]
10389,[74]
10390,[141]
10391,[98]
10392,[71]
10393,[141]
10394,[77]
10395,[133]
10396,[71]
10397,[85]
10398,[141]
10399,[132]
10400,[85]
10401,[132]
10402,[86]
10403,[141]
10404,[85]
10405,[141]
10406,[100]
10407,[85]
10408,[76]
10409,[141]
10410,[77]
10411,[86]
10412,[133]
10413,[85]
10414,[141]
10415,[119]
10416,[77]
10417,[141]
10418,[78]
10419,[98]
10420,[141]
10421,[77]
10422,[116]
10423,[85]
10424,[76]
10425,[71]
10426,[88]
10427,[141]
10428,[85]
10429,[141]
10430,[80]
10431,[83]
10432,[141]
10433,[74]
10434,[76]
10435,[86]
10436,[78]
10437,[141]
10438,[85]
10439,[77]
10440,[86]
10441,[105]
10442,[83]
10443,[141]
10444,[141]
10445,[132]
10446,[79]
10447,[76]
10448,[76]
10449,[92]
10450,[71]
10451,[141]
10452,[120]
10453,[94]
10454,[77]
10455,[141]
10456,[]
10457,[]
10458,[]
10459,[88]
10460,[85]
10461,[96]
10462,[76]
10463,[137]
10464,[74]
10465,[86]
10466,[77]
10467,[98]
10468,[132]
10469,[119]
10470,[83]
10471,[105]
10472,[76]
10473,[71]
10474,[74]
10475,[83]
10476,[77]
10477,[98]
10478,[132]
10479,[71]
10480,[85]
10481,[116]
10482,[78]
10483,[130]
10484,[76]
10485,[77]
10486,[83]
10487,[119]
10488,[85]
10489,[98]
10490,[128]
10491,[77]
10492,[71]
10493,[74]
10494,[86]
10495,[85]
10496,[88]
10497,[83]
10498,[119]
10499,[83]
10500,[107]
10501,[75]
10502,[85]
10503,[132]
10504,[72]
10505,[86]
10506,[76]
10507,[74]
10508,[80]
10509,[92]
10510,[77]
10511,[74]
10512,[83]
10513,[98]
10514,[71]
10515,[71]
10516,[76]
10517,[81]
10518,[85]
10519,[88]
10520,[83]
10521,[86]
10522,[132]
10523,[98]
10524,[74]
10525,[107]
10526,[76]
10527,[77]
10528,[71]
10529,[74]
10530,[130]
10531,[85]
10532,[81]
10533,[74]
10534,[86]
10535,[76]
10536,[100]
10537,[85]
10538,[98]
10539,[83]
10540,[98]
10541,[74]
10542,[121]
10543,[132]
10544,[78]
10545,[83]
10546,[95]
10547,[77]
10548,[71]
10549,[85]
10550,[98]
10551,[85]
10552,[98]
10553,[85]
10554,[86]
10555,[76]
10556,[86]
10557,[96]
10558,[71]
10559,[105]
10560,[76]
10561,[137]
10562,[76]
10563,[119]
10564,[86]
10565,[83]
10566,[75]
10567,[78]
10568,[77]
10569,[120]
10570,[74]
10571,[74]
10572,[83]
10573,[81]
10574,[74]
10575,[132]
10576,[98]
10577,[77]
10578,[88]
10579,[74]
10580,[80]
10581,[83]
10582,[86]
10583,[72]
10584,[71]
10585,[77]
10586,[71]
10587,[85]
10588,[119]
10589,[76]
10590,[105]
10591,[105]
10592,[86]
10593,[74]
10594,[118]
10595,[85]
10596,[98]
10597,[83]
10598,[119]
10599,[76]
10600,[105]
10601,[77]
10602,[71]
10603,[85]
10604,[80]
10605,[83]
10606,[109]
10607,[77]
10608,[71]
10609,[88]
10610,[85]
10611,[98]
10612,[74]
10613,[142]
10614,[77]
10615,[86]
10616,[83]
10617,[71]
10618,[76]
10619,[98]
10620,[105]
10621,[77]
10622,[76]
10623,[85]
10624,[107]
10625,[132]
10626,[113]
10627,[72]
10628,[78]
10629,[83]
10630,[71]
10631,[74]
10632,[137]
10633,[83]
10634,[80]
10635,[85]
10636,[76]
10637,[86]
10638,[74]
10639,[88]
10640,[86]
10641,[85]
10642,[98]
10643,[120]
10644,[83]
10645,[98]
10646,[107]
10647,[76]
10648,[71]
10649,[78]
10650,[72]
10651,[83]
10652,[119]
10653,[86]
10654,[77]
10655,[71]
10656,[74]
10657,[76]
10658,[71]
10659,[85]
10660,[96]
10661,[94]
10662,[134]
10663,[78]
10664,[85]
10665,[132]
10666,[74]
10667,[116]
10668,[71]
10669,[85]
10670,[86]
10671,[88]
10672,[74]
10673,[86]
10674,[83]
10675,[98]
10676,[76]
10677,[86]
10678,[74]
10679,[71]
10680,[83]
10681,[101]
10682,[77]
10683,[85]
10684,[86]
10685,[76]
10686,[105]
10687,[128]
10688,[132]
10689,[77]
10690,[132]
10691,[85]
10692,[77]
10693,[119]
10694,[76]
10695,[116]
10696,[142]
10697,[89]
10698,[137]
10699,[74]
10700,[96]
10701,[71]
10702,[122]
10703,[88]
10704,[132]
10705,[74]
10706,[98]
10707,[101]
10708,[119]
10709,[105]
10710,[86]
10711,[137]
10712,[71]
10713,[77]
10714,[98]
10715,[83]
10716,[83]
10717,[98]
10718,[85]
10719,[105]
10720,[94]
10721,[76]
10722,[76]
10723,[77]
10724,[76]
10725,[132]
10726,[132]
10727,[74]
10728,[98]
10729,[88]
10730,[85]
10731,[71]
10732,[85]
10733,[86]
10734,[132]
10735,[98]
10736,[76]
10737,[86]
10738,[74]
10739,[71]
10740,[132]
10741,[80]
10742,[83]
10743,[94]
10744,[77]
10745,[119]
10746,[74]
10747,[71]
10748,[77]
10749,[119]
10750,[83]
10751,[76]
10752,[93]
10753,[71]
10754,[77]
10755,[98]
10756,[74]
10757,[95]
10758,[107]
10759,[76]
10760,[86]
10761,[74]
10762,[75]
10763,[83]
10764,[71]
10765,[76]
10766,[137]
10767,[105]
10768,[71]
10769,[76]
10770,[77]
10771,[98]
10772,[85]
10773,[134]
10774,[83]
10775,[85]
10776,[98]
10777,[80]
10778,[77]
10779,[85]
10780,[71]
10781,[132]
10782,[86]
10783,[105]
10784,[77]
10785,[88]
10786,[98]
10787,[74]
10788,[98]
10789,[85]
10790,[86]
10791,[71]
10792,[128]
10793,[86]
10794,[98]
10795,[76]
10796,[105]
10797,[71]
10798,[77]
10799,[107]
10800,[132]
10801,[86]
10802,[83]
10803,[77]
10804,[92]
10805,[74]
10806,[80]
10807,[134]
10808,[132]
10809,[77]
10810,[132]
10811,[85]
10812,[88]
10813,[85]
10814,[74]
10815,[90]
10816,[83]
10817,[99]
10818,[83]
10819,[74]
10820,[76]
10821,[105]
10822,[134]
10823,[77]
10824,[83]
10825,[85]
10826,[76]
10827,[129]
10828,"[144, 151, 162, 174]"
10829,"[144, 151, 162, 174]"
10830,"[144, 162, 174, 185]"
10831,"[144, 151, 162, 174]"
10832,"[144, 154, 162, 174]"
10833,"[144, 151, 175]"
10834,"[144, 151, 175]"
10835,"[146, 155, 175]"
10836,"[151, 155, 175]"
10837,"[144, 147, 175]"
10838,"[144, 148, 175]"
10839,"[144, 151, 175]"
10840,"[146, 155, 175]"
10841,"[148, 155, 175]"
10842,"[151, 155, 175]"
10843,"[151, 168, 175]"
10844,"[147, 168, 175]"
10845,"[151, 168, 175]"
10846,"[151, 168, 175]"
10847,[165]
10848,[165]
10849,[165]
10850,[165]
10851,"[151, 153, 156, 161, 176]"
10852,"[148, 153, 156, 161, 176]"
10853,"[153, 156, 161, 176, 185]"
10854,"[151, 153, 156, 161, 176]"
10855,"[153, 156, 161, 176, 185]"
10856,"[149, 153, 156, 173, 176]"
10857,"[153, 156, 173, 176, 185]"
10858,"[151, 153, 156, 173, 176]"
10859,"[148, 153, 156, 173, 176]"
10860,"[153, 156, 173, 176, 185]"
10861,"[56, 60, 179]"
10862,"[52, 60, 179]"
10863,"[54, 60, 179]"
10864,"[53, 63, 182]"
10865,"[52, 63, 182]"
10866,"[52, 63, 182]"
10867,"[53, 66, 181]"
10868,"[52, 66, 181]"
10869,"[54, 66, 181]"
10870,"[56, 59, 180]"
10871,"[52, 59, 180]"
10872,"[57, 59, 180]"
10873,"[56, 60, 179]"
10874,"[52, 60, 179]"
10875,"[54, 60, 179]"
10876,"[56, 64, 182]"
10877,"[52, 64, 182]"
10878,"[52, 64, 182]"
10879,"[56, 181, 187]"
10880,"[57, 181, 187]"
10881,"[55, 181, 187]"
10882,"[53, 66, 180]"
10883,"[52, 66, 180]"
10884,"[54, 66, 180]"
10885,"[56, 67, 182]"
10886,"[58, 67, 182]"
10887,"[54, 67, 182]"
10888,"[56, 179, 187]"
10889,"[52, 179, 187]"
10890,"[58, 179, 187]"
10891,[76]
10892,[141]
10893,[88]
10894,[133]
10895,[119]
10896,[77]
10897,[141]
10898,[80]
10899,[76]
10900,[186]
10901,[86]
10902,[141]
10903,[76]
10904,[133]
10905,[112]
10906,[141]
10907,"[144, 147, 175]"
10908,"[144, 148, 175]"
10909,"[146, 153, 175]"
10910,"[153, 154, 175]"
10911,"[148, 168, 175]"
10912,"[147, 168, 175]"
10913,"[165, 166, 175]"
10914,"[148, 165, 175]"
10915,"[146, 153, 175]"
10916,"[151, 153, 175]"
10917,"[148, 153, 175]"
10918,"[153, 167, 175]"
10919,"[147, 165, 175]"
10920,"[146, 165, 175]"
10921,"[147, 165, 175]"
10922,"[151, 165, 175]"
10923,"[151, 155, 175]"
10924,"[147, 155, 175]"
10925,"[148, 155, 175]"
10926,"[146, 150, 175]"
10927,"[148, 150, 175]"
10928,"[150, 151, 175]"
10929,"[148, 155, 175]"
10930,"[149, 155, 175]"
10931,"[147, 155, 175]"
10932,"[155, 167, 175]"
10933,"[2, 22, 179]"
10934,"[7, 18, 181]"
10935,"[2, 4, 180]"
10936,"[2, 22, 182]"
10937,"[2, 5, 179]"
10938,"[6, 7, 181]"
10939,"[31, 32, 180, 182]"
10940,"[24, 43, 179, 180]"
10941,"[34, 35, 180, 181]"
10942,"[38, 39, 179, 181]"
10943,"[36, 37, 181, 182]"
10944,"[44, 45, 180, 182]"
10945,"[28, 29, 179, 180]"
10946,"[24, 50, 180, 181]"
10947,"[24, 26, 179, 180]"
10948,"[31, 32, 180, 181]"
10949,"[44, 45, 179, 182]"
10950,"[36, 37, 180, 181]"
10951,"[34, 35, 180, 182]"
10952,"[153, 154, 156, 173, 176]"
10953,"[153, 156, 173, 176, 185]"
10954,"[148, 153, 156, 173, 176]"
10955,"[153, 156, 173, 176, 185]"
10956,"[151, 153, 156, 173, 176]"
10957,"[148, 156, 160, 168, 176]"
10958,"[148, 156, 160, 168, 176]"
10959,"[146, 156, 160, 168, 176]"
10960,"[156, 160, 168, 176, 185]"
10961,"[156, 160, 168, 176, 185]"
10962,"[144, 146, 162, 163, 176]"
10963,"[144, 162, 163, 176, 185]"
10964,"[144, 162, 163, 176, 185]"
10965,"[144, 147, 162, 163, 176]"
10966,"[144, 149, 162, 163, 176]"
10967,[71]
10968,[74]
10969,[86]
10970,[122]
10971,[137]
10972,[88]
10973,[72]
10974,[86]
10975,[98]
10976,[101]
10977,[77]
10978,[89]
10979,[132]
10980,[137]
10981,[83]
10982,[77]
10983,[92]
10984,[85]
10985,[76]
10986,[134]
10987,[85]
10988,[120]
10989,[128]
10990,[105]
10991,[85]
10992,[76]
10993,[74]
10994,[71]
10995,[83]
10996,[83]
10997,"[53, 179, 180]"
10998,"[52, 179, 180]"
10999,"[54, 179, 180]"
11000,"[52, 181, 182]"
11001,"[52, 181, 182]"
11002,"[54, 181, 182]"
11003,"[52, 179, 181, 182]"
11004,"[52, 179, 181, 182]"
11005,"[52, 179, 181, 182]"
11006,"[53, 179, 182]"
11007,"[52, 179, 182]"
11008,"[54, 179, 182]"
11009,"[56, 181, 182]"
11010,"[57, 181, 182]"
11011,"[52, 181, 182]"
11012,"[56, 180, 181]"
11013,"[52, 180, 181]"
11014,"[55, 180, 181]"
11015,"[53, 179, 180]"
11016,"[52, 179, 180]"
11017,"[54, 179, 180]"
11018,"[56, 179, 182]"
11019,"[57, 179, 182]"
11020,"[54, 179, 182]"
11021,"[53, 180, 181]"
11022,"[52, 180, 181]"
11023,"[55, 180, 181]"
11024,"[52, 179, 180]"
11025,"[52, 179, 180]"
11026,"[52, 179, 180]"
11027,"[52, 181, 182]"
11028,"[58, 181, 182]"
11029,"[54, 181, 182]"
11030,"[52, 179, 180]"
11031,"[58, 179, 180]"
11032,"[52, 179, 180]"
11033,"[52, 179, 182]"
11034,"[58, 179, 182]"
11035,"[52, 179, 182]"
11036,"[24, 43, 181, 182]"
11037,"[28, 29, 179, 181]"
11038,"[38, 39, 179, 182]"
11039,"[24, 25, 180, 181]"
11040,"[24, 50, 179, 182]"
11041,"[31, 32, 180, 181]"
11042,"[24, 33, 179, 180]"
11043,"[36, 37, 179, 182]"
11044,"[36, 37, 179, 181]"
11045,"[31, 32, 181, 182]"
11046,"[24, 33, 180, 181]"
11047,"[31, 32, 179, 180]"
11048,"[38, 39, 180, 181]"
11049,"[24, 26, 179, 180]"
11050,"[34, 35, 180, 181]"
11051,"[24, 40, 179, 182]"
11052,"[24, 48, 179, 181]"
11053,"[24, 26, 179, 182]"
11054,"[28, 29, 179, 180]"
11055,"[24, 25, 179, 182]"
11056,"[34, 42, 179, 180]"
11057,"[38, 39, 180, 181]"
11058,"[24, 50, 181, 182]"
11059,"[36, 37, 180, 181]"
11060,"[34, 35, 179, 181]"
11061,"[56, 64, 180]"
11062,"[52, 64, 180]"
11063,"[52, 64, 180]"
11064,"[52, 60, 179]"
11065,"[56, 59, 182]"
11066,"[57, 59, 182]"
11067,"[52, 59, 182]"
11068,"[53, 63, 181]"
11069,"[52, 63, 181]"
11070,"[52, 63, 181]"
11071,"[56, 68, 182]"
11072,"[52, 68, 182]"
11073,"[52, 68, 182]"
11074,"[56, 60, 179]"
11075,"[54, 60, 179]"
11076,"[57, 60, 179]"
11077,"[53, 59, 182]"
11078,"[53, 66, 181]"
11079,"[52, 66, 181]"
11080,"[52, 66, 181]"
11081,"[52, 180, 187]"
11082,"[58, 180, 187]"
11083,"[55, 180, 187]"
11084,"[56, 65, 179]"
11085,"[58, 65, 179]"
11086,"[52, 65, 179]"
11087,"[56, 179, 180]"
11088,"[52, 181, 182]"
11089,"[52, 181, 182]"
11090,"[57, 181, 182]"
11091,"[53, 179, 181, 182]"
11092,"[52, 179, 181, 182]"
11093,"[54, 179, 181, 182]"
11094,"[56, 180, 181]"
11095,"[54, 180, 181]"
11096,"[54, 180, 181]"
11097,"[56, 181, 182]"
11098,"[52, 181, 182]"
11099,"[52, 181, 182]"
11100,"[56, 179, 180]"
11101,"[52, 179, 180]"
11102,"[55, 179, 180]"
11103,"[56, 179, 180, 182]"
11104,"[52, 179, 180, 182]"
11105,"[52, 179, 180, 182]"
11106,"[53, 179, 180]"
11107,"[52, 179, 180]"
11108,"[54, 179, 180]"
11109,"[56, 181, 182]"
11110,"[52, 181, 182]"
11111,"[55, 181, 182]"
11112,"[53, 179, 180]"
11113,"[57, 179, 180]"
11114,"[54, 179, 180]"
11115,"[56, 181, 182]"
11116,"[58, 181, 182]"
11117,"[54, 181, 182]"
11118,"[53, 179, 182]"
11119,"[52, 179, 182]"
11120,"[58, 179, 182]"
11121,"[56, 181, 182]"
11122,"[52, 181, 182]"
11123,"[58, 181, 182]"
11124,"[2, 5, 179]"
11125,"[2, 16, 181]"
11126,"[7, 10, 180]"
11127,"[2, 19, 182]"
11128,"[2, 5, 181]"
11129,"[7, 18, 179]"
11130,"[144, 145, 148, 174]"
11131,"[144, 145, 151, 174]"
11132,"[144, 145, 151, 174]"
11133,"[144, 145, 174, 185]"
11134,"[144, 145, 174, 185]"
11135,"[151, 162, 168, 174]"
11136,"[148, 162, 168, 174]"
11137,"[162, 168, 174, 185]"
11138,"[162, 168, 174, 185]"
11139,"[148, 162, 168, 174]"
11140,"[31, 32, 181, 182]"
11141,"[44, 45, 181, 182]"
11142,"[44, 45, 181, 182]"
11143,"[44, 49, 181, 182]"
11144,"[44, 45, 181, 182]"
11145,"[44, 45, 181, 182]"
11146,"[44, 45, 181, 182]"
11147,"[44, 45, 181, 182]"
11148,"[34, 42, 181, 182]"
11149,"[34, 42, 181, 182]"
11150,"[24, 48, 179, 180]"
11151,"[46, 47, 179, 180]"
11152,"[31, 32, 179, 180]"
11153,"[46, 47, 179, 180]"
11154,"[31, 32, 179, 180]"
11155,"[46, 47, 179, 180]"
11156,"[46, 47, 179, 180]"
11157,"[46, 47, 179, 180]"
11158,"[46, 47, 179, 180]"
11159,"[24, 48, 179, 180]"
11160,"[24, 41, 179, 180]"
11161,"[24, 40, 179, 180]"
11162,"[24, 40, 179, 180]"
11163,"[24, 41, 179, 180]"
11164,"[24, 50, 179, 180]"
11165,"[24, 40, 179, 180]"
11166,"[24, 41, 179, 180]"
11167,"[24, 40, 179, 180]"
11168,"[24, 40, 179, 180]"
11169,"[24, 41, 179, 180]"
11170,"[24, 25, 180, 181]"
11171,"[31, 32, 180, 181]"
11172,"[28, 29, 180, 181]"
11173,"[31, 32, 180, 181]"
11174,"[36, 37, 180, 181]"
11175,"[34, 35, 180, 181]"
11176,"[24, 43, 180, 181]"
11177,"[44, 45, 180, 181]"
11178,"[38, 39, 180, 181]"
11179,"[24, 26, 180, 181]"
11180,"[28, 29, 181, 182]"
11181,"[36, 37, 181, 182]"
11182,"[38, 39, 181, 182]"
11183,"[28, 29, 181, 182]"
11184,"[36, 37, 181, 182]"
11185,"[36, 37, 181, 182]"
11186,"[28, 29, 181, 182]"
11187,"[28, 29, 181, 182]"
11188,"[28, 29, 181, 182]"
11189,"[36, 37, 181, 182]"
11190,"[34, 35, 180, 181]"
11191,"[38, 39, 180, 181]"
11192,"[24, 50, 180, 181]"
11193,"[36, 37, 180, 181]"
11194,"[34, 42, 180, 181]"
11195,"[24, 33, 180, 181]"
11196,"[24, 40, 180, 181]"
11197,"[24, 26, 180, 181]"
11198,"[24, 25, 180, 181]"
11199,"[24, 48, 180, 181]"
11200,"[24, 33, 179, 180]"
11201,"[24, 33, 179, 180]"
11202,"[24, 33, 179, 180]"
11203,"[24, 33, 179, 180]"
11204,"[24, 33, 179, 180]"
11205,"[24, 33, 179, 180]"
11206,"[24, 33, 179, 180]"
11207,"[24, 33, 179, 180]"
11208,"[24, 33, 179, 180]"
11209,"[24, 33, 179, 180]"
11210,"[34, 35, 179, 182]"
11211,"[44, 45, 179, 182]"
11212,"[38, 39, 179, 182]"
11213,"[28, 29, 179, 182]"
11214,"[24, 40, 179, 182]"
11215,"[34, 42, 179, 182]"
11216,"[28, 29, 179, 182]"
11217,"[36, 37, 179, 182]"
11218,"[24, 25, 179, 182]"
11219,"[38, 39, 179, 182]"
11220,"[24, 43, 180, 181]"
11221,"[31, 32, 180, 181]"
11222,"[38, 39, 180, 181]"
11223,"[24, 33, 180, 181]"
11224,"[34, 35, 180, 181]"
11225,"[24, 40, 180, 181]"
11226,"[24, 48, 180, 181]"
11227,"[24, 26, 180, 181]"
11228,"[28, 29, 180, 181]"
11229,"[24, 25, 180, 181]"
11230,"[46, 47, 179, 180]"
11231,"[31, 32, 179, 180]"
11232,"[28, 29, 179, 180]"
11233,"[28, 29, 179, 180]"
11234,"[28, 29, 179, 180]"
11235,"[36, 37, 179, 180]"
11236,"[38, 39, 179, 180]"
11237,"[38, 39, 179, 180]"
11238,"[28, 29, 179, 180]"
11239,"[28, 29, 179, 180]"
11240,"[24, 48, 179, 182]"
11241,"[36, 37, 179, 182]"
11242,"[44, 45, 179, 182]"
11243,"[24, 43, 179, 182]"
11244,"[24, 41, 179, 182]"
11245,"[44, 45, 179, 182]"
11246,"[24, 25, 179, 182]"
11247,"[34, 42, 179, 182]"
11248,"[24, 33, 179, 182]"
11249,"[31, 32, 179, 182]"
11250,"[31, 32, 180, 181]"
11251,"[38, 39, 180, 181]"
11252,"[44, 45, 180, 181]"
11253,"[34, 35, 180, 181]"
11254,"[28, 29, 180, 181]"
11255,"[24, 25, 180, 181]"
11256,"[38, 39, 180, 181]"
11257,"[24, 41, 180, 181]"
11258,"[24, 43, 180, 181]"
11259,"[28, 29, 180, 181]"
11260,"[24, 40, 179, 180]"
11261,"[24, 41, 179, 180]"
11262,"[24, 41, 179, 180]"
11263,"[24, 50, 179, 180]"
11264,"[24, 43, 179, 180]"
11265,"[24, 48, 179, 180]"
11266,"[24, 48, 179, 180]"
11267,"[24, 48, 179, 180]"
11268,"[24, 48, 179, 180]"
11269,"[24, 48, 179, 180]"
11270,"[31, 32, 181, 182]"
11271,"[31, 32, 181, 182]"
11272,"[31, 32, 181, 182]"
11273,"[31, 32, 181, 182]"
11274,"[34, 42, 181, 182]"
11275,"[31, 32, 181, 182]"
11276,"[31, 32, 181, 182]"
11277,"[31, 32, 181, 182]"
11278,"[31, 32, 181, 182]"
11279,"[31, 32, 181, 182]"
11280,"[24, 33, 180, 181]"
11281,"[24, 33, 180, 181]"
11282,"[24, 33, 180, 181]"
11283,"[24, 33, 180, 181]"
11284,"[24, 26, 180, 181]"
11285,"[24, 26, 180, 181]"
11286,"[24, 26, 180, 181]"
11287,"[24, 33, 180, 181]"
11288,"[36, 37, 180, 181]"
11289,"[24, 33, 180, 181]"
11290,"[28, 29, 181, 182]"
11291,"[36, 37, 181, 182]"
11292,"[36, 37, 181, 182]"
11293,"[36, 37, 181, 182]"
11294,"[31, 49, 181, 182]"
11295,"[31, 32, 181, 182]"
11296,"[31, 32, 181, 182]"
11297,"[31, 32, 181, 182]"
11298,"[31, 32, 181, 182]"
11299,"[31, 49, 181, 182]"
11300,"[34, 35, 179, 182]"
11301,"[44, 45, 179, 182]"
11302,"[34, 35, 179, 182]"
11303,"[36, 37, 179, 182]"
11304,"[24, 40, 179, 182]"
11305,"[24, 33, 179, 182]"
11306,"[24, 26, 179, 182]"
11307,"[44, 45, 179, 182]"
11308,"[36, 37, 179, 182]"
11309,"[24, 48, 179, 182]"
11310,"[24, 40, 179, 182]"
11311,"[24, 41, 179, 182]"
11312,"[24, 43, 179, 182]"
11313,"[24, 33, 179, 182]"
11314,"[34, 42, 179, 182]"
11315,"[24, 33, 179, 182]"
11316,"[44, 45, 179, 182]"
11317,"[24, 43, 179, 182]"
11318,"[28, 29, 179, 182]"
11319,"[44, 45, 179, 182]"
11320,"[44, 45, 181, 182]"
11321,"[44, 45, 181, 182]"
11322,"[27, 44, 45, 181, 182]"
11323,"[44, 45, 181, 182]"
11324,"[44, 45, 181, 182]"
11325,"[44, 45, 181, 182]"
11326,"[44, 45, 181, 182]"
11327,"[44, 45, 181, 182]"
11328,"[38, 39, 181, 182]"
11329,"[38, 39, 181, 182]"
11330,"[24, 40, 179, 180]"
11331,"[24, 50, 179, 180]"
11332,"[24, 27, 40, 179, 180]"
11333,"[24, 41, 179, 180]"
11334,"[24, 40, 179, 180]"
11335,"[24, 50, 179, 180]"
11336,"[24, 40, 179, 180]"
11337,"[24, 40, 179, 180]"
11338,"[24, 50, 179, 180]"
11339,"[24, 41, 179, 180]"
11340,"[24, 41, 181, 182]"
11341,"[24, 50, 181, 182]"
11342,"[24, 48, 181, 182]"
11343,"[24, 48, 181, 182]"
11344,"[24, 48, 181, 182]"
11345,"[44, 45, 181, 182]"
11346,"[44, 45, 181, 182]"
11347,"[44, 45, 181, 182]"
11348,"[44, 45, 181, 182]"
11349,"[44, 45, 181, 182]"
11350,"[24, 43, 180, 181]"
11351,"[31, 32, 180, 181]"
11352,"[38, 39, 180, 181]"
11353,"[24, 25, 180, 181]"
11354,"[24, 50, 180, 181]"
11355,"[31, 32, 180, 181]"
11356,"[24, 33, 180, 181]"
11357,"[36, 37, 180, 181]"
11358,"[44, 45, 180, 181]"
11359,"[31, 32, 180, 181]"
11360,"[38, 39, 179, 182]"
11361,"[24, 43, 181, 182]"
11362,"[31, 32, 179, 182]"
11363,"[24, 43, 179, 182]"
11364,"[27, 28, 29, 179, 182]"
11365,"[24, 50, 179, 182]"
11366,"[34, 35, 179, 182]"
11367,"[24, 33, 179, 182]"
11368,"[28, 29, 179, 182]"
11369,"[28, 29, 179, 182]"
11370,"[28, 29, 179, 182]"
11371,"[24, 26, 179, 182]"
11372,"[24, 25, 179, 182]"
11373,"[24, 43, 179, 182]"
11374,"[24, 33, 179, 182]"
11375,"[24, 26, 179, 182]"
11376,"[36, 37, 179, 182]"
11377,"[34, 35, 179, 182]"
11378,"[24, 48, 179, 182]"
11379,"[24, 50, 179, 182]"
11380,"[24, 26, 179, 180]"
11381,"[24, 26, 179, 180]"
11382,"[24, 26, 179, 180]"
11383,"[24, 26, 179, 180]"
11384,"[24, 26, 179, 180]"
11385,"[24, 26, 179, 180]"
11386,"[24, 26, 179, 180]"
11387,"[24, 26, 179, 180]"
11388,"[24, 26, 179, 180]"
11389,"[24, 26, 179, 180]"
11390,"[24, 43, 179, 180]"
11391,"[24, 43, 179, 180]"
11392,"[24, 40, 179, 180]"
11393,"[24, 40, 179, 180]"
11394,"[24, 40, 179, 180]"
11395,"[24, 40, 179, 180]"
11396,"[24, 40, 179, 180]"
11397,"[24, 50, 179, 180]"
11398,"[24, 41, 179, 180]"
11399,"[24, 41, 179, 180]"
11400,"[24, 26, 179, 180]"
11401,"[24, 25, 179, 180]"
11402,"[24, 25, 179, 180]"
11403,"[24, 25, 179, 180]"
11404,"[24, 25, 179, 180]"
11405,"[24, 25, 179, 180]"
11406,"[24, 25, 179, 180]"
11407,"[24, 25, 179, 180]"
11408,"[24, 25, 179, 180]"
11409,"[24, 33, 179, 180]"
11410,"[34, 35, 179, 182]"
11411,"[44, 45, 179, 182]"
11412,"[38, 39, 179, 182]"
11413,"[31, 32, 179, 182]"
11414,"[24, 40, 179, 182]"
11415,"[38, 39, 179, 182]"
11416,"[31, 32, 179, 182]"
11417,"[24, 26, 179, 182]"
11418,"[31, 32, 179, 182]"
11419,"[24, 50, 179, 182]"
11420,"[34, 42, 181, 182]"
11421,"[34, 35, 181, 182]"
11422,"[34, 35, 181, 182]"
11423,"[24, 26, 181, 182]"
11424,"[24, 25, 181, 182]"
11425,"[24, 25, 181, 182]"
11426,"[24, 25, 181, 182]"
11427,"[24, 25, 181, 182]"
11428,"[24, 25, 181, 182]"
11429,"[24, 25, 181, 182]"
11430,"[36, 37, 181, 182]"
11431,"[36, 37, 181, 182]"
11432,"[36, 37, 181, 182]"
11433,"[36, 37, 181, 182]"
11434,"[36, 37, 181, 182]"
11435,"[36, 37, 181, 182]"
11436,"[36, 37, 181, 182]"
11437,"[36, 37, 181, 182]"
11438,"[36, 37, 181, 182]"
11439,"[31, 32, 181, 182]"
11440,"[24, 40, 180, 181]"
11441,"[24, 25, 180, 181]"
11442,"[24, 43, 180, 181]"
11443,"[24, 43, 180, 181]"
11444,"[34, 35, 180, 181]"
11445,"[27, 36, 37, 180, 181]"
11446,"[24, 33, 180, 181]"
11447,"[36, 37, 180, 181]"
11448,"[34, 35, 180, 181]"
11449,"[24, 26, 180, 181]"
11450,"[24, 40, 179, 182]"
11451,"[24, 50, 179, 182]"
11452,"[31, 32, 179, 182]"
11453,"[34, 42, 179, 182]"
11454,"[24, 25, 179, 182]"
11455,"[36, 37, 179, 182]"
11456,"[44, 45, 179, 182]"
11457,"[38, 39, 179, 182]"
11458,"[28, 29, 179, 182]"
11459,"[24, 26, 179, 182]"
11460,"[24, 33, 179, 180]"
11461,"[24, 43, 179, 180]"
11462,"[24, 43, 179, 180]"
11463,"[24, 43, 179, 180]"
11464,"[24, 43, 179, 180]"
11465,"[24, 43, 179, 180]"
11466,"[24, 43, 179, 180]"
11467,"[24, 43, 179, 180]"
11468,"[24, 43, 179, 182]"
11469,"[24, 43, 179, 180]"
11470,"[28, 29, 179, 182]"
11471,"[24, 26, 179, 182]"
11472,"[28, 29, 179, 182]"
11473,"[31, 32, 179, 182]"
11474,"[46, 47, 179, 182]"
11475,"[24, 41, 179, 182]"
11476,"[24, 26, 179, 182]"
11477,"[24, 25, 179, 182]"
11478,"[28, 29, 179, 182]"
11479,"[34, 35, 179, 182]"
11480,"[24, 33, 179, 182]"
11481,"[38, 39, 179, 182]"
11482,"[36, 37, 179, 182]"
11483,"[24, 26, 179, 182]"
11484,"[24, 40, 179, 182]"
11485,"[38, 39, 179, 182]"
11486,"[34, 35, 179, 182]"
11487,"[24, 25, 179, 182]"
11488,"[46, 47, 179, 182]"
11489,"[31, 32, 179, 182]"
11490,"[24, 43, 180, 181]"
11491,"[24, 25, 180, 181]"
11492,"[24, 43, 180, 181]"
11493,"[24, 25, 180, 181]"
11494,"[24, 43, 180, 181]"
11495,"[24, 25, 180, 181]"
11496,"[24, 25, 180, 181]"
11497,"[24, 43, 180, 181]"
11498,"[24, 43, 180, 181]"
11499,"[24, 43, 180, 181]"
11500,"[31, 42, 181, 182]"
11501,"[34, 35, 181, 182]"
11502,"[34, 42, 181, 182]"
11503,"[34, 35, 181, 182]"
11504,"[34, 35, 181, 182]"
11505,"[34, 35, 181, 182]"
11506,"[34, 35, 181, 182]"
11507,"[34, 42, 181, 182]"
11508,"[34, 35, 181, 182]"
11509,"[34, 42, 181, 182]"
11510,"[34, 42, 180, 181]"
11511,"[34, 42, 180, 181]"
11512,"[34, 35, 180, 181]"
11513,"[34, 35, 180, 181]"
11514,"[34, 35, 180, 181]"
11515,"[34, 35, 180, 181]"
11516,"[34, 42, 180, 181]"
11517,"[34, 35, 180, 181]"
11518,"[34, 35, 180, 181]"
11519,"[34, 35, 180, 181]"
11520,"[31, 32, 181, 182]"
11521,"[31, 32, 181, 182]"
11522,"[31, 32, 181, 182]"
11523,"[31, 32, 181, 182]"
11524,"[31, 32, 181, 182]"
11525,"[31, 32, 181, 182]"
11526,"[31, 32, 181, 182]"
11527,"[31, 32, 181, 182]"
11528,"[31, 32, 181, 182]"
11529,"[28, 29, 181, 182]"
11530,"[38, 39, 180, 181]"
11531,"[34, 42, 180, 181]"
11532,"[24, 41, 180, 181]"
11533,"[31, 42, 180, 181]"
11534,"[24, 26, 180, 181]"
11535,"[24, 26, 180, 181]"
11536,"[24, 33, 180, 181]"
11537,"[24, 26, 180, 181]"
11538,"[24, 26, 180, 181]"
11539,"[24, 26, 27, 180, 181]"
